SKU,DataCadastroSistema,Categoria,DescricaoProduto,MarcaAparelho,Origem,PrecoVenda
241,2011-02-18,Manutenção Sim Tray,Simtray 3G/s Branco,Android,Estrangeira - Importação direta,50
242,2011-02-18,Manutenção Sim Tray,Simtray 3G/s Preto,Android,Estrangeira - Importação direta,50
253,2011-02-18,Manutenção Carcaça/Vidro Traseiro,Carcaça iPhone 3G 8GB - Preto,Apple,Estrangeira - Importação direta,100
255,2011-02-18,Manutenção LCD/ Touch,LCD 3G,Android,Estrangeira - Importação direta,100
256,2011-02-18,Manutenção Carcaça/Vidro Traseiro,Carcaça iPhone 3Gs 32GB - Preto,Apple,Estrangeira - Importação direta,100
257,2011-02-18,Manutenção LCD/ Touch,LCD 3GS,Android,Estrangeira - Importação direta,100
258,2011-02-18,Manutenção Carcaça/Vidro Traseiro,Carcaça iPhone 3Gs 16GB - Preto,Apple,Estrangeira - Importação direta,100
259,2011-02-18,Manutenção Carcaça/Vidro Traseiro,Carcaça iPhone 3G 16GB - Preto,Apple,Estrangeira - Importação direta,100
261,2011-02-18,Manutenção LCD/ Touch,Vidro c/ Touchscreen 3GS,Android,Estrangeira - Importação direta,100
262,2011-02-18,Manutenção Sim Tray,Ejetor do Simtray - 3G/3GS,Android,Estrangeira - Importação direta,100
267,2011-02-18,Manutenção Botão,Botão Vibra Branco - 3G/3GS,Android,Estrangeira - Importação direta,100
268,2011-02-18,Manutenção Botão,Botão Vibra Preto -3G/3GS,Android,Estrangeira - Importação direta,100
273,2011-02-18,Manutenção Conector,Kit Conector / Speaker - 3GS,Android,Estrangeira - Importação direta,100
281,2011-02-18,Manutenção Vibra / Volume / Power,"Cabo flex (power, vibra e volume) 3G/s",Android,Estrangeira - Importação direta,100
284,2011-02-18,Manutenção Speaker,Tela de Proteção Speaker e Microfone,Android,Estrangeira - Importação direta,50
289,2011-02-18,Manutenção Conector,Conector Speaker iPhone 3G,Apple,Estrangeira - Importação direta,70
294,2011-02-18,Manutenção Botão,Tecla do home 3G/3GS,Android,Estrangeira - Importação direta,50
298,2011-02-18,Manutenção Flex do Home,Flex do home 3G/3GS,Android,Estrangeira - Importação direta,100
301,2011-02-18,Manutenção Conector,Conector de Carga iPhone 4 - Branco,Apple,Estrangeira - Importação direta,400
311,2011-02-18,Manutenção LCD/ Touch,Vidro Touchscreen iPhone 3G,Apple,Estrangeira - Importação direta,100
313,2011-02-18,Manutenção Flex do Fone,Flex Volume/P2 - iPhone 4,Apple,Estrangeira - Importação direta,80
322,2011-02-18,Manutenção Flex do Home,Flex Home - iPhone 4,Apple,Estrangeira - Importação direta,50
323,2011-02-18,Manutenção Sim Tray,Simtray iPhone 4,Apple,Estrangeira - Importação direta,50
324,2011-02-18,Manutenção Flex do Sensor,Sensor de Proximidade - 3G/3GS,Android,Estrangeira - Importação direta,100
328,2011-02-18,Manutenção Speaker,Speaker - iPhone 4,Apple,Estrangeira - Importação direta,80
338,2011-02-18,Manutenção LCD/ Touch,Vidro c/ Touchscreen e LCD iPhone 4 - Preto,Apple,Estrangeira - Importação direta,150
341,2011-02-18,Manutenção Bateria,Bateria de iPhone 4,Apple,Estrangeira - Importação direta,50
349,2011-02-18,Manutenção Vibra / Volume / Power,Motor do Vibra iPhone 3G/s,Apple,Estrangeira - Importação direta,0
397,2011-02-18,Manutenção Vibra / Volume / Power,Flex Power e Sensor de Proximidade - iPhone 4,Apple,Estrangeira - Importação direta,80
398,2011-02-18,Manutenção Carcaça/Vidro Traseiro,Tampa Traseiro iPhone 4 - Preto,Apple,Estrangeira - Importação direta,50
410,2011-02-18,Manutenção Câmera,Câmera iPhone 3G,Apple,Estrangeira - Importação direta,50
411,2011-02-18,Manutenção Câmera,Câmera - 3GS,Android,Estrangeira - Importação direta,50
421,2011-02-18,Manutenção Alto Falante,Alto-Falante iPhone 4,Apple,Estrangeira - Importação direta,50
522,2011-02-18,Manutenção LCD/ Touch,LCD iPad 1,Apple,Estrangeira - Importação direta,0
594,2011-02-28,Manutenção LCD/ Touch,Vidro c/ Touchscreen Preto - iPad 1,Apple,Estrangeira - Importação direta,0
595,2011-03-21,Manutenção Botão,Tecla do Power - 3G/3GS,Android,Estrangeira - Importação direta,100
601,2011-03-27,Manutenção Carcaça/Vidro Traseiro,Carcaça iPad 1 3G Wi-fi,Apple,Estrangeira - Importação direta,250
603,2011-03-28,Manutenção Câmera,Câmera Traseira - iPhone 4,Apple,Estrangeira - Importação direta,50
604,2011-03-28,Manutenção Aro,Aro de iPhone 4,Apple,Estrangeira - Importação direta,500
605,2011-03-28,Manutenção Botão,Botão Power iPhone 4,Apple,Estrangeira - Importação direta,0
607,2011-03-28,Manutenção Botão,Vibra iPhone 4,Apple,Estrangeira - Importação direta,0
610,2011-03-28,Manutenção Botão,Tecla Home iPhone 4 - Preto,Apple,Estrangeira - Importação direta,50
625,2011-04-14,Manutenção Câmera,Câmera Frontal - iPhone 4,Apple,Estrangeira - Importação direta,50
626,2011-04-14,Manutenção Vibra / Volume / Power,Motor do Vibra - iPhone 4,Apple,Estrangeira - Importação direta,80
673,2011-06-03,Manutenção LCD/ Touch,Vidro c/ Touchscreen iPad 2 - Preto,Apple,Estrangeira - Importação direta,0
674,2011-06-04,Manutenção LCD/ Touch,LCD iPad 2,Apple,Estrangeira - Importação direta,0
681,2011-06-04,Manutenção Botão,Encaixe do Volume para iPhone 3G/S,Apple,Estrangeira - Importação direta,50
709,2011-07-05,Manutenção Flex do Home,Flex Home - iPod 4,Apple,Estrangeira - Importação direta,200
710,2011-07-05,Manutenção Wi-Fi,Módulo Wi-fi iPod 3º/4º Geração,Apple,Estrangeira - Importação direta,0
720,2011-07-11,Manutenção Wi-Fi,Flex antena Wi-FI - iPhone 4,Apple,Estrangeira - Importação direta,0
722,2011-07-11,Manutenção LCD/ Touch,Vidro c/ Touchscreen e LCD iPod 4 - Preto,Apple,Estrangeira - Importação direta,200
725,2011-07-11,Manutenção Alto Falante,Alto-Falante iPhone 3G/S,Apple,Estrangeira - Importação direta,50
727,2011-07-15,Manutenção Conector,Conector de Carga - iPad 2,Apple,Estrangeira - Importação direta,0
728,2011-07-15,Manutenção Bateria,Bateria - iPad 2,Apple,Nacional,0
739,2011-07-16,Manutenção Microfone,Microfone - 3GS,Android,Estrangeira - Importação direta,100
743,2011-07-19,Manutenção Speaker,Speaker iPod - 4ª Geração,Apple,Estrangeira - Importação direta,100
744,2011-07-19,Manutenção Vibra / Volume / Power,Flex Volume e Power iPod 4ªG,Apple,Estrangeira - Importação direta,100
868,2011-08-09,Manutenção LCD/ Touch,Vidro c/ Touchscreen iPad 2 - Branco,Apple,Estrangeira - Importação direta,0
882,2011-08-29,Manutenção Antena de Sinal,Antena do sinal - 3GS,Android,Estrangeira - Importação direta,0
883,2011-08-29,Manutenção Antena de Sinal,Antena do sinal - iPhone 4,Apple,Estrangeira - Importação direta,0
887,2011-08-31,Manutenção Vibra / Volume / Power,Flex P2 (Wi-Fi) - iPad 2,Apple,Estrangeira - Importação direta,150
888,2011-08-31,Manutenção Flex do Fone,Flex P2 (3G) - iPad 2,Apple,Estrangeira - Importação direta,500
889,2011-08-31,Manutenção Vibra / Volume / Power,Flex Power - iPad 2,Apple,Estrangeira - Importação direta,180
890,2011-08-31,Manutenção Antena de Sinal,Antena 3G - iPad 2,Apple,Estrangeira - Importação direta,150
892,2011-09-06,Manutenção Flex do Fone,Conector do Áudio - iPad 1,Apple,Estrangeira - Importação direta,0
893,2011-09-06,Manutenção Bateria,Bateria - iPad 1,Apple,Nacional,0
894,2011-09-06,Manutenção Conector,Conector - iPad 1,Apple,Estrangeira - Importação direta,100
895,2011-09-06,Manutenção Conector,Flex Conector - iPad 1,Apple,Estrangeira - Importação direta,100
896,2011-09-06,Manutenção Flex do Home,Cabo Flex - iPad 1,Apple,Estrangeira - Importação direta,0
897,2011-09-06,Manutenção Carcaça/Vidro Traseiro,Carcaça iPad 2,Apple,Estrangeira - Importação direta,300
906,2011-09-15,Manutenção Carcaça/Vidro Traseiro,Carcaça iPod 4 32GB,Apple,Estrangeira - Importação direta,100
909,2011-09-26,Manutenção Sim Tray,Ejetor do Simtray iphone 4,Apple,Estrangeira - Importação direta,0
913,2011-10-01,Manutenção Botão,Tecla Home iPhone 4 - Branco,Apple,Estrangeira - Importação direta,50
1049,2011-10-15,Manutenção Carcaça/Vidro Traseiro,Tampa Traseiro iPhone 4 - Branco,Apple,Estrangeira - Importação direta,50
1057,2011-10-17,Manutenção Botão,Tecla home iPad 2 - Preto,Apple,Estrangeira - Importação direta,50
1058,2011-10-17,Manutenção Botão,Tecla home iPad 2 - Branco,Apple,Estrangeira - Importação direta,50
1096,2011-11-01,Manutenção Flex do Fone,Conector do Fone - iPod 4ªG,Apple,Estrangeira - Importação direta,100
1097,2011-11-01,Manutenção Botão,Botão volume iPad 2,Apple,Estrangeira - Importação direta,0
1100,2011-11-07,Manutenção Speaker,Speaker para iPad 2,Apple,Estrangeira - Importação direta,0
1109,2011-11-11,Manutenção Wi-Fi,Flex antena Wi-Fi - iPad 2,Apple,Estrangeira - Importação direta,0
1119,2011-11-14,Manutenção LCD/ Touch,Vidro c/ Touchscreen e LCD iPhone 4 - Branco,Apple,Estrangeira - Importação direta,150
1194,2011-11-22,Manutenção Carcaça/Vidro Traseiro,Carcaça iPod 4 64GB,Apple,Estrangeira - Importação direta,100
1260,2011-12-21,Manutenção Câmera,Camera para iPod Touch 4º Geração Frontal,Apple,Estrangeira - Importação direta,50
1261,2011-12-21,Manutenção Câmera,Camera para iPod Touch 4º Geração Traseira,Apple,Estrangeira - Importação direta,150
1276,2011-12-26,Manutenção LCD/ Touch,Vidro c/ Touchscreen e LCD iPhone 4S - Preto,Apple,Estrangeira - Importação direta,150
1277,2011-12-26,Manutenção LCD/ Touch,Vidro c/ Touchscreen e LCD iPhone 4S - Branco,Apple,Estrangeira - Importação direta,150
1299,2012-01-06,Manutenção Carcaça/Vidro Traseiro,Carcaça iPod 4 16GB,Apple,Estrangeira - Importação direta,100
1355,2012-01-24,Manutenção Flex do Home,Flex Home - iPhone 4S,Apple,Estrangeira - Importação direta,300
1356,2012-01-24,Manutenção Alto Falante,Alto-Falante iPhone 4S,Apple,Estrangeira - Importação direta,50
1357,2012-01-24,Manutenção Câmera,Câmera Traseira - iPhone 4S,Apple,Estrangeira - Importação direta,50
1358,2012-01-24,Manutenção Flex do Fone,Flex Volume/P2 - iPhone 4S,Apple,Estrangeira - Importação direta,80
1360,2012-01-24,Manutenção Sim Tray,Simtray iPhone 4S,Apple,Estrangeira - Importação direta,50
1361,2012-01-24,Manutenção Speaker,Speaker - iPhone 4S,Apple,Estrangeira - Importação direta,0
1362,2012-01-24,Manutenção Carcaça/Vidro Traseiro,Tampa Traseiro iPhone 4s - Preto,Apple,Estrangeira - Importação direta,50
1363,2012-01-24,Manutenção Carcaça/Vidro Traseiro,Tampa Traseiro iPhone 4s - Branco,Apple,Estrangeira - Importação direta,50
1364,2012-01-24,Manutenção Vibra / Volume / Power,Motor do Vibra - iPhone 4S,Apple,Estrangeira - Importação direta,500
1367,2012-01-31,Manutenção Câmera,Câmera Traseira - iPad 2,Apple,Estrangeira - Importação direta,150
1368,2012-01-31,Manutenção Wi-Fi,Modulo Wi-Fi de iPad 2,Apple,Estrangeira - Importação direta,180
1394,2012-02-14,Manutenção Microfone,Microfone - iPhone 4S,Apple,Estrangeira - Importação direta,100
1395,2012-02-14,Manutenção Câmera,Camera Frontal - iPhone 4S,Apple,Estrangeira - Importação direta,50
1405,2012-02-23,Manutenção Câmera,Camera Frontal - iPad 2,Apple,Estrangeira - Importação direta,150
1435,2012-03-13,Manutenção Speaker,Speaker - iPhone 4S,Apple,Estrangeira - Importação direta,80
1436,2012-03-13,Manutenção Sim Tray,Gevey iPhone 4s,Apple,Estrangeira - Importação direta,50
1438,2012-03-14,Manutenção Bateria,Bateria de iPhone 4S,Apple,Estrangeira - Importação direta,50
1445,2012-03-21,Manutenção Sim Tray,Simtray iPad 2,Apple,Estrangeira - Importação direta,50
1455,2012-04-02,Manutenção Microfone,Tela de Proteção Speaker e Microfone,Android,Estrangeira - Importação direta,0
1485,2012-05-14,Manutenção Aro,Aro de iPhone 4s,Apple,Estrangeira - Importação direta,200
1494,2012-05-19,Manutenção LCD/ Touch,Vidro Touchscreen LCD iPod 4 - Branco,Apple,Estrangeira - Importação direta,200
1498,2012-05-24,Manutenção LCD/ Touch,Vidro c/ Touchscreen iPad 3/4 - Branco,Apple,Estrangeira - Importação direta,0
1499,2012-05-24,Manutenção LCD/ Touch,Vidro c/ Touchscreen iPad 3/4 - Preto,Apple,Estrangeira - Importação direta,0
1515,2012-06-01,Manutenção Botão,Tecla home ipod 4 - Preto,Android,Estrangeira - Importação direta,50
1516,2012-06-01,Manutenção Botão,Botão Vibra iPhone 4,Apple,Estrangeira - Importação direta,0
1517,2012-06-01,Manutenção Botão,Botão Volume iPhone 4,Apple,Estrangeira - Importação direta,0
1518,2012-06-01,Manutenção Speaker,Tela Anti Poeira iPhone,Apple,Estrangeira - Importação direta,0
1526,2012-06-12,Manutenção Flex do Home,Flex Home - iPad 2,Apple,Estrangeira - Importação direta,180
1644,2012-07-31,Manutenção Vibra / Volume / Power,Flex Power e Sensor de Proximidade - iPhone 4S,Apple,Estrangeira - Importação direta,80
1648,2012-08-06,Manutenção Carcaça/Vidro Traseiro,Carcaça iPod 4 8GB,Apple,Estrangeira - Importação direta,100
1701,2012-08-11,Manutenção Wi-Fi,Antena Wi-Fi - iPhone 4,Apple,Estrangeira - Importação direta,100
1712,2012-08-15,Manutenção Antena de Sinal,Antena de Sinal de iPad 3,Apple,Estrangeira - Importação direta,200
1713,2012-08-16,Manutenção Tag de Bateria,Conector de Bateria iPhone 4,Apple,Estrangeira - Importação direta,100
1714,2012-08-22,Manutenção Conector,Conector de Carga iPhone 4S - Preto,Apple,Estrangeira - Importação direta,100
1729,2012-08-28,Manutenção Sim Tray,Simtray iPad 1,Apple,Estrangeira - Importação direta,50
1941,2012-10-04,Manutenção LCD/ Touch,LCD iPad 3/4,Apple,Estrangeira - Importação direta,0
2049,2012-10-27,Manutenção Flex do Sensor,Flex Sensor de Proximidade Samsung Galaxy Nexus,Android,Estrangeira - Importação direta,0
2052,2012-10-27,Manutenção Botão,Botão do Volume Galaxy S3 Azul,Android,Estrangeira - Importação direta,0
2053,2012-10-27,Manutenção Conector,Flex Conector Samsung Galaxy S2,Android,Estrangeira - Importação direta,0
2054,2012-10-27,Manutenção Câmera,Câmera Samsung Galaxy S3,Android,Estrangeira - Importação direta,0
2055,2012-10-27,Manutenção Flex do Sensor,Flex Sensor Samsung Galaxy S3,Android,Estrangeira - Importação direta,0
2056,2012-10-27,Manutenção Botão,Botão do Volume Galaxy S3 Cinza,Android,Estrangeira - Importação direta,0
2058,2012-10-27,Manutenção Vibra / Volume / Power,Flex do Volume Samsung Galaxy S3,Android,Estrangeira - Importação direta,0
2059,2012-10-27,Manutenção Câmera,Câmera Frontal Samsung Galaxy S2,Android,Estrangeira - Importação direta,0
2060,2012-10-27,Manutenção LCD/ Touch,Vidro Touchscreen e LCD Galaxy S3 i9505 - Azul,Android,Estrangeira - Importação direta,0
2061,2012-10-27,Manutenção Flex do Fone,Flex do Audio Jack Fone Samsung Galaxy S2,Android,Estrangeira - Importação direta,0
2062,2012-10-27,Manutenção Câmera,Câmera Samsung Galaxy Note i9220,Android,Estrangeira - Importação direta,0
2098,2012-10-31,Manutenção Sim Tray,Simtray iPad 3,Apple,Estrangeira - Importação direta,50
2197,2012-11-09,Manutenção Flex do Home,Flex Home - iPhone 5,Apple,Estrangeira - Importação direta,100
2200,2012-11-09,Manutenção Câmera,Câmera Traseira - iPhone 5,Apple,Estrangeira - Importação direta,50
2202,2012-11-09,Manutenção Conector,Conector de Carga iPhone 5- Branco,Apple,Estrangeira - Importação direta,150
2203,2012-11-09,Manutenção Botão,Botão Power Externo iPhone 5,Apple,Estrangeira - Importação direta,0
2204,2012-11-09,Manutenção Botão,Botão Volume Externo iPhone 5,Apple,Estrangeira - Importação direta,0
2205,2012-11-09,Manutenção Botão,Botão Vibra Externo iPhone 5,Apple,Estrangeira - Importação direta,0
2207,2012-11-12,Manutenção Vibra / Volume / Power,Motor do Vibra - iPhone 5,Apple,Estrangeira - Importação direta,500
2208,2012-11-12,Manutenção Vibra / Volume / Power,Flex Power/Volume/Vibra - iPhone 5,Apple,Estrangeira - Importação direta,500
2217,2012-11-16,Manutenção Conector,Conector de Carga - iPad 3,Apple,Estrangeira - Importação direta,0
2250,2012-11-20,Manutenção LCD/ Touch,Kit Vidro com Touch LCD Galaxy S2 - Preto,Android,Estrangeira - Importação direta,0
2381,2012-12-10,Manutenção LCD/ Touch,Kit Vidro com Touch LCD Galaxy S2 - Branco,Android,Estrangeira - Importação direta,0
2389,2012-12-19,Manutenção Flex do Home,Flex Home de iPad 1,Apple,Estrangeira - Importação direta,0
2391,2012-12-20,Manutenção LCD/ Touch,Vidro Touchscreen e LCD Galaxy S3 i9505 - Branco,Android,Estrangeira - Importação direta,0
2398,2012-12-26,Manutenção LCD/ Touch,Vidro e touchscreen com LCD iPhone 5 - Branco,Apple,Estrangeira - Importação direta,200
2403,2012-12-29,Manutenção LCD/ Touch,Vidro e touchscreen com LCD iPhone 5 - Preto,Apple,Estrangeira - Importação direta,200
2617,2013-01-31,Manutenção Vibra / Volume / Power,Flex Power - iPad 3/4,Apple,Estrangeira - Importação direta,500
2629,2013-03-05,Manutenção Sim Tray,Simtray iPhone 5 - Prata,Apple,Estrangeira - Importação direta,50
2630,2013-03-05,Manutenção Sim Tray,Simtray iPhone 5 - Chumbo,Apple,Estrangeira - Importação direta,50
2636,2013-03-06,Manutenção Bateria,Bateria Galaxy S6,Android,Nacional,0
2641,2013-03-13,Manutenção Carcaça/Vidro Traseiro,Carcaça Completa Galaxy S3 - Azul,Android,Estrangeira - Importação direta,0
2642,2013-03-13,Manutenção Carcaça/Vidro Traseiro,Carcaça Completa Galaxy S3 - Branco,Android,Estrangeira - Importação direta,0
2646,2013-03-20,Manutenção Carcaça/Vidro Traseiro,Carcaça iPhone 5 - Prata,Apple,Estrangeira - Importação direta,100
2655,2013-03-22,Manutenção Carcaça/Vidro Traseiro,Carcaça Galaxy S3 - Azul,Android,Estrangeira - Importação direta,100
2656,2013-03-22,Manutenção Carcaça/Vidro Traseiro,Carcaça Galaxy S3 - Branco,Android,Estrangeira - Importação direta,0
2657,2013-03-26,Manutenção LCD/ Touch,Vidro Touchscreen + LCD iPod Nano 6,Apple,Estrangeira - Importação direta,200
2693,2013-04-02,Manutenção Carcaça/Vidro Traseiro,Carcaça iPhone 5 - Chumbo,Apple,Estrangeira - Importação direta,100
2697,2013-04-04,Manutenção Conector,Conector de Carga iPhone 5 - Preto,Apple,Estrangeira - Importação direta,150
2706,2013-04-05,Manutenção Carcaça/Vidro Traseiro,Carcaça Galaxy S2 - Branco,Android,Estrangeira - Importação direta,100
2707,2013-04-05,Manutenção Carcaça/Vidro Traseiro,Carcaça Galaxy S2 - Preto,Android,Estrangeira - Importação direta,0
2719,2013-04-10,Manutenção Antena de Sinal,Antena de Sinal iPhone 4s,Apple,Estrangeira - Importação direta,50
2721,2013-04-13,Manutenção Alto Falante,Alto-Falante iPhone 5,Apple,Estrangeira - Importação direta,50
2722,2013-04-15,Manutenção LCD/ Touch,Vidro c/ Touchscreen iPad Mini 1/2 - Branco,Apple,Estrangeira - Importação direta,0
2723,2013-04-15,Manutenção LCD/ Touch,LCD iPad Mini,Apple,Estrangeira - Importação direta,0
2724,2013-04-16,Manutenção Vibra / Volume / Power,Flex Power/Volume - iPod Nano,Apple,Estrangeira - Importação direta,100
2725,2013-04-18,Manutenção Bateria,Bateria de iPhone 5,Apple,Estrangeira - Importação direta,150
2730,2013-04-23,Manutenção Wi-Fi,Álcool Isopropílico,Android,Nacional,0
2743,2013-04-29,Manutenção Vibra / Volume / Power,Flex do Power Galaxy S2,Android,Estrangeira - Importação direta,0
2811,2013-05-15,Manutenção Flex do Home,Flex Home - iPad 3/4,Apple,Estrangeira - Importação direta,200
2837,2013-05-20,Manutenção Carcaça/Vidro Traseiro,Carcaça iPad Mini,Apple,Estrangeira - Importação direta,0
2838,2013-05-20,Manutenção iPod Nano,Flex do Volume + Power iPod Nano,Apple,Estrangeira - Importação direta,0
2842,2013-05-20,Manutenção Vibra / Volume / Power,Cabo Flex Power   Volume do iPad Mini 1,Apple,Estrangeira - Importação direta,250
2844,2013-05-20,Manutenção Flex do Fone,Cabo Flex do Fone iPad Mini - Preto,Apple,Estrangeira - Importação direta,250
2845,2013-05-20,Manutenção Flex do Fone,Cabo Flex do Fone iPad Mini - Branco,Apple,Estrangeira - Importação direta,250
2847,2013-05-22,Manutenção LCD/ Touch,Vidro Touchscreen e LCD Galaxy Note 2 i9200 - Preto,Android,Estrangeira - Importação direta,0
2862,2013-05-29,Manutenção Speaker,Speaker - iPad 2,Apple,Estrangeira - Importação direta,0
2867,2013-06-06,Manutenção Speaker,Speaker - iPad 3,Apple,Estrangeira - Importação direta,0
2880,2013-06-14,Manutenção LCD/ Touch,Vidro com Touch Galaxy S Duos,Android,Estrangeira - Importação direta,0
2881,2013-06-15,Manutenção Aro,Aro Plástico iPad 2/3/4 - Preto,Apple,Estrangeira - Importação direta,50
2886,2013-06-27,Manutenção Speaker,Speaker para iPad 1,Apple,Estrangeira - Importação direta,150
2914,2013-06-28,Manutenção Carcaça/Vidro Traseiro,Carcaça Completa Galaxy S2 - Branca,Android,Estrangeira - Importação direta,0
2930,2013-07-03,Manutenção LCD/ Touch,Vidro c/ Touchscreen iPad Mini 1/2 - Preto,Apple,Estrangeira - Importação direta,0
2933,2013-07-04,Manutenção LCD/ Touch,Vidro com touch Galaxy Note 1 - Preto,Android,Estrangeira - Importação direta,0
2961,2013-07-11,Manutenção Conector,Conector de Carga do Galaxy S3,Android,Estrangeira - Importação direta,0
3052,2013-07-12,Manutenção LCD/ Touch,Cabo Flex do LCD do iPad 2,Apple,Estrangeira - Importação direta,0
3054,2013-07-15,Manutenção Botão,Tecla Home iPhone 4S - Preto,Apple,Estrangeira - Importação direta,50
3055,2013-07-15,Manutenção Botão,Tecla Home iPhone 4S - Branco,Apple,Estrangeira - Importação direta,50
3056,2013-07-15,Manutenção Wi-Fi,Flex antena Wi-Fi - iPad 3/4,Apple,Estrangeira - Importação direta,200
3065,2013-07-17,Manutenção Flex do Home,Flex do Home iPad Mini,Apple,Estrangeira - Importação direta,200
3087,2013-07-26,Manutenção Botão,Tecla home ipod 4 - Branco,Android,Estrangeira - Importação direta,50
3097,2013-08-13,Manutenção Carcaça/Vidro Traseiro,Carcaça iPod 4 64GB,Apple,Estrangeira - Importação direta,100
3098,2013-08-13,Manutenção Carcaça/Vidro Traseiro,Carcaça iPad 3 (A1416),Apple,Estrangeira - Importação direta,0
3099,2013-08-13,Manutenção Conector,Conector de Carga iPad Mini - Preto,Apple,Estrangeira - Importação direta,250
3147,2013-08-20,Manutenção Microfone,Microfone da Camera Frontal iPad 2,Apple,Estrangeira - Importação direta,180
3190,2013-09-24,Manutenção Speaker,Speaker - iPhone 5,Apple,Nacional,400
3317,2013-10-31,Manutenção LCD/ Touch,Vidro Touchscreen e LCD Galaxy S4 i9505 - Azul,Android,Estrangeira - Importação direta,0
3318,2013-10-31,Manutenção Carcaça/Vidro Traseiro,Carcaça Galaxy S4 - Azul,Android,Estrangeira - Importação direta,0
3369,2013-11-12,Manutenção LCD/ Touch,Vidro com Touch + LCD Galaxy Note 1 - Branco,Android,Estrangeira - Importação direta,0
3406,2013-11-22,Manutenção Wi-Fi,Antena Wi-Fi - iPad 4,Apple,Estrangeira - Importação direta,200
3462,2013-12-18,Manutenção LCD/ Touch,Vidro c/ Touchscreen e LCD iPhone 5C - Preto,Apple,Estrangeira - Importação direta,200
3526,2014-01-03,Manutenção Conector,Conector de Carga Galaxy Note 1,Android,Estrangeira - Importação direta,0
3528,2014-01-06,Manutenção Speaker,Speaker Galaxy S3,Android,Estrangeira - Importação direta,0
3529,2014-01-06,Manutenção Microfone,Microfone Galaxy S3,Android,Estrangeira - Importação direta,0
3532,2014-01-10,Manutenção LCD/ Touch,Vidro c/ Touchscreen e LCD para iPhone 5S - Branco,Apple,Estrangeira - Importação direta,0
3533,2014-01-10,Manutenção LCD/ Touch,Vidro e touchscreen com LCD iPhone 5S - Preto,Apple,Estrangeira - Importação direta,250
3534,2014-01-13,Manutenção Carcaça/Vidro Traseiro,Carcaça iPhone 3Gs 8GB - Preto,Apple,Estrangeira - Importação direta,100
3554,2014-01-24,Manutenção Flex do Home,Flex Home iPhone 5S/SE - Preto,Apple,Estrangeira - Importação direta,150
3555,2014-01-24,Manutenção Flex do Home,Flex Home iPhone 5S/SE - Prata,Apple,Estrangeira - Importação direta,150
3556,2014-01-24,Manutenção Flex do Home,Flex Home iPhone 5S/SE - Dourado,Apple,Estrangeira - Importação direta,200
3573,2014-01-28,Manutenção Botão,Tecla Home iPhone 5 - Branco,Apple,Estrangeira - Importação direta,50
3576,2014-02-07,Manutenção Carcaça/Vidro Traseiro,Carcaça iPad Mini,Apple,Estrangeira - Importação direta,350
3612,2014-02-19,Manutenção Vibra / Volume / Power,Suporte do Vibra iPhone 3G/s,Apple,Estrangeira - Importação direta,100
3660,2014-03-07,Manutenção Wi-Fi,Antena Wi-Fi - iPhone 4S,Apple,Estrangeira - Importação direta,80
3719,2014-03-17,Manutenção LCD/ Touch,Kit Vidro com Touch LCD Samsung Galaxy S3 - Cinza,Android,Estrangeira - Importação direta,0
3746,2014-03-27,Manutenção Conector,Conector de Carga iPhone 5S - Preto,Apple,Estrangeira - Importação direta,0
3747,2014-03-27,Manutenção Bateria,Bateria de iPhone 5S,Apple,Nacional,100
3751,2014-03-31,Manutenção Alto Falante,Alto-Falante iPhone 5S/SE,Apple,Estrangeira - Importação direta,200
3790,2014-04-05,Manutenção Speaker,Speaker Galaxy S2,Android,Estrangeira - Importação direta,0
3796,2014-04-24,Manutenção LCD/ Touch,Vidro c/ Touchscreen iPad Air (A1474 / A1475 / A1476) - Preto,Apple,Estrangeira - Importação direta,0
3799,2014-04-30,Manutenção LCD/ Touch,Vidro c/ Touchscreen e LCD iPod 5 - Preto,Apple,Estrangeira - Importação direta,300
3800,2014-05-09,Manutenção Câmera,Câmera Traseira - iPhone 5S,Apple,Estrangeira - Importação direta,150
3823,2014-05-20,Manutenção Carcaça/Vidro Traseiro,Carcaça iPhone 5S - Prata,Apple,Estrangeira - Importação direta,100
3825,2014-05-23,Manutenção Conector,Conector de Carga iPhone 5S - Branco,Apple,Estrangeira - Importação direta,0
3871,2014-07-09,Manutenção Botão,Tecla Home iPhone 5 - Preto,Apple,Estrangeira - Importação direta,50
3879,2014-07-14,Manutenção LCD/ Touch,Vidro c/ Touchscreen e LCD iPod 5 - Branco,Apple,Estrangeira - Importação direta,300
3881,2014-07-15,Manutenção Aro,Aro do Fone iPhone 3G/s,Apple,Estrangeira - Importação direta,0
3882,2014-07-16,Manutenção Vibra / Volume / Power,Flex Power/Volume/Vibra - iPhone 5S,Apple,Estrangeira - Importação direta,200
3897,2014-07-24,Manutenção LCD/ Touch,Vidro Touchscreen e LCD Galaxy S4 i9505 - Branco,Android,Estrangeira - Importação direta,0
3898,2014-07-24,Manutenção LCD/ Touch,Vidro Touchscreen e LCD Galaxy Note 3 N9005 - Preto,Android,Estrangeira - Importação direta,0
3899,2014-07-24,Manutenção LCD/ Touch,Vidro Touchscreen e LCD Galaxy Note 3 N9005 - Branco,Android,Estrangeira - Importação direta,0
3901,2014-07-25,Manutenção Bateria,Bateria de iPhone 5C,Apple,Estrangeira - Importação direta,50
3902,2014-07-25,Manutenção LCD/ Touch,Vidro c/ Touchscreen iPad Air (A1474 / A1475 / A1476) - Branca,Apple,Estrangeira - Importação direta,0
3903,2014-07-25,Manutenção LCD/ Touch,LCD iPad Air / 5,Apple,Estrangeira - Importação direta,0
3904,2014-07-25,Manutenção Microfone,Flex do Microfone iPad Air,Apple,Estrangeira - Importação direta,300
3905,2014-07-25,Manutenção Flex do Home,Flex do Botão Home iPad Air,Apple,Estrangeira - Importação direta,300
3906,2014-07-26,Manutenção Câmera,Câmera Frontal e Sensor de Proximidade - iPhone 5S/SE,Apple,Estrangeira - Importação direta,50
3969,2014-09-04,Manutenção Speaker,Speaker - iPhone 5S/SE,Apple,Estrangeira - Importação direta,400
4028,2014-09-24,Manutenção Vibra / Volume / Power,Flex Power e Volume iPad Air,Apple,Estrangeira - Importação direta,300
4030,2014-09-29,Manutenção Conector,Conector de Carga - iPad 4,Apple,Estrangeira - Importação direta,200
4031,2014-10-03,Manutenção Câmera,Câmera Traseira - iPhone 5C,Apple,Estrangeira - Importação direta,50
4032,2014-10-03,Manutenção Vibra / Volume / Power,Motor do Vibra - iPhone 5C,Apple,Estrangeira - Importação direta,150
4033,2014-10-03,Manutenção Câmera,Câmera Frontal e Sensor de Proximidade - iPhone 5C,Apple,Estrangeira - Importação direta,50
4034,2014-10-03,Manutenção Conector,Conector de Carga iPhone 5C- Preto,Apple,Estrangeira - Importação direta,400
4035,2014-10-03,Manutenção Vibra / Volume / Power,Flex Power/Volume/Vibra - iPhone 5C,Apple,Estrangeira - Importação direta,150
4053,2014-10-13,Manutenção Carcaça/Vidro Traseiro,Carcaça Galaxy S6 - Azul,Android,Estrangeira - Importação direta,100
4054,2014-10-14,Manutenção Flex do Fone,Flex P2 - iPad 3/4,Apple,Estrangeira - Importação direta,0
4056,2014-10-15,Manutenção Conector,Conector Galaxy S4,Android,Estrangeira - Importação direta,0
4074,2014-10-23,Manutenção LCD/ Touch,Vidro c/ Touchscreen e LCD para iPhone 6 - Preto,Apple,Estrangeira - Importação direta,0
4111,2014-10-28,Manutenção Carcaça/Vidro Traseiro,Carcaça iPhone 5C - Branco,Apple,Estrangeira - Importação direta,100
4112,2014-10-28,Manutenção Carcaça/Vidro Traseiro,Carcaça iPhone 5C - Azul,Apple,Estrangeira - Importação direta,100
4113,2014-10-28,Manutenção Carcaça/Vidro Traseiro,Carcaça iPhone 5C - Amarelo,Apple,Estrangeira - Importação direta,100
4114,2014-10-28,Manutenção Carcaça/Vidro Traseiro,Carcaça iPhone 5C - Verde,Apple,Estrangeira - Importação direta,100
4115,2014-10-28,Manutenção Botão,Tecla home iPod 5 - Preto,Apple,Estrangeira - Importação direta,50
4116,2014-10-28,Manutenção Botão,Tecla home iPod 5 - Preto,Apple,Estrangeira - Importação direta,50
4119,2014-10-28,Manutenção Vibra / Volume / Power,Flex Power   Volume iPod 5,Apple,Estrangeira - Importação direta,200
4120,2014-10-28,Manutenção Conector,Flex Conector iPod 5,Apple,Estrangeira - Importação direta,200
4140,2014-11-07,Manutenção Vibra / Volume / Power,Flex Volume iPad Air,Apple,Estrangeira - Importação direta,300
4141,2014-11-07,Manutenção Flex do Home,Flex Home - iPad Air,Apple,Estrangeira - Importação direta,0
4142,2014-11-07,Manutenção Microfone,Flex Microfone iPad Air,Apple,Estrangeira - Importação direta,0
4143,2014-11-07,Manutenção Carcaça/Vidro Traseiro,Carcaça iPad 2 3G,Apple,Estrangeira - Importação direta,100
4144,2014-11-07,Manutenção Carcaça/Vidro Traseiro,Carcaça iPad Mini 3G,Apple,Estrangeira - Importação direta,350
4145,2014-11-07,Manutenção Carcaça/Vidro Traseiro,Carcaça iPad 3 (A1430/1403),Apple,Estrangeira - Importação direta,0
4146,2014-11-07,Manutenção LCD/ Touch,LCD iPad Mini 2/3,Apple,Estrangeira - Importação direta,0
4147,2014-11-11,Manutenção Speaker,Speaker - iPhone 5C,Apple,Estrangeira - Importação direta,150
4148,2014-11-11,Manutenção Flex do Fone,Flex Fone iPad Air - Branco,Apple,Estrangeira - Importação direta,0
4149,2014-11-11,Manutenção Flex do Fone,Flex Fone iPad Air - Preto,Apple,Estrangeira - Importação direta,0
4151,2014-11-11,Manutenção Botão,Tecla do Home iPad Air - Preto,Apple,Estrangeira - Importação direta,50
4152,2014-11-11,Manutenção Botão,Tecla do Home iPad Air - Branco,Apple,Estrangeira - Importação direta,50
4156,2014-11-19,Manutenção Speaker,Speaker Galaxy Note 2,Android,Estrangeira - Importação direta,0
4160,2014-11-25,Manutenção Botão,Tecla Home iPhone 5C - Preto,Apple,Estrangeira - Importação direta,50
4161,2014-11-26,Manutenção Botão,Botão do Power interno Galaxy S3,Android,Estrangeira - Importação direta,0
4310,2014-12-01,Manutenção Carcaça/Vidro Traseiro,Carcaça iPhone 5S - Dourado,Apple,Estrangeira - Importação direta,100
4312,2014-12-04,Manutenção Carcaça/Vidro Traseiro,Carcaça iPhone 5S - Cinza Espacial,Apple,Estrangeira - Importação direta,200
4313,2014-12-05,Manutenção Câmera,Camera traseira Galaxy S4,Android,Estrangeira - Importação direta,0
4314,2014-12-05,Manutenção Câmera,Camera frontal Galaxy S4,Android,Estrangeira - Importação direta,0
4325,2014-12-15,Manutenção Aro,Aro Plástico iPad 2/3/4 - Branco,Apple,Estrangeira - Importação direta,50
4334,2014-12-17,Manutenção Botão,Botão Power iPhone 5C - Amarelo,Apple,Estrangeira - Importação direta,0
4335,2014-12-17,Manutenção Botão,Botão Vibra iPhone 5C - Amarelo,Apple,Estrangeira - Importação direta,0
4336,2014-12-17,Manutenção Botão,Botão Volume iPhone 5C - Amarelo,Apple,Estrangeira - Importação direta,0
4337,2014-12-17,Manutenção Botão,Botão Power iPhone 5C - Branco,Apple,Estrangeira - Importação direta,0
4338,2014-12-17,Manutenção Botão,Botão Vibra iPhone 5C - Branco,Apple,Estrangeira - Importação direta,0
4339,2014-12-17,Manutenção Botão,Botão Volume iPhone 5C - Branco,Apple,Estrangeira - Importação direta,0
4340,2014-12-17,Manutenção Botão,Botão Power iPhone 5C - Verde,Apple,Estrangeira - Importação direta,0
4341,2014-12-17,Manutenção Botão,Botão Vibra iPhone 5C - Verde,Apple,Estrangeira - Importação direta,0
4342,2014-12-17,Manutenção Botão,Botão Volume iPhone 5C - Verde,Apple,Estrangeira - Importação direta,0
4343,2014-12-17,Manutenção Botão,Botão Power iPhone 5C - Azul,Apple,Estrangeira - Importação direta,0
4344,2014-12-17,Manutenção Botão,Botão Vibra iPhone 5C - Azul,Apple,Estrangeira - Importação direta,0
4345,2014-12-17,Manutenção Botão,Botão Volume iPhone 5C - Azul,Apple,Estrangeira - Importação direta,0
4346,2014-12-17,Manutenção LCD/ Touch,Vidro c/ Touchscreen e LCD para iPhone 6 Plus - Preto,Apple,Estrangeira - Importação direta,0
4347,2014-12-17,Manutenção LCD/ Touch,Vidro c/ Touchscreen e LCD para iPhone 6 Plus - Branco,Apple,Estrangeira - Importação direta,0
4348,2014-12-17,Manutenção Vibra / Volume / Power,Flex Volume e Vibra - iPhone 6 Plus,Apple,Estrangeira - Importação direta,180
4349,2014-12-17,Manutenção Vibra / Volume / Power,Flex Power - iPhone 6 Plus,Apple,Estrangeira - Importação direta,180
4350,2014-12-17,Manutenção Câmera,Câmera Frontal e Sensor de Proximidade - iPhone 6 Plus,Apple,Estrangeira - Importação direta,0
4351,2014-12-17,Manutenção Câmera,Câmera Traseira - iPhone 6 Plus,Apple,Estrangeira - Importação direta,0
4352,2014-12-17,Manutenção Vibra / Volume / Power,Motor do Vibra - iPhone 6 Plus,Apple,Estrangeira - Importação direta,180
4353,2014-12-17,Manutenção Alto Falante,Alto-Falante iPhone 6 Plus,Apple,Estrangeira - Importação direta,150
4354,2014-12-17,Manutenção Flex do Home,Flex Home iPhone 6 Plus - Preto,Apple,Estrangeira - Importação direta,180
4355,2014-12-17,Manutenção Flex do Home,Flex Home iPhone 6 Plus - Prata,Apple,Estrangeira - Importação direta,180
4356,2014-12-17,Manutenção Flex do Home,Flex Home iPhone 6 Plus - Dourado,Apple,Estrangeira - Importação direta,500
4357,2014-12-17,Manutenção Conector,Conector de Carga iPhone 6 Plus - Branco,Apple,Estrangeira - Importação direta,0
4358,2014-12-17,Manutenção Conector,Conector de Carga iPhone 6 Plus - Cinza Claro,Apple,Estrangeira - Importação direta,200
4359,2014-12-17,Manutenção Conector,Conector de Carga iPhone 6 Plus - Cinza Escuro,Apple,Estrangeira - Importação direta,0
4360,2014-12-17,Manutenção Conector,Conector + Flex Fone iPhone 6 Plus - Cinza Claro,Apple,Estrangeira - Importação direta,0
4361,2014-12-17,Manutenção LCD/ Touch,Vidro c/ Touchscreen e LCD para iPhone 6 - Branco,Apple,Estrangeira - Importação direta,0
4362,2014-12-17,Manutenção Vibra / Volume / Power,Flex Volume e Vibra - iPhone 6,Apple,Estrangeira - Importação direta,180
4363,2014-12-17,Manutenção Vibra / Volume / Power,Flex Power - iPhone 6,Apple,Estrangeira - Importação direta,400
4364,2014-12-17,Manutenção Câmera,Câmera Frontal e Sensor de Proximidade - iPhone 6,Apple,Estrangeira - Importação direta,0
4365,2014-12-17,Manutenção Câmera,Câmera Traseira - iPhone 6,Apple,Estrangeira - Importação direta,150
4366,2014-12-17,Manutenção Vibra / Volume / Power,Motor do Vibra - iPhone 6,Apple,Estrangeira - Importação direta,200
4367,2014-12-17,Manutenção Speaker,Speaker - iPhone 6,Apple,Estrangeira - Importação direta,180
4368,2014-12-17,Manutenção Flex do Home,Flex Home iPhone 6 - Preto,Apple,Estrangeira - Importação direta,200
4372,2014-12-19,Manutenção Carcaça/Vidro Traseiro,Carcaça iPhone 5C - Coral,Apple,Estrangeira - Importação direta,100
4373,2014-12-19,Manutenção Sim Tray,Simtray iPhone 5C - Branco,Apple,Estrangeira - Importação direta,0
4374,2014-12-19,Manutenção Sim Tray,Simtray iPhone 5C - Verde,Apple,Estrangeira - Importação direta,50
4376,2014-12-19,Manutenção Sim Tray,Simtray iPhone 5C - Azul,Apple,Estrangeira - Importação direta,50
4379,2014-12-19,Manutenção iPhone 5S,Tampa Traseira Aro iPhone 5S - Prata,Apple,Estrangeira - Importação direta,0
4380,2014-12-19,Manutenção Bateria,Bateria de iPhone 6S,Apple,Nacional,180
4382,2014-12-19,Manutenção Câmera,Câmera Frontal e Sensor de Proximidade - iPhone 5,Apple,Estrangeira - Importação direta,50
4395,2014-12-26,Manutenção Vibra / Volume / Power,Motor do Vibra - iPhone 5S/SE,Apple,Estrangeira - Importação direta,200
4434,2015-01-08,Manutenção Speaker,Speaker - iPad Mini,Apple,Estrangeira - Importação direta,250
4456,2015-01-19,Manutenção Flex do Home,Flex Home iPhone 6 - Prata,Apple,Estrangeira - Importação direta,100
4457,2015-01-19,Manutenção Flex do Home,Flex Home iPhone 6 - Dourado,Apple,Estrangeira - Importação direta,100
4459,2015-01-19,Manutenção Conector,Conector de Carga iPhone 6 - Branco,Apple,Estrangeira - Importação direta,0
4460,2015-01-19,Manutenção Conector,Conector de Carga iPhone 6 - Cinza Escuro,Apple,Estrangeira - Importação direta,180
4480,2015-01-31,Manutenção Sim Tray,Simtray iPad Mini/Air - Prata,Apple,Estrangeira - Importação direta,50
4483,2015-02-02,Manutenção Sim Tray,Simtray iPhone 5C - Branco,Apple,Estrangeira - Importação direta,50
4497,2015-02-07,Manutenção Bateria,Bateria de iPhone 6,Apple,Nacional,180
4499,2015-02-12,Manutenção Conector,Conector de Carga iPhone 6 - Cinza Claro,Apple,Estrangeira - Importação direta,0
4520,2015-02-25,Manutenção Carcaça/Vidro Traseiro,Carcaça iPad 4 3G,Apple,Estrangeira - Importação direta,100
4521,2015-02-25,Manutenção Carcaça/Vidro Traseiro,Carcaça iPad 4,Apple,Estrangeira - Importação direta,0
4541,2015-03-16,Manutenção LCD/ Touch,Vidro touchscreen Galaxy S4 Mini - Preto,Android,Estrangeira - Importação direta,0
4548,2015-03-19,Manutenção LCD/ Touch,Vidro Touchscreen e LCD Galaxy Note 2 i9200 - Branco,Android,Estrangeira - Importação direta,0
4550,2015-03-25,Manutenção Microfone,Microfone - iPad 3,Apple,Estrangeira - Importação direta,0
4600,2015-04-30,Manutenção Conector,Conector de Carga iPad Air - Branco,Apple,Estrangeira - Importação direta,0
4621,2015-05-13,Manutenção Sim Tray,Simtray iPhone 5s - Dourado,Apple,Estrangeira - Importação direta,50
4622,2015-05-13,Manutenção Sim Tray,Simtray iPhone 5s - Prata,Apple,Nacional,50
4623,2015-05-13,Manutenção Sim Tray,Simtray iPhone 5s - Cinza Espacial,Apple,Estrangeira - Importação direta,50
4652,2015-05-16,Manutenção Vibra / Volume / Power,Motor do Vibra Galaxy S3,Android,Estrangeira - Importação direta,0
4658,2015-05-26,Manutenção Alto Falante,Alto-Falante iPhone 6,Apple,Estrangeira - Importação direta,150
4660,2015-06-03,Manutenção Câmera,Camera Frontal iPad 4,Apple,Estrangeira - Importação direta,50
4662,2015-06-12,Manutenção Flex do Home,Flex Home - iPod 5,Apple,Estrangeira - Importação direta,0
4686,2015-07-11,Manutenção Sim Tray,Simtray iPhone 6 / 6 Plus - Dourado,Apple,Estrangeira - Importação direta,50
4687,2015-07-11,Manutenção Sim Tray,Simtray iPhone 6 / 6 Plus - Prata,Apple,Estrangeira - Importação direta,50
4688,2015-07-11,Manutenção Sim Tray,Simtray iPhone 6 / 6 Plus - Cinza Espacial,Apple,Estrangeira - Importação direta,50
4700,2015-07-27,Manutenção Câmera,Câmera Traseira - iPad 3/4,Apple,Estrangeira - Importação direta,0
4725,2015-09-11,Manutenção Carcaça/Vidro Traseiro,Carcaça iPhone 6 - Prata,Apple,Estrangeira - Importação direta,150
4726,2015-09-11,Manutenção Carcaça/Vidro Traseiro,Carcaça iPhone 6 - Cinza Espacial,Apple,Estrangeira - Importação direta,150
4727,2015-09-11,Manutenção Carcaça/Vidro Traseiro,Carcaça iPhone 6 - Dourada,Apple,Estrangeira - Importação direta,150
4728,2015-09-16,Manutenção Bateria,Bateria de iPhone 6 Plus,Apple,Nacional,150
4750,2015-10-09,Manutenção Conector,Conector de Carga iPhone 4 - Preto,Apple,Estrangeira - Importação direta,300
4751,2015-10-09,Manutenção Conector,Conector de Carga iPhone 4S - Branco,Apple,Estrangeira - Importação direta,80
4757,2015-10-29,Manutenção,Reparo de Acessórios Com Prazo de Garantia Expirado ou Garantia Negada,Android,Estrangeira - Importação direta,50
4765,2015-11-18,Manutenção,Troca de Placa Logica iPhone 5S 16Gb,Apple,Estrangeira - Importação direta,0
4766,2015-11-18,Manutenção LCD/ Touch,Vidro Touchscreen e LCD Galaxy S6 - Azul,Android,Estrangeira - Importação direta,0
4767,2015-11-18,Manutenção LCD/ Touch,Vidro Touchscreen e LCD Galaxy S6 - Branco,Android,Estrangeira - Importação direta,0
4768,2015-11-18,Manutenção LCD/ Touch,Vidro Touchscreen e LCD Galaxy S6 Edge - Branco,Android,Estrangeira - Importação direta,0
4769,2015-11-18,Manutenção LCD/ Touch,Vidro Touchscreen e LCD Galaxy S6 Edge - Dourado,Android,Estrangeira - Importação direta,0
4784,2015-11-26,Manutenção Sim Tray,Simtray iPhone 6 - Cinza Espacial,Apple,Estrangeira - Importação direta,0
4785,2015-11-26,Manutenção Sim Tray,Simtray iPhone 6 - Prata,Apple,Estrangeira - Importação direta,0
4786,2015-11-26,Manutenção Sim Tray,Simtray iPhone 6 - Dourado,Apple,Estrangeira - Importação direta,0
4789,2015-12-05,Manutenção Carcaça/Vidro Traseiro,Tampa Traseira Galaxy S6 Edge - Dourado,Android,Estrangeira - Importação direta,0
4790,2015-12-05,Manutenção Conector,Conector Galaxy S6 Edge,Android,Estrangeira - Importação direta,0
4821,2015-12-09,Manutenção Bateria,Comp Bateria iPhone 6,Apple,Estrangeira - Importação direta,200
4882,2015-12-16,Manutenção Alto Falante,Alto-Falante iPhone 5C,Apple,Estrangeira - Importação direta,50
4884,2015-12-29,Manutenção LCD/ Touch,Vidro c/ Touchscreen e LCD para iPhone 6 Plus - Preto / Vila Velha,Apple,Estrangeira - Importação direta,0
4885,2015-12-30,Manutenção Sim Tray,Simtray iPhone 5C - Amarelo,Apple,Estrangeira - Importação direta,50
4886,2015-12-30,Manutenção Sim Tray,Simtray iPhone 5C - Coral,Apple,Estrangeira - Importação direta,300
4919,2016-01-15,Manutenção Botão,Tecla home iPad 1 - Preto,Apple,Estrangeira - Importação direta,50
4920,2016-01-15,Manutenção Botão,Tecla Home iPad 3/4 - Branco,Apple,Estrangeira - Importação direta,50
4921,2016-01-15,Manutenção Botão,Tecla home iPad 3/4 - Preto,Apple,Estrangeira - Importação direta,50
4922,2016-01-15,Manutenção Botão,Tecla home iPad Air - Branco,Apple,Estrangeira - Importação direta,0
4923,2016-01-15,Manutenção Botão,Tecla home iPad Air - Preto,Apple,Estrangeira - Importação direta,0
4924,2016-01-15,Manutenção Botão,x,Android,Estrangeira - Importação direta,0
4925,2016-01-15,Manutenção Botão,Botão home iPad Mini - Branco,Apple,Estrangeira - Importação direta,50
4926,2016-01-15,Manutenção Flex do Home,Flex home 5C,Android,Estrangeira - Importação direta,250
4931,2016-01-18,Manutenção LCD/ Touch,Vidro c/ Touchscreen e LCD iPhone 5C - Preto / Vila Velha,Apple,Estrangeira - Importação direta,0
4938,2016-01-21,Manutenção Conector,Conector Galaxy S5,Android,Estrangeira - Importação direta,0
4980,2016-01-29,Manutenção Flex do Home,Flex Home - iPhone 5C,Apple,Estrangeira - Importação direta,100
4981,2016-01-29,Manutenção Speaker,Speaker - iPhone 6 Plus,Apple,Estrangeira - Importação direta,180
5022,2016-02-12,Manutenção LCD/ Touch,Vidro c/ Touchscreen e LCD para iPhone 6S - Preto,Apple,Estrangeira - Importação direta,0
5023,2016-02-12,Manutenção LCD/ Touch,Vidro c/ Touchscreen e LCD para iPhone 6S - Branco,Apple,Estrangeira - Importação direta,0
5024,2016-02-12,Manutenção Botão,Comp Botão Home iPhone 5,Apple,Estrangeira - Importação direta,50
5049,2016-02-23,Manutenção Carcaça/Vidro Traseiro,Carcaça iPhone 6 Plus - Cinza Espacial,Apple,Estrangeira - Importação direta,150
5064,2016-02-29,Manutenção Sim Tray,Simtray iPad Mini/Air - Cinza Espacial,Apple,Nacional,50
5702,2016-04-07,Manutenção Carcaça/Vidro Traseiro,Carcaça iPhone 6S - Prata,Apple,Estrangeira - Importação direta,150
5703,2016-04-07,Manutenção Carcaça/Vidro Traseiro,Carcaça iPhone 6S - Dourado,Apple,Estrangeira - Importação direta,150
5704,2016-04-07,Manutenção Carcaça/Vidro Traseiro,Carcaça iPhone 6S - Cinza Espacial,Apple,Estrangeira - Importação direta,150
5705,2016-04-07,Manutenção Carcaça/Vidro Traseiro,Carcaça iPhone 6S - Rose Gold,Apple,Estrangeira - Importação direta,150
6331,2016-05-13,Manutenção LCD/ Touch,Vidro c/ Touchscreen e LCD para iPhone 6S Plus - Preto,Apple,Estrangeira - Importação direta,0
6332,2016-05-13,Manutenção LCD/ Touch,Vidro c/ Touchscreen e LCD para iPhone 6S Plus - Branco,Apple,Estrangeira - Importação direta,0
6556,2016-05-26,Manutenção LCD/ Touch,Tela de Devolução iPhone 4,Apple,Nacional,0
6557,2016-05-26,Manutenção LCD/ Touch,Tela de Devolução iPhone 4s,Apple,Nacional,0
6558,2016-05-26,Manutenção LCD/ Touch,Tela de Devolução iPhone 5,Apple,Nacional,0
6559,2016-05-26,Manutenção LCD/ Touch,Tela de Devolução iPhone 5S,Apple,Nacional,0
6560,2016-05-26,Manutenção LCD/ Touch,Tela de Devolução iPhone 5c,Apple,Nacional,0
6561,2016-05-26,Manutenção LCD/ Touch,Tela de Devolução iPhone 6,Apple,Nacional,0
6562,2016-05-26,Manutenção LCD/ Touch,Tela de Devolução iPhone 6 Plus,Apple,Nacional,0
6563,2016-05-26,Manutenção LCD/ Touch,Tela de Devolução iPhone 6S,Apple,Nacional,0
6564,2016-05-26,Manutenção LCD/ Touch,Tela de Devolução iPhone 6S Plus,Apple,Nacional,0
6565,2016-05-26,Manutenção LCD/ Touch,Vidro c/ Touchscreen e LCD para iPhone SE - Preto,Apple,Estrangeira - Importação direta,0
6566,2016-05-26,Manutenção LCD/ Touch,Vidro c/ Touchscreen e LCD para iPhone SE - Branco,Apple,Estrangeira - Importação direta,0
6567,2016-05-26,Manutenção LCD/ Touch,Tela de Devolução iPad Air,Apple,Nacional,0
6568,2016-05-26,Manutenção LCD/ Touch,Tela de Devolução iPad Mini,Apple,Nacional,0
6593,2016-05-30,Manutenção LCD/ Touch,Vidro c/ Touchscreen e LCD Galaxy S5 - Branco,Android,Nacional,0
8144,2016-06-09,Manutenção Flex do Home,Flex Home iPhone 6S - Preto,Apple,Estrangeira - Importação direta,200
8145,2016-06-09,Manutenção Flex do Home,Flex Home iPhone 6S - Prata,Apple,Estrangeira - Importação direta,200
8146,2016-06-09,Manutenção Flex do Home,Flex Home iPhone 6S - Rosê,Apple,Estrangeira - Importação direta,200
8152,2016-06-10,Manutenção Alto Falante,Alto-Falante iPhone 6S,Apple,Estrangeira - Importação direta,200
8153,2016-06-10,Manutenção Speaker,Speaker - iPhone 6S,Apple,Estrangeira - Importação direta,200
8154,2016-06-10,Manutenção Vibra / Volume / Power,Flex Power/Volume/Vibra - iPhone 6S,Apple,Estrangeira - Importação direta,200
8155,2016-06-10,Manutenção Conector,Conector de carga iPhone 6S - Branco,Apple,Estrangeira - Importação direta,0
8156,2016-06-10,Manutenção Conector,Conector de carga iPhone 6S - Cinza Escuro,Apple,Estrangeira - Importação direta,0
8157,2016-06-10,Manutenção Bateria,Bateria de iPhone 6S Plus,Apple,Nacional,200
8158,2016-06-10,Manutenção Câmera,Câmera Traseira - iPhone 6S,Apple,Estrangeira - Importação direta,0
8159,2016-06-10,Manutenção Câmera,Câmera Frontal e Sensor de Proximidade - iPhone 6S,Apple,Estrangeira - Importação direta,0
8520,2016-06-20,Manutenção Carcaça/Vidro Traseiro,Carcaça iPhone 6 Plus - Dourada,Apple,Estrangeira - Importação direta,150
8521,2016-06-20,Manutenção Carcaça/Vidro Traseiro,Carcaça iPhone 6 Plus - Prata,Apple,Estrangeira - Importação direta,150
18617,2016-08-10,Manutenção Antena de Sinal,Antena Wi-Fi - iPhone 5/S/SE,Apple,Nacional,50
20278,2016-08-14,Manutenção Botão,Botão home iPad Mini - Preto,Apple,Nacional,50
20460,2016-08-16,Manutenção Bateria,(inativo) Bateria iPhone 6S,Apple,Estrangeira - Importação direta,0
20617,2016-09-15,Manutenção,Comp Kit Aro iPhone 4S,Apple,Nacional,100
20665,2016-09-28,Manutenção,Serviço,Android,Nacional,0
20708,2016-10-10,Manutenção Vibra / Volume / Power,Flex Volume + Vibra iPhone 6s,Apple,Estrangeira - Importação direta,0
20715,2016-10-19,Manutenção Conector,Conector de carga iPhone 6S Plus - Branco,Apple,Estrangeira - Importação direta,0
20716,2016-10-19,Manutenção Conector,Conector de carga iPhone 6S Plus - Cinza Escuro,Apple,Estrangeira - Importação direta,0
20717,2016-10-19,Manutenção Câmera,Câmera Traseira - iPhone 6S Plus,Apple,Estrangeira - Importação direta,0
20718,2016-10-19,Manutenção Câmera,Câmera Frontal e Sensor de Proximidade - iPhone 6S Plus,Apple,Estrangeira - Importação direta,0
20719,2016-10-19,Manutenção Flex do Home,Flex Home iPhone 6S Plus - Preto,Apple,Estrangeira - Importação direta,200
20720,2016-10-19,Manutenção Flex do Home,Flex Home iPhone 6S Plus - Prata,Apple,Estrangeira - Importação direta,200
20721,2016-10-19,Manutenção Flex do Home,Flex Home iPhone 6S Plus - Dourado,Apple,Estrangeira - Importação direta,200
20722,2016-10-19,Manutenção Vibra / Volume / Power,Flex Power - iPhone 6S Plus,Apple,Estrangeira - Importação direta,200
20723,2016-10-19,Manutenção Speaker,Speaker - iPhone 6S Plus,Apple,Estrangeira - Importação direta,200
20724,2016-10-19,Manutenção Alto Falante,Alto-Falante iPhone 6S Plus,Apple,Estrangeira - Importação direta,0
20737,2016-10-25,Manutenção Wi-Fi,Antena Wi-Fi - iPhone 6,Apple,Estrangeira - Importação direta,180
20754,2016-11-01,Manutenção Vibra / Volume / Power,Flex Volume e Vibra - iPhone 6S,Apple,Estrangeira - Importação direta,0
20755,2016-11-01,Manutenção Vibra / Volume / Power,Flex Volume e Vibra - iPhone 6S Plus,Apple,Estrangeira - Importação direta,200
20790,2016-12-07,Manutenção Sim Tray,Simtray iPhone 6s - Dourado,Apple,Estrangeira - Importação direta,50
20791,2016-12-07,Manutenção Sim Tray,Simtray iPhone 6s - Prata,Apple,Estrangeira - Importação direta,50
20792,2016-12-07,Manutenção Sim Tray,Simtray iPhone 6s - Cinza Espacial,Apple,Estrangeira - Importação direta,50
20793,2016-12-07,Manutenção Sim Tray,Simtray iPhone 6s - Rose,Apple,Estrangeira - Importação direta,50
20833,2016-12-21,Manutenção Conector,Conector de Carga iPhone SE - Preto,Apple,Estrangeira - Importação direta,0
20834,2016-12-21,Manutenção Conector,Conector de Carga iPhone SE - Branco,Apple,Estrangeira - Importação direta,0
20836,2016-12-22,Manutenção Bateria,Bateria de iPad Mini 1/2,Apple,Nacional,0
20875,2017-01-06,Manutenção Câmera,Flex câmera traseira - iPad Air/Mini/Mini 2/Mini 3,Apple,Estrangeira - Importação direta,200
20877,2017-01-06,Manutenção Câmera,Flex câmera frontal - iPad Air,Apple,Estrangeira - Importação direta,200
20883,2017-01-07,Manutenção Sim Tray,Simtray iPhone 6s Plus - Dourado,Apple,Estrangeira - Importação direta,50
20884,2017-01-07,Manutenção Sim Tray,Simtray iPhone 6s Plus - Prata,Apple,Estrangeira - Importação direta,50
20885,2017-01-07,Manutenção Sim Tray,Simtray iPhone 6s Plus - Cinza Espacia,Apple,Estrangeira - Importação direta,50
20886,2017-01-07,Manutenção Sim Tray,Simtray iPhone 6s Plus - Rose,Apple,Estrangeira - Importação direta,50
20907,2017-01-24,Manutenção LCD/ Touch,Vidro c/ Touchscreen e LCD iPad Air 2 - Preto,Apple,Estrangeira - Importação direta,0
20908,2017-01-26,Manutenção LCD/ Touch,Vidro c/ Touchscreen e LCD para iPhone 7 - Preto,Apple,Estrangeira - Importação direta,0
20909,2017-01-26,Manutenção LCD/ Touch,Vidro c/ Touchscreen e LCD para iPhone 7 - Branco,Apple,Estrangeira - Importação direta,0
20910,2017-01-26,Manutenção LCD/ Touch,Vidro c/ Touchscreen e LCD para iPhone 7 Plus - Preto,Apple,Estrangeira - Importação direta,0
20911,2017-01-26,Manutenção LCD/ Touch,Vidro c/ Touchscreen e LCD para iPhone 7 Plus - Branco,Apple,Nacional,0
20912,2017-02-08,Manutenção,Taxa de Serviço Não Aprovado,Android,Nacional,0
20973,2017-02-17,Manutenção,Serviço de Manutenção - iPhone 7,Apple,Nacional,0
20974,2017-02-17,Manutenção,Serviço de Manutenção - iPhone 7 Plus,Apple,Nacional,0
20975,2017-02-20,Manutenção LCD/ Touch,Tela de Devolução iPhone SE,Apple,Nacional,0
20976,2017-02-20,Manutenção LCD/ Touch,Tela de Devolução iPhone 7,Apple,Nacional,0
20977,2017-02-20,Manutenção LCD/ Touch,Tela de Devolução iPhone 7 Plus,Apple,Nacional,0
20990,2017-03-10,Manutenção Flex do Home,Flex home - iPad Air 2 / Mini 4/ iPad Pro 12.9 (1° Ger) Prata,Apple,Estrangeira - Importação direta,300
21042,2017-04-05,Manutenção LCD/ Touch,Vidro c/ Touchscreen e LCD Galaxy Note 5 - Prata,Android,Estrangeira - Importação direta,0
21043,2017-04-05,Manutenção Carcaça/Vidro Traseiro,Carcaça Galaxy Note 5 - Prata,Android,Estrangeira - Importação direta,150
21050,2017-04-11,Manutenção Carcaça/Vidro Traseiro,Carcaça Traseira Galaxy S7 - Dourado,Android,Estrangeira - Importação direta,0
21069,2017-04-20,Manutenção Wi-Fi,Antena Wi-Fi - iPhone 6 Plus,Apple,Estrangeira - Importação direta,180
21080,2017-04-24,Manutenção Câmera,Flex câmera frontal - iPad Mini 1 / 2 / 3,Apple,Estrangeira - Importação direta,200
21081,2017-04-25,Manutenção LCD/ Touch,Vidro c/ Touchscreen e LCD iPad Air 2 - Branco,Apple,Estrangeira - Importação direta,0
21092,2017-05-02,Manutenção,Placa Lógica - Bateria Extreme 9.000mAh,Android,Estrangeira - Importação direta,0
21105,2017-05-11,Manutenção LCD/ Touch,Vidro c/ Touchscreen e LCD iPad Mini 4 - Preto,Apple,Estrangeira - Importação direta,0
21110,2017-05-17,Manutenção LCD/ Touch,Vidro Galaxy S3 Duos - Azul,Android,Estrangeira - Importação direta,0
21113,2017-05-18,Manutenção Câmera,Flex câmera frontal - iPad Air 2 / Mini 4 / Pro 12.9 (1° Ger),Apple,Estrangeira - Importação direta,200
21114,2017-05-25,Manutenção Câmera,Câmera Frontal e Sensor de Proximidade - iPhone 7 Plus,Apple,Estrangeira - Importação direta,0
21143,2017-06-13,Manutenção Câmera,Câmera Frontal e Sensor de Proximidade - iPhone 7,Apple,Estrangeira - Importação direta,0
21144,2017-06-13,Manutenção Câmera,Câmera Frontal e Sensor de Proximidade - iPhone 7 Plus,Apple,Estrangeira - Importação direta,0
21145,2017-06-13,Manutenção Câmera,Câmera Traseira - iPhone 7,Apple,Estrangeira - Importação direta,0
21146,2017-06-13,Manutenção Câmera,Câmera Traseira - iPhone 7 Plus,Apple,Estrangeira - Importação direta,0
21147,2017-06-13,Manutenção Conector,Conector de Carga iPhone 7 - Preto,Apple,Estrangeira - Importação direta,0
21148,2017-06-13,Manutenção Conector,Conector de Carga iPhone 7 Plus - Preto,Apple,Estrangeira - Importação direta,0
21149,2017-06-13,Manutenção Alto Falante,Alto-Falante iPhone 7,Apple,Estrangeira - Importação direta,200
21190,2017-06-28,Manutenção LCD/ Touch,Vidro c/ Touchscreen iPad Mini 3 - Branco,Apple,Nacional,0
21191,2017-06-28,Manutenção LCD/ Touch,Vidro c/ Touchscreen iPad Mini 3 - Preto,Apple,Nacional,0
21225,2017-08-03,Manutenção Carcaça/Vidro Traseiro,Carcaça Galaxy S6 - Branca,Android,Estrangeira - Importação direta,0
21227,2017-08-07,Manutenção Câmera,Câmera Traseira - iPhone SE,Apple,Estrangeira - Importação direta,150
21255,2017-08-18,Manutenção Conector,Conector de Carga iPad Air - Preto,Apple,Estrangeira - Importação direta,0
21261,2017-08-21,Manutenção LCD/ Touch,Vidro c/ Touchscreen e LCD iPad Mini 4 - Branco,Apple,Estrangeira - Importação direta,0
21267,2017-08-23,Manutenção Vibra / Volume / Power,Flex Power/Volume - iPhone 7,Apple,Estrangeira - Importação direta,200
21279,2017-08-26,Manutenção Câmera,Flex câmera traseira - iPad Air 2 / Mini 4/ iPad Pro 12.9 (1° Ger),Apple,Nacional,300
21286,2017-09-04,Manutenção Bateria,Bateria de iPhone 5SE,Apple,Nacional,100
21288,2017-09-05,Manutenção Conector,Conector de Carga iPhone 7 - Branco,Apple,Estrangeira - Importação direta,0
21289,2017-09-05,Manutenção Speaker,Speaker - iPhone 7,Apple,Estrangeira - Importação direta,200
21290,2017-09-05,Manutenção Vibra / Volume / Power,Flex Power/Volume - iPhone 7 Plus,Apple,Estrangeira - Importação direta,300
21291,2017-09-05,Manutenção Conector,Conector de Carga iPhone 7 Plus - Branco,Apple,Estrangeira - Importação direta,0
21295,2017-09-15,Manutenção Bateria,Bateria de iPhone 7,Apple,Nacional,250
21296,2017-09-15,Manutenção Bateria,Bateria de iPhone 7 Plus,Apple,Nacional,250
21299,2017-09-19,Manutenção Flex do Home,Flex Home iPhone 6S - Dourado,Apple,Estrangeira - Importação direta,200
21300,2017-09-19,Manutenção Flex do Home,Flex Home iPhone 6S Plus - Rosê,Apple,Estrangeira - Importação direta,200
21301,2017-09-19,Manutenção Flex do Home,Flex Home iPhone 7 - Prata,Apple,Estrangeira - Importação direta,0
21302,2017-09-19,Manutenção Flex do Home,Flex Home iPhone 7 - Dourado,Apple,Estrangeira - Importação direta,0
21303,2017-09-19,Manutenção Flex do Home,Flex Home iPhone 7 - Preto,Apple,Estrangeira - Importação direta,0
21304,2017-09-19,Manutenção Flex do Home,Flex Home iPhone 7 - Rosê,Apple,Estrangeira - Importação direta,0
21305,2017-09-19,Manutenção Flex do Home,Flex Home iPhone 7 Plus - Prata,Apple,Estrangeira - Importação direta,200
21306,2017-09-19,Manutenção Flex do Home,Flex Home iPhone 7 Plus - Dourado,Apple,Estrangeira - Importação direta,200
21307,2017-09-19,Manutenção Flex do Home,Flex Home iPhone 7 Plus - Preto,Apple,Estrangeira - Importação direta,200
21308,2017-09-19,Manutenção Flex do Home,Flex Home iPhone 7 Plus - Rosê,Apple,Estrangeira - Importação direta,300
21309,2017-09-19,Manutenção Carcaça/Vidro Traseiro,Carcaça iPhone 6S Plus - Prata,Apple,Estrangeira - Importação direta,150
21311,2017-09-19,Manutenção Carcaça/Vidro Traseiro,Carcaça iPhone 6S Plus - Dourada,Apple,Estrangeira - Importação direta,150
21312,2017-09-19,Manutenção Carcaça/Vidro Traseiro,Carcaça iPhone 6S Plus - Cinza Espacial,Apple,Estrangeira - Importação direta,150
21313,2017-09-19,Manutenção Carcaça/Vidro Traseiro,Carcaça iPhone 6S Plus - Rosê,Apple,Estrangeira - Importação direta,150
21314,2017-09-19,Manutenção Wi-Fi,Antena Wi-Fi - iPhone 6S,Apple,Estrangeira - Importação direta,200
21315,2017-09-19,Manutenção Wi-Fi,Antena Wi-Fi - iPhone 6S Plus,Apple,Estrangeira - Importação direta,200
21316,2017-09-19,Manutenção Speaker,Speaker - iPhone 7 Plus,Apple,Estrangeira - Importação direta,250
21317,2017-09-19,Manutenção Alto Falante,Alto-Falante iPhone 7 Plus,Apple,Estrangeira - Importação direta,200
21383,2017-10-13,Manutenção Alto Falante,Alto-Falante iPhone 6S Plus,Apple,Estrangeira - Importação direta,200
21414,2017-10-27,Manutenção Carcaça/Vidro Traseiro,Carcaça iPhone 7 Plus - Rosê,Apple,Estrangeira - Importação direta,200
21458,2017-11-07,Manutenção Carcaça/Vidro Traseiro,Carcaça iPhone 7 - Prata,Apple,Estrangeira - Importação direta,200
21462,2017-11-07,Manutenção Carcaça/Vidro Traseiro,Carcaça iPhone 7 - Dourada,Apple,Estrangeira - Importação direta,200
21463,2017-11-07,Manutenção Carcaça/Vidro Traseiro,Carcaça iPhone 7 - RED,Apple,Estrangeira - Importação direta,200
21464,2017-11-07,Manutenção Carcaça/Vidro Traseiro,Carcaça iPhone 7 Plus - Dourada,Apple,Estrangeira - Importação direta,200
21466,2017-11-13,Manutenção Carcaça/Vidro Traseiro,Carcaça iPhone 7 Plus - Red,Apple,Estrangeira - Importação direta,200
21467,2017-11-13,Manutenção Carcaça/Vidro Traseiro,Carcaça iPhone 7 Plus - Prata,Apple,Estrangeira - Importação direta,200
21492,2017-11-22,Manutenção Flex do Home,Flex do Home iPad Mini 3 - Preto,Apple,Nacional,300
21510,2017-11-24,Manutenção Bateria,Bateria de iPad 2,Apple,Nacional,200
21511,2017-11-24,Manutenção Bateria,Bateria de iPad 3/4,Apple,Nacional,300
21512,2017-11-24,Manutenção Bateria,Bateria de iPad Mini 3,Apple,Nacional,350
21513,2017-11-24,Manutenção Bateria,Bateria de iPad Air 1 / iPad 5,Apple,Nacional,350
21514,2017-11-24,Manutenção Bateria,Bateria de iPad Mini,Apple,Nacional,380
21547,2017-12-27,Manutenção Vibra / Volume / Power,Flex Power/Volume/Vibra - iPhone SE,Apple,Estrangeira - Importação direta,400
21556,2017-12-28,Manutenção Conector,Conector de Carga Galaxy Gran Duos,Android,Estrangeira - Importação direta,0
21557,2017-12-28,Manutenção Bateria,Bateria de iPad Mini 2,Apple,Nacional,380
21569,2018-01-04,Manutenção LCD/ Touch,Vidro c/ Touchscreen e LCD para iPhone 8 - Branco,Apple,Estrangeira - Importação direta,0
21570,2018-01-04,Manutenção LCD/ Touch,Vidro c/ Touchscreen e LCD para iPhone 8/SE 2 - Preto,Apple,Estrangeira - Importação direta,0
21572,2018-01-04,Manutenção LCD/ Touch,Vidro c/ Touchscreen e LCD para iPhone 8 Plus - Branco,Apple,Estrangeira - Importação direta,0
21573,2018-01-04,Manutenção LCD/ Touch,Vidro c/ Touchscreen e LCD para iPhone 8 Plus - Preto,Apple,Estrangeira - Importação direta,0
21574,2018-01-05,Manutenção Carcaça/Vidro Traseiro,Tampa Traseira iPhone 8 - Branco,Apple,Estrangeira - Importação direta,0
21575,2018-01-05,Manutenção Carcaça/Vidro Traseiro,Tampa Traseira iPhone 8 - Preta,Apple,Estrangeira - Importação direta,0
21576,2018-01-05,Manutenção Carcaça/Vidro Traseiro,Tampa Traseira iPhone 8 - Dourado,Apple,Estrangeira - Importação direta,0
21581,2018-01-08,Manutenção Carcaça/Vidro Traseiro,Tampa Traseira iPhone 8 Plus - Preta,Apple,Estrangeira - Importação direta,0
21582,2018-01-08,Manutenção Carcaça/Vidro Traseiro,Tampa Traseira iPhone 8 Plus - Dourada,Apple,Estrangeira - Importação direta,0
21583,2018-01-08,Manutenção Carcaça/Vidro Traseiro,Tampa Traseira iPhone 8 Plus - Branco,Apple,Estrangeira - Importação direta,300
21601,2018-01-10,Manutenção Carcaça/Vidro Traseiro,Carcaça iPhone 7 Plus - Preto Fosco,Apple,Estrangeira - Importação direta,200
21604,2018-01-12,Manutenção Bateria,Bateria de iPad,Apple,Nacional,200
21613,2018-01-18,Manutenção Conector,Conector de Carga iPad Air 2 - Branco,Apple,Estrangeira - Importação direta,0
21614,2018-01-18,Manutenção Conector,Conector de Carga iPad Air 2 - Preto,Apple,Estrangeira - Importação direta,0
21636,2018-01-29,Manutenção Bateria,Bateria iPad Air 2,Apple,Nacional,0
21654,2018-02-02,Manutenção Câmera,Câmera Traseira - iPhone 8 Plus,Apple,Estrangeira - Importação direta,0
21682,2018-03-01,Manutenção Carcaça/Vidro Traseiro,Carcaça iPhone 7 - Preta,Apple,Estrangeira - Importação direta,200
21691,2018-03-12,Manutenção Bateria,Bateria de iPad Air 2,Apple,Nacional,380
21694,2018-03-13,Manutenção Sim Tray,Simtray iPhone 7 - Preto Matte,Apple,Estrangeira - Importação direta,100
21696,2018-03-14,Manutenção Bateria,Bateria de iPhone 8,Apple,Nacional,250
21697,2018-03-14,Manutenção Conector,Conector de Carga iPhone 8/SE - Preto,Apple,Estrangeira - Importação direta,0
21698,2018-03-14,Manutenção Bateria,Bateria de iPhone 8 Plus,Apple,Nacional,300
21699,2018-03-14,Manutenção Conector,Conector de Carga iPhone 8 - Branco,Apple,Estrangeira - Importação direta,0
21703,2018-03-26,Manutenção Conector,Conector de Carga iPad Mini 2/3 - Branco,Apple,Estrangeira - Importação direta,0
21704,2018-03-26,Manutenção Conector,Conector de Carga iPad Mini 2/3 - Preto,Apple,Estrangeira - Importação direta,0
21710,2018-04-02,Manutenção Flex do Home,Flex do Home iPad Mini 3 - Branco,Apple,Nacional,300
21717,2018-04-04,Manutenção Flex do Fone,Cabo Flex do Fone iPad Air 2 - Preto,Apple,Estrangeira - Importação direta,0
21718,2018-04-04,Manutenção Flex do Fone,Cabo Flex do Fone iPad Air 2 - Branco,Apple,Estrangeira - Importação direta,0
21719,2018-04-04,Manutenção Vibra / Volume / Power,Flex Volume do iPad Air 2,Apple,Estrangeira - Importação direta,0
21792,2018-04-24,Manutenção LCD/ Touch,Vidro c/ Touchscreen e LCD Galaxy S8  - Preta,Android,Estrangeira - Importação direta,1400
21793,2018-04-24,Manutenção Carcaça/Vidro Traseiro,Tampa Traseira Galaxy S8 - Preta,Android,Estrangeira - Importação direta,0
21875,2018-05-11,Manutenção Carcaça/Vidro Traseiro,Tampa Traseira iPhone X - Branco,Apple,Estrangeira - Importação direta,0
21876,2018-05-11,Manutenção Carcaça/Vidro Traseiro,Tampa Traseira iPhone X - Preto,Apple,Estrangeira - Importação direta,0
21879,2018-05-14,Manutenção Carcaça/Vidro Traseiro,Carcaça iPhone SE - Rose,Apple,Estrangeira - Importação direta,200
21881,2018-05-16,Manutenção LCD/ Touch,Vidro c/ Touchscreen e LCD Galaxy S7 - Dourado,Android,Estrangeira - Importação direta,0
21895,2018-05-22,Manutenção LCD/ Touch,Vidro c/ Touchscreen e LCD Galaxy S7 - Prata,Android,Estrangeira - Importação direta,0
21896,2018-05-22,Manutenção Carcaça/Vidro Traseiro,Carcaça Traseira Galaxy S7 - Prata,Android,Estrangeira - Importação direta,0
21897,2018-05-22,Manutenção LCD/ Touch,Vidro c/ Touchscreen e LCD iPad Pro 12.9 A1584 / A1652- Preto,Apple,Estrangeira - Importação direta,0
21898,2018-05-22,Manutenção LCD/ Touch,Vidro c/ Touchscreen e LCD iPad Pro 12.9 A1584 / A1652- Branco,Apple,Estrangeira - Importação direta,0
21899,2018-05-22,Manutenção LCD/ Touch,Vidro c/ Touchscreen e LCD iPad Pro 10.5 A1701 / A1709 - Preto,Apple,Estrangeira - Importação direta,0
21900,2018-05-22,Manutenção LCD/ Touch,Vidro c/ Touchscreen e LCD iPad Pro 10.5 A1701 / A1709 - Branco,Apple,Estrangeira - Importação direta,0
21904,2018-05-25,Manutenção LCD/ Touch,Vidro c/ Touchscreen e LCD para iPhone X - Preto,Apple,Estrangeira - Importação direta,0
21905,2018-05-25,Manutenção Câmera,Câmera Traseira - iPhone X,Apple,Estrangeira - Importação direta,300
21909,2018-05-28,Manutenção Conector,Conector de Carga iPhone 8 Plus - Branco,Apple,Estrangeira - Importação direta,0
21910,2018-05-28,Manutenção Conector,Conector de Carga iPhone 8 Plus - Preto,Apple,Estrangeira - Importação direta,0
21911,2018-05-28,Manutenção Câmera,Câmera Traseira - iPhone 8 Plus,Apple,Estrangeira - Importação direta,0
21912,2018-05-28,Manutenção Câmera,Câmera Frontal e Sensor de Proximidade - iPhone 8 Plus,Apple,Estrangeira - Importação direta,0
21913,2018-05-28,Manutenção Speaker,Speaker - iPhone 8 Plus,Apple,Estrangeira - Importação direta,300
21914,2018-05-28,Manutenção Alto Falante,Alto-Falante iPhone 8 Plus,Apple,Estrangeira - Importação direta,150
21915,2018-05-28,Manutenção Vibra / Volume / Power,Flex Power/Volume - iPhone 8 Plus,Apple,Estrangeira - Importação direta,300
21917,2018-05-28,Manutenção Conector,Conector de Carga iPhone 8 - Branco,Apple,Estrangeira - Importação direta,0
21918,2018-05-28,Manutenção Câmera,Câmera Frontal e Sensor de Proximidade - iPhone 8/SE 2,Apple,Estrangeira - Importação direta,0
21919,2018-05-28,Manutenção Câmera,Câmera Traseira - iPhone 8/SE 2,Apple,Estrangeira - Importação direta,0
21920,2018-05-28,Manutenção Speaker,Speaker - iPhone 8/SE 2,Apple,Estrangeira - Importação direta,300
21921,2018-05-28,Manutenção Alto Falante,Alto-Falante iPhone 8/SE 2,Apple,Estrangeira - Importação direta,200
21922,2018-05-28,Manutenção Vibra / Volume / Power,Flex Power/Volume - iPhone 8,Apple,Estrangeira - Importação direta,0
21923,2018-05-28,Manutenção Vibra / Volume / Power,Flex Power/Volume - iPhone 8/SE 2,Apple,Estrangeira - Importação direta,300
21924,2018-05-28,Manutenção Conector,Conector de Carga iPhone X - Preto,Apple,Estrangeira - Importação direta,0
21925,2018-05-29,Manutenção Câmera,Lente de Vidro da Câmera iPhone X - Preta,Apple,Estrangeira - Importação direta,0
21926,2018-05-29,Manutenção Câmera,Lente de Vidro da Câmera iPhone X - Prata,Apple,Estrangeira - Importação direta,0
21927,2018-06-01,Manutenção Carcaça/Vidro Traseiro,Carcaça iPhone 7 - Rose,Apple,Estrangeira - Importação direta,200
21977,2018-06-22,Manutenção Carcaça/Vidro Traseiro,Carcaça para iPad Air - Cinza Espacial,Apple,Estrangeira - Importação direta,200
21996,2018-07-03,Manutenção,Adesivo Vedação iPhone x,Apple,Estrangeira - Importação direta,0
21997,2018-07-03,Manutenção,Adesivo Vedação iPhone 7 Plus - Branco,Apple,Estrangeira - Importação direta,0
21998,2018-07-03,Manutenção,Adesivo Vedação iPhone 7 Plus - Preto,Apple,Estrangeira - Importação direta,0
22000,2018-07-05,Manutenção Câmera,Lente de Vidro da Câmera iPhone 8 Plus - Prata,Apple,Estrangeira - Importação direta,0
22001,2018-07-05,Manutenção Câmera,Lente de Vidro da Câmera iPhone 8 Plus - Preta,Apple,Estrangeira - Importação direta,0
22002,2018-07-05,Manutenção Câmera,Lente de Vidro da Câmera iPhone 8 Plus - Rose,Apple,Estrangeira - Importação direta,200
22054,2018-07-17,Manutenção LCD/ Touch,Vidro c/ Touchscreen iPad 5 (A1822/A1823) - Branco,Apple,Estrangeira - Importação direta,0
22055,2018-07-17,Manutenção LCD/ Touch,Vidro c/ Touchscreen iPad 5 (A1822/A1823) - Preto,Apple,Estrangeira - Importação direta,0
22060,2018-07-24,Manutenção Conector,Conector de Carga Galaxy J5,Android,Estrangeira - Importação direta,0
22062,2018-07-26,Manutenção Bateria,Bateria de iPhone 3GS,Apple,Estrangeira - Importação direta,100
22099,2018-08-03,Manutenção LCD/ Touch,Vidro c/ Touchscreen e LCD iPad New 9.7 (2018) - Branco,Apple,Estrangeira - Importação direta,1000
22100,2018-08-03,Manutenção LCD/ Touch,Vidro c/ Touchscreen e LCD iPad New 9.7 (2018) - Preto,Apple,Estrangeira - Importação direta,1000
22101,2018-08-03,Manutenção Flex do Home,Flex home - iPad Pro 9.7 Preto,Apple,Estrangeira - Importação direta,300
22102,2018-08-03,Manutenção Flex do Home,Flex home - iPad Pro 9.7 Prata,Apple,Estrangeira - Importação direta,300
22103,2018-08-03,Manutenção Flex do Home,Flex home - iPad Pro 9.7 Dourado,Apple,Estrangeira - Importação direta,300
22104,2018-08-03,Manutenção Carcaça/Vidro Traseiro,Carcaça iPad Air - Cinza Espacial,Apple,Estrangeira - Importação direta,0
22105,2018-08-03,Manutenção Carcaça/Vidro Traseiro,Carcaça iPad Air - Prata,Apple,Estrangeira - Importação direta,350
22114,2018-08-08,Manutenção Sim Tray,Simtray iPhone 7 Plus - Rosê,Apple,Estrangeira - Importação direta,50
22143,2018-08-27,Manutenção Carcaça/Vidro Traseiro,Tampa Traseira Galaxy S8 - Prata,Android,Estrangeira - Importação direta,0
22144,2018-08-27,Manutenção Carcaça/Vidro Traseiro,Tampa Traseira Galaxy S8 - Dourado,Android,Estrangeira - Importação direta,0
22145,2018-08-27,Manutenção Carcaça/Vidro Traseiro,Tampa Traseira Galaxy S8 Plus - Preto,Android,Estrangeira - Importação direta,0
22146,2018-08-27,Manutenção Carcaça/Vidro Traseiro,Tampa Traseira Galaxy S8 Plus - Prata,Android,Estrangeira - Importação direta,0
22147,2018-08-27,Manutenção Carcaça/Vidro Traseiro,Tampa Traseira Galaxy S8 Plus - Dourado,Android,Estrangeira - Importação direta,0
22148,2018-08-27,Manutenção Carcaça/Vidro Traseiro,Tampa Traseira Galaxy S8 Plus - Ametista,Android,Estrangeira - Importação direta,0
22191,2018-09-11,Manutenção Wi-Fi,Antena Wi-Fi iPhone 7 Plus,Apple,Estrangeira - Importação direta,250
22278,2018-10-05,Manutenção Flex do Home,Flex do Home iPad 5,Apple,Nacional,0
22306,2018-10-23,Manutenção Carcaça/Vidro Traseiro,Carcaça Completa iPhone 8 - Branca,Apple,Estrangeira - Importação direta,200
22307,2018-10-23,Manutenção Carcaça/Vidro Traseiro,Carcaça Completa iPhone 8 - Dourada,Apple,Estrangeira - Importação direta,200
22308,2018-10-23,Manutenção Carcaça/Vidro Traseiro,Carcaça Completa iPhone 8 - Preta,Apple,Estrangeira - Importação direta,200
22314,2018-10-29,Manutenção Conector,Conector TouchScreen da Placa iPad Mini 1 / 2 / 3,Apple,Estrangeira - Importação direta,200
22347,2018-11-17,Manutenção Alto Falante,Alto-Falante iphone X,Apple,Estrangeira - Importação direta,0
22403,2018-12-12,Manutenção Wi-Fi,Antena wi-fi iPad Mini,Apple,Estrangeira - Importação direta,250
22411,2018-12-24,Manutenção Vibra / Volume / Power,Comp Motor Vibra iPhone 7 Plus,Apple,Nacional,0
22417,2019-01-02,Manutenção Vibra / Volume / Power,Flex Power/Volume do iPad Mini 2 / Mini 3,Apple,Estrangeira - Importação direta,500
22476,2019-01-18,Manutenção Conector,Conector de Carga iPad Mini 4 - Preto,Apple,Estrangeira - Importação direta,0
22477,2019-01-18,Manutenção Conector,Conector de Carga iPad Mini 4 - Branco,Apple,Estrangeira - Importação direta,0
22482,2019-01-28,Manutenção Câmera,Lente de Vidro da Câmera iPhone 8 - Preta,Apple,Estrangeira - Importação direta,0
22487,2019-01-31,Manutenção Vibra / Volume / Power,Flex Volume - iPhone X,Apple,Estrangeira - Importação direta,0
22492,2019-02-04,Manutenção Vibra / Volume / Power,Flex Power - iPhone X,Apple,Estrangeira - Importação direta,0
22504,2019-02-06,Manutenção Conector,Conector de Carga iPhone X - Cinza,Apple,Estrangeira - Importação direta,0
22507,2019-02-06,Manutenção Antena de Sinal,Antena de Sinal - iPad 4,Apple,Estrangeira - Importação direta,200
22515,2019-02-12,Manutenção Wi-Fi,Antena Wi-Fi iPhone 7,Apple,Estrangeira - Importação direta,200
22547,2019-02-20,Manutenção Microfone,Microfone da Câmera - iPad Mini 2,Apple,Estrangeira - Importação direta,300
22578,2019-03-13,Manutenção Vibra / Volume / Power,Motor do Vibra - iPhone 8 Plus,Apple,Estrangeira - Importação direta,0
22579,2019-03-15,Manutenção LCD/ Touch,Vidro c/ Touchscreen iPad 6 (A1893 / A1954) - Preto,Apple,Estrangeira - Importação direta,0
22580,2019-03-15,Manutenção LCD/ Touch,Vidro c/ Touchscreen e LCD para iPhone XS - Preto,Apple,Estrangeira - Importação direta,0
22587,2019-03-27,Manutenção LCD/ Touch,Vidro c/ Touchscreen e LCD para iPhone XS Max - Preto,Apple,Estrangeira - Importação direta,0
22588,2019-03-27,Manutenção LCD/ Touch,Vidro c/ Touchscreen e LCD para iPhone XR - Preto,Apple,Estrangeira - Importação direta,0
22589,2019-03-29,Manutenção Carcaça/Vidro Traseiro,Carcaça Completa iPhone 8 Plus - Preta,Apple,Estrangeira - Importação direta,300
22590,2019-03-29,Manutenção Flex do Home,Flex Home iPad Mini 4,Apple,Estrangeira - Importação direta,250
22595,2019-04-02,Manutenção Vibra / Volume / Power,Motor do Vibra - iPhone 6S Plus,Apple,Estrangeira - Importação direta,200
22597,2019-04-05,Manutenção Bateria,Bateria de iPad Mini 4,Apple,Nacional,450
22598,2019-04-10,Manutenção Vibra / Volume / Power,Flex Power/Volume iPad Mini 3,Apple,Nacional,300
22612,2019-04-17,Manutenção Câmera,Lente de Vidro da Câmera iPhone 7,Apple,Estrangeira - Importação direta,0
22636,2019-04-29,Manutenção Alto Falante,Flex sensor/ alto falante - iPhone X,Apple,Nacional,0
22642,2019-05-06,Manutenção Vibra / Volume / Power,Motor do Vibra - iPhone X,Apple,Estrangeira - Importação direta,0
22653,2019-05-09,Manutenção Câmera,Lente de Vidro da Câmera iPhone 7 Plus - Preta,Apple,Nacional,0
22658,2019-05-15,Manutenção LCD/ Touch,"Vidro c/ Touchscreen e LCD iPad Pro 9,7 (A1673/A1674/A1675) - Branco",Apple,Estrangeira - Importação direta,0
22661,2019-05-16,Manutenção LCD/ Touch,Vidro c/ Touchscreen iPad 6 (A1893 / A1954) - Branca,Apple,Estrangeira - Importação direta,0
22666,2019-05-17,Manutenção Carcaça/Vidro Traseiro,Tampa Traseira iPhone XR - Preto,Apple,Estrangeira - Importação direta,0
22667,2019-05-17,Manutenção Carcaça/Vidro Traseiro,Tampa Traseira iPhone XR - Branca,Apple,Estrangeira - Importação direta,0
22668,2019-05-17,Manutenção Carcaça/Vidro Traseiro,Tampa Traseira iPhone XR - Red,Apple,Estrangeira - Importação direta,0
22734,2019-05-28,Manutenção Sim Tray,Simtray iPhone 7 Plus - Red,Apple,Estrangeira - Importação direta,50
22756,2019-05-29,Manutenção Bateria,Bateria de iPhone X,Apple,Nacional,400
22828,2019-06-05,Manutenção LCD/ Touch,Vidro c/ Touchscreen e LCD Galaxy A9 - Branca,Android,Estrangeira - Importação direta,0
22847,2019-07-09,Manutenção Carcaça/Vidro Traseiro,Tampa Traseira iPhone X - Dourado,Apple,Estrangeira - Importação direta,0
22850,2019-07-13,Manutenção Alto Falante,Alto falante - iPhone X,Apple,Nacional,0
22854,2019-07-15,Manutenção Carcaça/Vidro Traseiro,Carcaça Completa iPhone 8 Plus - Dourado,Apple,Nacional,300
22859,2019-07-17,Manutenção Câmera,Lente de Vidro da Câmera iPhone 8 - Dourado,Apple,Estrangeira - Importação direta,100
22870,2019-07-25,Manutenção Carcaça/Vidro Traseiro,Tampa Traseira iPhone XS Max - Preto,Apple,Estrangeira - Importação direta,0
22882,2019-08-12,Manutenção Carcaça/Vidro Traseiro,Carcaça iPhone SE - Cinza espacial,Apple,Nacional,200
22883,2019-08-13,Manutenção Carcaça/Vidro Traseiro,Carcaça Completa iPhone 8 Plus - Red,Apple,Estrangeira - Importação direta,300
22922,2019-08-19,Manutenção Carcaça/Vidro Traseiro,Carcaça Completa iPhone X - Preto,Apple,Estrangeira - Importação direta,400
22923,2019-08-19,Manutenção Carcaça/Vidro Traseiro,Carcaça Completa iPhone X - Branco,Apple,Estrangeira - Importação direta,400
22955,2019-08-29,Manutenção Câmera,Câmera Frontal e Sensor de Proximidade - iPhone X,Apple,Estrangeira - Importação direta,0
22976,2019-09-06,Manutenção LCD/ Touch,Vidro c/ Touchscreen e LCD Moto G6,Android,Nacional,1000
22977,2019-09-06,Manutenção Carcaça/Vidro Traseiro,Tampa Traseira Moto G6,Android,Nacional,150
22980,2019-09-10,Manutenção Carcaça/Vidro Traseiro,Tampa Traseira iPhone XS Max - Dourado,Apple,Estrangeira - Importação direta,0
22985,2019-09-13,Manutenção Câmera,Câmera Frontal - iPhone X,Apple,Estrangeira - Importação direta,0
22987,2019-09-16,Manutenção Vibra / Volume / Power,Flex power / microfone - iPad Mini 4,Apple,Nacional,500
22988,2019-09-16,Manutenção Vibra / Volume / Power,Motor do Vibra - iPhone 8/SE 2,Apple,Nacional,0
22990,2019-09-20,Manutenção Vibra / Volume / Power,Flex Volume/carregador sem fio - iPhone x,Apple,Nacional,400
23003,2019-09-23,Manutenção Carcaça/Vidro Traseiro,Tampa Traseira iPhone XR - Coral,Apple,Estrangeira - Importação direta,400
23004,2019-09-23,Manutenção Carcaça/Vidro Traseiro,Tampa Traseira iPhone XR - Azul,Apple,Estrangeira - Importação direta,400
23005,2019-09-23,Manutenção Carcaça/Vidro Traseiro,Tampa Traseira iPhone XS Max - Branca,Apple,Estrangeira - Importação direta,400
23006,2019-09-23,Manutenção Carcaça/Vidro Traseiro,Tampa Traseira iPhone XS - Branco,Apple,Estrangeira - Importação direta,400
23007,2019-09-23,Manutenção Carcaça/Vidro Traseiro,Tampa Traseira iPhone XS - Preto,Apple,Estrangeira - Importação direta,400
23008,2019-09-23,Manutenção Carcaça/Vidro Traseiro,Tampa Traseira iPhone XS - Dourado,Apple,Estrangeira - Importação direta,400
23009,2019-09-24,Manutenção Câmera,Lente de Vidro da Câmera iPhone 8 - Prata,Apple,Nacional,0
23010,2019-09-25,Manutenção Câmera,Lente de Vidro da Câmera iPhone XS - Prata,Apple,Estrangeira - Importação direta,0
23011,2019-09-25,Manutenção Câmera,Lente de Vidro da Câmera iPhone XS - Preto,Apple,Estrangeira - Importação direta,200
23012,2019-09-25,Manutenção Câmera,Lente de Vidro da Câmera iPhone XS - Dourado,Apple,Estrangeira - Importação direta,0
23013,2019-09-25,Manutenção Câmera,Lente de Vidro da Câmera iPhone XR - Prata,Apple,Estrangeira - Importação direta,0
23014,2019-09-25,Manutenção Câmera,Lente de Vidro da Câmera iPhone XR - Azul,Apple,Estrangeira - Importação direta,0
23015,2019-09-25,Manutenção Câmera,Lente de Vidro da Câmera iPhone XR - Amarelo,Apple,Estrangeira - Importação direta,0
23016,2019-09-25,Manutenção Câmera,Lente de Vidro da Câmera iPhone XR - Red,Apple,Estrangeira - Importação direta,0
23017,2019-09-25,Manutenção Câmera,Lente de Vidro da Câmera iPhone XR - Coral,Apple,Estrangeira - Importação direta,0
23018,2019-09-25,Manutenção Câmera,Lente de Vidro da Câmera iPhone XS Max - Prata,Apple,Estrangeira - Importação direta,150
23019,2019-09-25,Manutenção Câmera,Lente de Vidro da Câmera iPhone XS Max - Dourado,Apple,Estrangeira - Importação direta,0
23020,2019-09-25,Manutenção Câmera,Lente de Vidro da Câmera iPhone XS Max - Preto,Apple,Estrangeira - Importação direta,250
23021,2019-09-25,Manutenção Câmera,Lente de Vidro da Câmera iPhone 8 Plus - Preto,Apple,Estrangeira - Importação direta,0
23022,2019-09-25,Manutenção Câmera,Lente de Vidro da Câmera iPhone 8 Plus - Prata,Apple,Estrangeira - Importação direta,0
23023,2019-09-25,Manutenção Carcaça/Vidro Traseiro,Tampa Traseira iPhone 8 Plus - Red,Apple,Estrangeira - Importação direta,400
23024,2019-09-25,Manutenção Carcaça/Vidro Traseiro,Tampa Traseira iPhone 8 - Red,Apple,Estrangeira - Importação direta,0
23061,2019-10-08,Manutenção Sim Tray,Simtray iPhone 7 - Red,Apple,Estrangeira - Importação direta,50
23062,2019-10-08,Manutenção Sim Tray,Simtray iPhone 7 - Rosê,Apple,Estrangeira - Importação direta,50
23063,2019-10-08,Manutenção Sim Tray,Simtray iPhone 7 Plus - Champagne,Apple,Estrangeira - Importação direta,50
23064,2019-10-08,Manutenção Sim Tray,Simtray iPhone 7 - Champagne,Apple,Estrangeira - Importação direta,50
23065,2019-10-08,Manutenção Sim Tray,Simtray iPhone 7 Plus - Prata,Apple,Estrangeira - Importação direta,0
23066,2019-10-08,Manutenção Sim Tray,Simtray iPhone 7 - Prata,Apple,Estrangeira - Importação direta,50
23067,2019-10-08,Manutenção Sim Tray,Simtray iPhone 7 Plus - Preto Fosco,Apple,Estrangeira - Importação direta,100
23082,2019-10-10,Manutenção Carcaça/Vidro Traseiro,Carcaça Completa iPhone 8 Plus - Prata,Apple,Nacional,300
23083,2019-10-10,Manutenção Vibra / Volume / Power,Motor do Vibra - iPhone 7 Plus,Apple,Estrangeira - Importação direta,300
23117,2019-10-18,Manutenção LCD/ Touch,"Vidro c/ Touchscreen e LCD iPad Pro 9,7 (A1673/A1674/A1675) - Preto",Apple,Nacional,0
23149,2019-11-05,Manutenção Sim Tray,Simtray iPhone X - Preto,Apple,Estrangeira - Importação direta,100
23158,2019-11-08,Manutenção Carcaça/Vidro Traseiro,Carcaça Completa iPhone XS Max - Rosê/Gold,Apple,Estrangeira - Importação direta,500
23186,2019-11-14,Manutenção Conector,Conector de Carga iPhone XR - Preto,Apple,Estrangeira - Importação direta,0
23189,2019-11-16,Manutenção Vibra / Volume / Power,Motor do Vibra - iPhone 7,Apple,Estrangeira - Importação direta,150
23217,2019-11-21,Manutenção Câmera,Câmera Traseira - iPhone XS Max,Apple,Estrangeira - Importação direta,0
23218,2019-11-21,Manutenção Câmera,Câmera Frontal - iPhone XS Max,Apple,Estrangeira - Importação direta,0
23224,2019-11-21,Manutenção Antena de Sinal,Antena de Sinal  - iPhone X,Apple,Estrangeira - Importação direta,250
23228,2019-11-26,Manutenção Carcaça/Vidro Traseiro,Carcaça Completa iPhone XR - Preto,Apple,Estrangeira - Importação direta,500
23233,2019-11-27,Manutenção LCD/ Touch,Vidro c/ Touchscreen e LCD para iPhone 11 - Preto,Apple,Estrangeira - Importação direta,0
23234,2019-11-27,Manutenção LCD/ Touch,Vidro c/ Touchscreen e LCD para iPhone 11 Pro - Preto,Apple,Estrangeira - Importação direta,0
23235,2019-11-27,Manutenção LCD/ Touch,Vidro c/ Touchscreen e LCD para iPhone 11 Pro Max - Preto,Apple,Estrangeira - Importação direta,0
23264,2019-12-06,Manutenção Conector,Conector de Carga iPhone XR - Branco,Apple,Estrangeira - Importação direta,0
23265,2019-12-06,Manutenção Câmera,Câmera Traseira - iPhone XR,Apple,Estrangeira - Importação direta,0
23266,2019-12-06,Manutenção Câmera,Câmera Frontal - iPhone XR,Apple,Estrangeira - Importação direta,0
23267,2019-12-06,Manutenção Conector,Conector de Carga iPhone XS - Cinza,Apple,Estrangeira - Importação direta,0
23268,2019-12-06,Manutenção Vibra / Volume / Power,Flex Power - iPhone XS,Apple,Estrangeira - Importação direta,0
23269,2019-12-06,Manutenção Câmera,Câmera Frontal - iPhone XS,Apple,Estrangeira - Importação direta,0
23270,2019-12-06,Manutenção Conector,Conector de Carga iPhone XS - Preto,Apple,Estrangeira - Importação direta,0
23271,2019-12-06,Manutenção Conector,Conector de Carga iPhone XS Max - Cinza,Apple,Estrangeira - Importação direta,0
23272,2019-12-06,Manutenção Flex do Sensor,Flex sensor/alto falante - iPhone 11 Pro Max,Apple,Estrangeira - Importação direta,0
23273,2019-12-06,Manutenção Câmera,Câmera traseira - iPhone XS,Apple,Estrangeira - Importação direta,0
23277,2019-12-12,Manutenção Carcaça/Vidro Traseiro,Carcaça Completa iPhone 8 - Red,Apple,Estrangeira - Importação direta,200
23284,2019-12-17,Manutenção Bateria,Bateria de iPhone XS,Apple,Nacional,450
23285,2019-12-17,Manutenção Bateria,Bateria de iPhone XR,Apple,Nacional,450
23286,2019-12-17,Manutenção Bateria,Bateria de iPhone XS Max,Apple,Nacional,500
23294,2019-12-19,Manutenção LCD/ Touch,Tela de vidro sensível ao toque (touch screen) para utilização única em Tablet mini 4.,Android,Estrangeira - Importação direta,0
23295,2019-12-19,Manutenção LCD/ Touch,Tela de vidro sensível ao toque (touch screen) para utilização única em Tablet Air 2.,Android,Estrangeira - Importação direta,0
23296,2019-12-19,Manutenção LCD/ Touch,Tela de vidro sensível ao toque (touch screen) para utilização única em iphone 11,Apple,Estrangeira - Importação direta,0
23297,2019-12-19,Manutenção LCD/ Touch,Tela de vidro sensível ao toque (touch screen) para utilização única em iphone 11 pro,Apple,Estrangeira - Importação direta,0
23298,2019-12-19,Manutenção LCD/ Touch,Tela de vidro sensível ao toque (touch screen) para utilização única em iphone 11 proMax,Apple,Estrangeira - Importação direta,0
23321,2020-01-03,Manutenção Vibra / Volume / Power,Flex volume - iPad Mini 4,Apple,Nacional,500
23322,2020-01-06,Manutenção Carcaça/Vidro Traseiro,Carcaça Completa iPhone XR - Branca,Apple,Estrangeira - Importação direta,400
23323,2020-01-08,Manutenção Wi-Fi,Antena do Wi-Fi - iPhone XS,Apple,Estrangeira - Importação direta,0
23325,2020-01-10,Manutenção Vibra / Volume / Power,Flex Power - iPad Air 2,Apple,Estrangeira - Importação direta,0
23336,2020-01-20,Manutenção LCD/ Touch,Vidro c/ Touchscreen e LCD Galaxy S10 - Preto,Android,Estrangeira - Importação direta,0
23337,2020-01-22,Manutenção Sim Tray,Simtray iPhone 8 - Preto,Apple,Estrangeira - Importação direta,0
23338,2020-01-22,Manutenção Sim Tray,Simtray iPhone 8 - Rosê,Apple,Estrangeira - Importação direta,0
23339,2020-01-22,Manutenção Sim Tray,Simtray iPhone 8 - Prata,Apple,Estrangeira - Importação direta,0
23340,2020-01-22,Manutenção Sim Tray,Simtray iPhone 8 Plus - Preto,Apple,Estrangeira - Importação direta,0
23341,2020-01-22,Manutenção Sim Tray,Simtray iPhone 8 Plus - Rosê,Apple,Nacional,0
23342,2020-01-22,Manutenção Sim Tray,Simtray para iPhone 12- Vermelho,Apple,Estrangeira - Importação direta,100
23364,2020-01-31,Manutenção LCD/ Touch,LCD iPad 6,Apple,Estrangeira - Importação direta,0
23376,2020-02-05,Manutenção Carcaça/Vidro Traseiro,Carcaça Completa iPhone XS Max - Branco,Apple,Estrangeira - Importação direta,500
23397,2020-02-13,Manutenção Flex do Fone,Flex P2 - iPad 6,Apple,Estrangeira - Importação direta,300
23398,2020-02-13,Manutenção Conector,Conector de Carga iPad 6 - Branco,Apple,Nacional,0
23399,2020-02-13,Manutenção Conector,Conector de Carga iPad 6 - Preto,Apple,Nacional,0
23443,2020-03-05,Manutenção Vibra / Volume / Power,Flex Power - iPhone XS Max,Apple,Estrangeira - Importação direta,0
23448,2020-03-11,Manutenção LCD/ Touch,Vidro c/ Touchscreen e LCD Moto Z2 Force,Android,Nacional,400
23449,2020-03-11,Manutenção Conector,Conector de Carga Moto Z2 Force,Android,Nacional,200
23461,2020-03-17,Manutenção Alto Falante,Alto falante - iPhone XS Max,Apple,Nacional,0
23470,2020-03-19,Manutenção Antena de Sinal,Antena de Sinal  - iPhone XR,Apple,Estrangeira - Importação direta,0
23471,2020-03-19,Manutenção Alto Falante,Alto falante - iPhone XR,Apple,Nacional,0
23472,2020-03-19,Manutenção Vibra / Volume / Power,Flex Power - iPhone XR,Apple,Estrangeira - Importação direta,0
23473,2020-03-19,Manutenção Alto Falante,Flex sensor/ alto falante - iPhone XR,Apple,Nacional,0
23474,2020-03-19,Manutenção Vibra / Volume / Power,Flex Volume - iPhone XR,Apple,Estrangeira - Importação direta,0
23475,2020-03-19,Manutenção Vibra / Volume / Power,Flex volume / carregamento wireless - iPhone XR,Apple,Estrangeira - Importação direta,400
23476,2020-03-19,Manutenção Vibra / Volume / Power,Motor do Vibra - iPhone XR,Apple,Estrangeira - Importação direta,0
23477,2020-03-19,Manutenção Vibra / Volume / Power,Flex Volume - iPhone XS,Apple,Estrangeira - Importação direta,0
23590,2020-07-06,Manutenção LCD/ Touch,Vidro e touchscreen com LCD iPhone XS - Preto,Apple,Nacional,600
23703,2020-07-17,Manutenção Carcaça/Vidro Traseiro,Tampa Traseira iPhone XR - Amarela,Apple,Estrangeira - Importação direta,0
23711,2020-07-22,Manutenção Carcaça/Vidro Traseiro,Carcaça Completa iPhone XR - Azul,Apple,Estrangeira - Importação direta,500
23712,2020-07-22,Manutenção Carcaça/Vidro Traseiro,Carcaça Completa iPhone XR - Coral,Apple,Estrangeira - Importação direta,0
23713,2020-07-22,Manutenção Carcaça/Vidro Traseiro,Carcaça Completa iPhone XR - Red,Apple,Estrangeira - Importação direta,0
23714,2020-07-22,Manutenção Carcaça/Vidro Traseiro,Carcaça Completa iPhone XR - Amarelo,Apple,Estrangeira - Importação direta,500
23715,2020-07-22,Manutenção Carcaça/Vidro Traseiro,Carcaça Completa iPhone XS Max - Preto,Apple,Estrangeira - Importação direta,500
23716,2020-07-22,Manutenção Câmera,Lente de Vidro da Câmera iPhone XR - Preto,Apple,Estrangeira - Importação direta,0
23717,2020-07-22,Manutenção Carcaça/Vidro Traseiro,Carcaça Completa iPhone XS - Preto,Apple,Estrangeira - Importação direta,400
23718,2020-07-22,Manutenção Carcaça/Vidro Traseiro,Carcaça Completa iPhone XS - Branco,Apple,Estrangeira - Importação direta,400
23719,2020-07-22,Manutenção Carcaça/Vidro Traseiro,Tampa Traseira iPhone 11 - Roxo,Apple,Estrangeira - Importação direta,0
23720,2020-07-22,Manutenção Carcaça/Vidro Traseiro,Tampa Traseira iPhone 11 - Amarelo,Apple,Estrangeira - Importação direta,0
23721,2020-07-22,Manutenção Carcaça/Vidro Traseiro,Tampa Traseira iPhone 11 - Vermelho,Apple,Estrangeira - Importação direta,0
23722,2020-07-22,Manutenção Carcaça/Vidro Traseiro,Tampa Traseira iPhone 11 - Verde,Apple,Estrangeira - Importação direta,0
23723,2020-07-22,Manutenção Carcaça/Vidro Traseiro,Tampa Traseira iPhone 11 - Preto,Apple,Estrangeira - Importação direta,0
23724,2020-07-22,Manutenção Carcaça/Vidro Traseiro,Tampa Traseira iPhone 11 - Branco,Apple,Estrangeira - Importação direta,0
23725,2020-07-22,Manutenção Carcaça/Vidro Traseiro,Tampa Traseira iPhone 11 Pro - Branco,Apple,Estrangeira - Importação direta,600
23726,2020-07-22,Manutenção Carcaça/Vidro Traseiro,Tampa Traseira iPhone 11 Pro - Dourado,Apple,Estrangeira - Importação direta,0
23727,2020-07-22,Manutenção Carcaça/Vidro Traseiro,Tampa Traseira iPhone 11 Pro - Verde,Apple,Estrangeira - Importação direta,0
23728,2020-07-22,Manutenção Carcaça/Vidro Traseiro,Tampa Traseira iPhone 11 Pro - Preto,Apple,Estrangeira - Importação direta,0
23729,2020-07-22,Manutenção Carcaça/Vidro Traseiro,Tampa Traseira iPhone 11 Pro Max - Verde,Apple,Estrangeira - Importação direta,0
23730,2020-07-22,Manutenção Carcaça/Vidro Traseiro,Tampa Traseira iPhone 11 Pro Max - Branco,Apple,Estrangeira - Importação direta,0
23731,2020-07-22,Manutenção Carcaça/Vidro Traseiro,Tampa Traseira iPhone 11 Pro Max - Dourado,Apple,Estrangeira - Importação direta,0
23732,2020-07-22,Manutenção Carcaça/Vidro Traseiro,Tampa Traseira iPhone 11 Pro Max - Preto,Apple,Estrangeira - Importação direta,0
23733,2020-07-22,Manutenção Câmera,Lente de Vidro da Câmera iPhone 11 - Prata,Apple,Estrangeira - Importação direta,0
23734,2020-07-22,Manutenção Câmera,Lente de Vidro da Câmera iPhone 11 - Amarelo,Apple,Estrangeira - Importação direta,0
23735,2020-07-22,Manutenção Câmera,Lente de Vidro da Câmera iPhone 11 - Vermelho,Apple,Estrangeira - Importação direta,250
23736,2020-07-22,Manutenção Câmera,Lente de Vidro da Câmera iPhone 11 - Roxo,Apple,Estrangeira - Importação direta,0
23737,2020-07-22,Manutenção Câmera,Lente de Vidro da Câmera iPhone 11 - Verde,Apple,Estrangeira - Importação direta,0
23738,2020-07-22,Manutenção Câmera,Lente de Vidro da Câmera iPhone 11 - Preto,Apple,Estrangeira - Importação direta,0
23739,2020-07-22,Manutenção Câmera,Lente de Vidro da Câmera iPhone 11 Pro Max - Verde,Apple,Estrangeira - Importação direta,0
23740,2020-07-22,Manutenção Câmera,Lente de Vidro da Câmera iPhone 11 Pro Max - Dourado,Apple,Estrangeira - Importação direta,0
23741,2020-07-22,Manutenção Câmera,Lente de Vidro da Câmera iPhone 11 Pro Max - Preto,Apple,Estrangeira - Importação direta,1400
23742,2020-07-22,Manutenção Câmera,Lente de Vidro da Câmera iPhone 11 Pro Max - Prata,Apple,Estrangeira - Importação direta,0
23743,2020-07-22,Manutenção Conector,Conector de Carga iPhone 11 - Preto,Apple,Estrangeira - Importação direta,500
23744,2020-07-22,Manutenção Conector,Conector de Carga iPhone 11 - Branco,Apple,Estrangeira - Importação direta,0
23745,2020-07-22,Manutenção Conector,Conector de Carga iPhone 11 - Amarelo,Apple,Estrangeira - Importação direta,0
23746,2020-07-22,Manutenção Conector,Conector de Carga iPhone 11 - Verde,Apple,Estrangeira - Importação direta,0
23747,2020-07-22,Manutenção Conector,Conector de Carga iPhone 11 - Vermelho,Apple,Estrangeira - Importação direta,0
23748,2020-07-22,Manutenção Conector,Conector de Carga iPhone 11 - Roxo,Apple,Estrangeira - Importação direta,0
23755,2020-07-27,Manutenção LCD/ Touch,LCD iPad 7 Ger.,Apple,Estrangeira - Importação direta,0
23756,2020-07-27,Manutenção LCD/ Touch,Vidro c/ Touchscreen iPad 7 - Preto,Apple,Estrangeira - Importação direta,0
23757,2020-07-27,Manutenção LCD/ Touch,Vidro c/ Touchscreen iPad 7 - Branco,Apple,Estrangeira - Importação direta,0
23807,2020-08-11,Manutenção Câmera,Lente de Vidro da Câmera iPhone 6,Apple,Estrangeira - Importação direta,180
23810,2020-08-17,Manutenção Câmera,Camera Frontal iPad 3,Apple,Estrangeira - Importação direta,150
23812,2020-08-18,Manutenção Speaker,Speaker - iPhone XR,Apple,Estrangeira - Importação direta,0
23813,2020-08-18,Manutenção Speaker,Speaker - iPhone XS,Apple,Estrangeira - Importação direta,400
23814,2020-08-18,Manutenção Speaker,Speaker - iPhone X,Apple,Estrangeira - Importação direta,0
23815,2020-08-18,Manutenção Vibra / Volume / Power,Motor do Vibra - iPhone XS,Apple,Estrangeira - Importação direta,0
23816,2020-08-18,Manutenção Alto Falante,Alto-Falante - iPhone XS,Apple,Estrangeira - Importação direta,0
23817,2020-08-18,Manutenção Speaker,Speaker - iPhone XS Max,Apple,Estrangeira - Importação direta,300
23818,2020-08-18,Manutenção Vibra / Volume / Power,Motor do Vibra - iPhone XS Max,Apple,Estrangeira - Importação direta,0
23819,2020-08-18,Manutenção Conector,Conector de Carga iPhone XS Max - Preto,Apple,Estrangeira - Importação direta,0
23820,2020-08-18,Manutenção Vibra / Volume / Power,Flex Volume - iPhone XS Max,Apple,Estrangeira - Importação direta,400
23821,2020-08-18,Manutenção Antena de Sinal,Antena de Sinal  - iPhone XS Max,Apple,Estrangeira - Importação direta,0
23822,2020-08-18,Manutenção Câmera,Câmera Frontal - iPhone 11,Apple,Estrangeira - Importação direta,0
23823,2020-08-18,Manutenção Câmera,Câmera Traseira - iPhone 11,Apple,Estrangeira - Importação direta,0
23824,2020-08-18,Manutenção Conector,Conector de Carga iPhone 11 - Preto,Apple,Estrangeira - Importação direta,0
23825,2020-08-18,Manutenção Conector,Conector de Carga iPhone 11 - Branco,Apple,Estrangeira - Importação direta,0
23826,2020-08-18,Manutenção Câmera,Câmera Frontal - iPhone 11 Pro,Apple,Estrangeira - Importação direta,0
23827,2020-08-18,Manutenção Câmera,Câmera Traseira - iPhone 11 Pro,Apple,Estrangeira - Importação direta,0
23828,2020-08-18,Manutenção Conector,Conector de Carga iPhone 11 Pro Max - Preto,Apple,Estrangeira - Importação direta,0
23829,2020-08-18,Manutenção Conector,Conector de Carga iPhone 11 Pro Max - Branco,Apple,Estrangeira - Importação direta,0
23830,2020-08-18,Manutenção Antena de Sinal,Antena de Sinal para iPhone XR,Apple,Estrangeira - Importação direta,250
23831,2020-08-18,Manutenção Vibra / Volume / Power,Flex Power - iPhone XS,Apple,Estrangeira - Importação direta,0
23837,2020-08-19,Manutenção Carcaça/Vidro Traseiro,Carcaça Completa iPhone XS - Gold,Apple,Estrangeira - Importação direta,400
23865,2020-09-02,Manutenção LCD/ Touch,Vidro c/ Touchscreen e LCD iPad Pro 12.9 A1670 - Preto,Apple,Estrangeira - Importação direta,0
23887,2020-09-16,Manutenção Antena de Sinal,Antena de Sinal - iPhone XS Max,Apple,Estrangeira - Importação direta,200
23893,2020-09-18,Manutenção LCD/ Touch,Vidro e touchscreen com LCD iPhone 6S - Branco,Apple,Estrangeira - Importação direta,350
23894,2020-09-18,Manutenção Conector,Flex de Conector de Carga para iPhone 11 Pro Max Branco,Apple,Estrangeira - Importação direta,400
23895,2020-09-18,Manutenção LCD/ Touch,Vidro e touchscreen com LCD iPhone 6S Plus - Branco,Apple,Estrangeira - Importação direta,300
23896,2020-09-18,Manutenção Conector,Flex de Conector de Carga para iPhone 11 Pro Max Preto,Apple,Estrangeira - Importação direta,400
23897,2020-09-18,Manutenção LCD/ Touch,Vidro e touchscreen com LCD iPhone 7 Plus - Preto,Apple,Estrangeira - Importação direta,350
23898,2020-09-18,Manutenção Carcaça/Vidro Traseiro,Tampa de vidro com lente traseira para iPhone 11 Pro Max Dourado,Apple,Estrangeira - Importação direta,600
23899,2020-09-18,Manutenção Carcaça/Vidro Traseiro,Tampa de vidro com lente traseira para iPhone 11 Pro Max Verde,Apple,Estrangeira - Importação direta,600
23900,2020-09-18,Manutenção Carcaça/Vidro Traseiro,Tampa de vidro com lente traseira para iPhone 11 Pro Max Branco,Apple,Estrangeira - Importação direta,600
23901,2020-09-18,Manutenção Carcaça/Vidro Traseiro,Tampa de vidro com lente traseira para iPhone 11 Pro Max Preto,Apple,Estrangeira - Importação direta,600
23902,2020-09-18,Manutenção Wi-Fi,Antena Wi-Fi para iPhone 6S,Apple,Estrangeira - Importação direta,200
23903,2020-09-18,Manutenção Câmera,Câmera Traseira para iPhone 11 Pro,Apple,Estrangeira - Importação direta,500
23904,2020-09-18,Manutenção Câmera,Câmera Traseira para iPhone 6S Plus,Apple,Estrangeira - Importação direta,150
23905,2020-09-18,Manutenção Câmera,Câmera Frontal e Sensor para iPhone 6S Plus,Apple,Estrangeira - Importação direta,150
23906,2020-09-18,Manutenção LCD/ Touch,Vidro e touchscreen com LCD iPhone 7 Plus - Branco,Apple,Estrangeira - Importação direta,350
23907,2020-09-18,Manutenção Câmera,Câmera Traseira para iPhone 7,Apple,Estrangeira - Importação direta,200
23908,2020-09-18,Manutenção Câmera,Câmera Frontal para iPhone 11 Pro,Apple,Estrangeira - Importação direta,500
23909,2020-09-18,Manutenção Câmera,Câmera frontal e Sensor para iPhone 7,Apple,Estrangeira - Importação direta,200
23910,2020-09-18,Manutenção LCD/ Touch,Vidro e touchscreen com LCD iPhone 8 - Branco,Apple,Estrangeira - Importação direta,350
23911,2020-09-18,Manutenção Carcaça/Vidro Traseiro,Tampa de vidro com lente traseira para iPhone 11 Pro Dourado,Apple,Estrangeira - Importação direta,500
23912,2020-09-18,Manutenção Carcaça/Vidro Traseiro,Tampa de vidro com lente traseira para iPhone 11 Pro Verde,Apple,Estrangeira - Importação direta,500
23913,2020-09-18,Manutenção Conector,Conector de Carga para iPhone 7 Branco,Apple,Estrangeira - Importação direta,200
23914,2020-09-18,Manutenção Carcaça/Vidro Traseiro,Tampa de vidro com lente traseira para iPhone 11 Pro Branco,Apple,Estrangeira - Importação direta,500
23915,2020-09-18,Manutenção LCD/ Touch,Vidro e touchscreen com LCD iPhone X - Preto,Apple,Nacional,600
23916,2020-09-18,Manutenção Carcaça/Vidro Traseiro,Tampa de vidro com lente traseira para iPhone 11 Pro Preto,Apple,Estrangeira - Importação direta,500
23917,2020-09-18,Manutenção Conector,Flex de Conector de Carga para iPhone 11 - Branco,Apple,Estrangeira - Importação direta,400
23918,2020-09-18,Manutenção LCD/ Touch,Vidro e touchscreen com LCD iPhone XS Max - Preto,Apple,Nacional,800
23919,2020-09-18,Manutenção Conector,Flex de Conector de Carga para iPhone 11 - Preto,Apple,Estrangeira - Importação direta,400
23920,2020-09-18,Manutenção Câmera,Câmera Traseira para iPhone 11,Apple,Estrangeira - Importação direta,0
23921,2020-09-18,Manutenção Câmera,Câmera Frontal para iPhone 11,Apple,Estrangeira - Importação direta,400
23922,2020-09-18,Manutenção Carcaça/Vidro Traseiro,Tampa de vidro com lente traseira para iPhone 11 Roxo,Apple,Estrangeira - Importação direta,400
23923,2020-09-18,Manutenção Carcaça/Vidro Traseiro,Tampa de vidro com lente traseira para iPhone 11 Vermelho,Apple,Estrangeira - Importação direta,400
23924,2020-09-18,Manutenção LCD/ Touch,LCD para iPad Mini 2/3,Apple,Estrangeira - Importação direta,350
23925,2020-09-18,Manutenção Carcaça/Vidro Traseiro,Tampa de vidro com lente traseira para iPhone 11 Amarelo,Apple,Estrangeira - Importação direta,400
23926,2020-09-18,Manutenção LCD/ Touch,Vidro e touchscreen com LCD iPad Air 2 - Preto,Apple,Estrangeira - Importação direta,1000
23927,2020-09-18,Manutenção Carcaça/Vidro Traseiro,Tampa de vidro com lente traseira para iPhone 11 Verde,Apple,Estrangeira - Importação direta,400
23928,2020-09-18,Manutenção Carcaça/Vidro Traseiro,Tampa de vidro com lente traseira para iPhone 11 Branco,Apple,Nacional,400
23929,2020-09-18,Manutenção Carcaça/Vidro Traseiro,Tampa de vidro com lente traseira para iPhone 11 Preto,Apple,Nacional,400
23930,2020-09-18,Manutenção Wi-Fi,Antena Wi-Fi para iPhone XS Max,Apple,Estrangeira - Importação direta,400
23931,2020-09-18,Manutenção Vibra / Volume / Power,Flex da função power para iPhone XS Max,Apple,Estrangeira - Importação direta,400
23932,2020-09-18,Manutenção Vibra / Volume / Power,Flex da função de ajuste de volume para iPhone XS Max,Apple,Estrangeira - Importação direta,300
23934,2020-09-18,Manutenção Conector,Flex de Conector de Carga para iPhone XS Max Preto,Apple,Estrangeira - Importação direta,400
23935,2020-09-18,Manutenção Alto Falante,Alto-falante auricular para iPhone XS Max,Apple,Estrangeira - Importação direta,250
23936,2020-09-18,Manutenção Conector,Conector de Carga para iPhone 7 Preto,Apple,Estrangeira - Importação direta,200
23937,2020-09-18,Manutenção Vibra / Volume / Power,Motor de funçao vibratoria para iPhone XS Max,Apple,Estrangeira - Importação direta,300
23938,2020-09-18,Manutenção Câmera,Câmera Traseira para iPhone 7 Plus,Apple,Estrangeira - Importação direta,200
23939,2020-09-18,Manutenção Speaker,Alto-falante Caixa de som para iPhone XS Max,Apple,Estrangeira - Importação direta,300
23940,2020-09-18,Manutenção Câmera,Câmera Frontal e Sensor para iPhone 7 Plus,Apple,Estrangeira - Importação direta,200
23941,2020-09-18,Manutenção Câmera,Câmera Frontal e Sensor para iPhone XS Max,Apple,Estrangeira - Importação direta,300
23942,2020-09-18,Manutenção Câmera,Câmera Traseira para iPhone XS Max,Apple,Estrangeira - Importação direta,400
23943,2020-09-18,Manutenção Conector,Flex de Conector de Carga para iPhone 7 Plus Branco,Apple,Estrangeira - Importação direta,300
23944,2020-09-18,Manutenção Carcaça/Vidro Traseiro,Tampa de vidro com lente traseira para iPhone XS Max - Branco,Apple,Estrangeira - Importação direta,400
23945,2020-09-18,Manutenção Conector,Flex de Conector de Carga para iPhone 7 Plus Preto,Apple,Estrangeira - Importação direta,300
23946,2020-09-18,Manutenção Carcaça/Vidro Traseiro,Tampa de vidro com lente traseira para iPhone XS Max - Preto,Apple,Estrangeira - Importação direta,400
23947,2020-09-18,Manutenção Wi-Fi,Antena Wi-Fi para iPhone XS,Apple,Estrangeira - Importação direta,400
23948,2020-09-18,Manutenção Vibra / Volume / Power,Flex da função power para iPhone XS,Apple,Estrangeira - Importação direta,300
23949,2020-09-18,Manutenção Vibra / Volume / Power,Flexivel da função de ajuste de volume para iPhone XS,Apple,Estrangeira - Importação direta,300
23950,2020-09-18,Manutenção Conector,Flex de Conector de Carga para iPhone XS Cinza,Apple,Estrangeira - Importação direta,300
23951,2020-09-18,Manutenção Conector,Flex de Conector de Carga para iPhone XS Preto,Apple,Estrangeira - Importação direta,300
23952,2020-09-18,Manutenção Alto Falante,Alto-falante auricular para iPhone XS,Apple,Estrangeira - Importação direta,200
23953,2020-09-18,Manutenção Vibra / Volume / Power,Motor de função vibratória para iPhone XS,Apple,Estrangeira - Importação direta,300
23954,2020-09-18,Manutenção Speaker,Speaker - iPhone XS,Apple,Estrangeira - Importação direta,600
23955,2020-09-18,Manutenção Câmera,Câmera Frontal e Sensor para iPhone XS,Apple,Estrangeira - Importação direta,250
23956,2020-09-18,Manutenção Câmera,Câmera Traseira para iPhone XS,Apple,Estrangeira - Importação direta,400
23957,2020-09-18,Manutenção Carcaça/Vidro Traseiro,Tampa de vidro com lente traseira para iPhone XS Branco,Apple,Estrangeira - Importação direta,400
23958,2020-09-18,Manutenção LCD/ Touch,Vidro e touchscreen com LCD iPad Air 2 - Branco,Apple,Estrangeira - Importação direta,1000
23959,2020-09-18,Manutenção Carcaça/Vidro Traseiro,Tampa de vidro com lente traseira para iPhone XS Preto,Apple,Estrangeira - Importação direta,400
23960,2020-09-18,Manutenção Vibra / Volume / Power,Flex da função power para iPhone X,Apple,Estrangeira - Importação direta,400
23961,2020-09-18,Manutenção Carcaça/Vidro Traseiro,Tampa de vidro com lente traseira para iPhone 8 Branco,Apple,Estrangeira - Importação direta,200
23962,2020-09-18,Manutenção Vibra / Volume / Power,Flex da função de ajuste de volume para iPhone X,Apple,Estrangeira - Importação direta,400
23963,2020-09-18,Manutenção LCD/ Touch,Vidro e touchscreen com LCD iPad Mini 4 - Branco,Apple,Estrangeira - Importação direta,800
23964,2020-09-18,Manutenção Carcaça/Vidro Traseiro,Tampa de vidro com lente traseira para iPhone 8 Vermelho,Apple,Estrangeira - Importação direta,200
23965,2020-09-18,Manutenção Conector,Flex de Conector de Carga para iPhone X Cinza,Apple,Estrangeira - Importação direta,300
23966,2020-09-18,Manutenção Carcaça/Vidro Traseiro,Tampa de vidro com lente traseira para iPhone 8 Dourado,Apple,Estrangeira - Importação direta,200
23967,2020-09-18,Manutenção Conector,Flex de Conector de Carga para iPhone X Preto,Apple,Estrangeira - Importação direta,300
23968,2020-09-18,Manutenção LCD/ Touch,Vidro e touchscreen com LCD iPad Mini 4 - Preto,Apple,Estrangeira - Importação direta,800
23969,2020-09-18,Manutenção Alto Falante,Alto-falante auricular para iPhone X,Apple,Estrangeira - Importação direta,200
23970,2020-09-18,Manutenção Câmera,Câmera Traseira para iPhone 8/SE 2,Apple,Estrangeira - Importação direta,250
23971,2020-09-18,Manutenção Vibra / Volume / Power,Motor de funçao vibratoria para iPhone X,Apple,Estrangeira - Importação direta,300
23972,2020-09-18,Manutenção Câmera,Câmera Frontal e Sensor para iPhone 8/SE 2,Apple,Estrangeira - Importação direta,200
23973,2020-09-18,Manutenção Speaker,Speaker - iPhone X,Apple,Estrangeira - Importação direta,300
23974,2020-09-18,Manutenção Carcaça/Vidro Traseiro,Tampa de vidro com lente traseira para iPhone X Branco,Apple,Estrangeira - Importação direta,300
23975,2020-09-18,Manutenção LCD/ Touch,Vidro e touchscreen iPad 2 - Preto,Apple,Estrangeira - Importação direta,250
23976,2020-09-18,Manutenção Conector,Conector de Carga para iPhone 8 Branco,Apple,Estrangeira - Importação direta,200
23977,2020-09-18,Manutenção Carcaça/Vidro Traseiro,Tampa de vidro com lente traseira para iPhone 8 Plus Vermelho,Apple,Estrangeira - Importação direta,300
23978,2020-09-18,Manutenção Câmera,Flex da Câmera Frontal e Sensor para iPhone X,Apple,Estrangeira - Importação direta,300
23979,2020-09-18,Manutenção Carcaça/Vidro Traseiro,Tampa de vidro com lente traseira para iPhone 8 Plus Dourado,Apple,Estrangeira - Importação direta,300
23980,2020-09-18,Manutenção LCD/ Touch,Vidro e touchscreen iPad 2 - Branco,Apple,Estrangeira - Importação direta,250
23981,2020-09-18,Manutenção Câmera,Câmera Traseira para iPhone 8 Plus,Apple,Estrangeira - Importação direta,200
23982,2020-09-18,Manutenção Carcaça/Vidro Traseiro,Tampa de vidro com lente traseira para iPhone X Preto,Apple,Estrangeira - Importação direta,300
23983,2020-09-18,Manutenção LCD/ Touch,LCD para iPad 3/4,Apple,Estrangeira - Importação direta,300
23984,2020-09-18,Manutenção Wi-Fi,Antena Wi-Fi para iPhone XR,Apple,Estrangeira - Importação direta,400
23985,2020-09-18,Manutenção Conector,Flex de Conector de Carga para iPhone 8 Plus Branco,Apple,Estrangeira - Importação direta,300
23986,2020-09-18,Manutenção Vibra / Volume / Power,Flex da função power para iPhone XR,Apple,Estrangeira - Importação direta,0
23987,2020-09-18,Manutenção Câmera,Câmera Frontal e Sensor para iPhone 5S/SE,Apple,Estrangeira - Importação direta,150
23988,2020-09-18,Manutenção Conector,Flex de Conector de Carga para iPhone 8 Plus Preto,Apple,Estrangeira - Importação direta,300
23989,2020-09-18,Manutenção Vibra / Volume / Power,Flex power / volume / vibra / microfone / flash - iPhone XR,Apple,Estrangeira - Importação direta,400
23990,2020-09-18,Manutenção Carcaça/Vidro Traseiro,Tampa de vidro com lente traseira para iPhone XR Preto,Apple,Estrangeira - Importação direta,400
23991,2020-09-18,Manutenção Alto Falante,Alto-falante auricular para iPhone XR,Apple,Estrangeira - Importação direta,200
23992,2020-09-18,Manutenção Vibra / Volume / Power,Flex motor vibra - iPhone XR,Apple,Estrangeira - Importação direta,300
23993,2020-09-18,Manutenção LCD/ Touch,Vidro e touchscreen iPad 3/4 - Preto,Apple,Estrangeira - Importação direta,300
23994,2020-09-18,Manutenção Carcaça/Vidro Traseiro,Tampa de vidro com lente traseira para iPhone XR Branco,Apple,Estrangeira - Importação direta,400
23995,2020-09-18,Manutenção Câmera,Câmera Traseira para iPhone XR,Apple,Estrangeira - Importação direta,400
23996,2020-09-18,Manutenção LCD/ Touch,Vidro e touchscreen iPad 3/4 Branco,Apple,Estrangeira - Importação direta,300
23997,2020-09-18,Manutenção Câmera,Câmera Frontal e Sensor para iPhone XR,Apple,Estrangeira - Importação direta,300
23998,2020-09-18,Manutenção LCD/ Touch,Vidro e touchscreen iPad Air - Preto,Apple,Estrangeira - Importação direta,300
23999,2020-09-18,Manutenção LCD/ Touch,LCD para iPad Air/5,Apple,Estrangeira - Importação direta,0
24000,2020-09-18,Manutenção Speaker,Speaker para iPhone XR,Apple,Estrangeira - Importação direta,400
24001,2020-09-18,Manutenção LCD/ Touch,Vidro e touchscreen iPad Air - Branco,Apple,Estrangeira - Importação direta,300
24002,2020-09-18,Manutenção Carcaça/Vidro Traseiro,Aro com carcaça metalica para iPhone X Preto,Apple,Estrangeira - Importação direta,400
24003,2020-09-18,Manutenção LCD/ Touch,Vidro e touchscreen iPad 6 - Preto,Apple,Estrangeira - Importação direta,500
24004,2020-09-18,Manutenção Carcaça/Vidro Traseiro,Aro com carcaça metalica para iPhone X Branco,Apple,Estrangeira - Importação direta,400
24005,2020-09-18,Manutenção LCD/ Touch,Vidro e touchscreen iPad Mini 1/2 - Preto,Apple,Estrangeira - Importação direta,400
24006,2020-09-18,Manutenção Carcaça/Vidro Traseiro,Aro com carcaça metalica para iPhone XR Preto,Apple,Estrangeira - Importação direta,500
24007,2020-09-18,Manutenção LCD/ Touch,Vidro e touchscreen iPad Mini 1/2 - Branco,Apple,Estrangeira - Importação direta,400
24008,2020-09-18,Manutenção Carcaça/Vidro Traseiro,Aro com carcaça metalica para iPhone XR Branco,Apple,Estrangeira - Importação direta,500
24009,2020-09-18,Manutenção Carcaça/Vidro Traseiro,Aro com carcaça metalica para iPhone XR Vermelho,Apple,Estrangeira - Importação direta,500
24010,2020-09-18,Manutenção Carcaça/Vidro Traseiro,Aro com carcaça metalica para iPhone XR Amarelo,Apple,Estrangeira - Importação direta,500
24011,2020-09-18,Manutenção LCD/ Touch,Vidro e touchscreen iPad mini 3 Branco,Apple,Estrangeira - Importação direta,400
24012,2020-09-18,Manutenção Carcaça/Vidro Traseiro,Aro com carcaça metalica para iPhone XR Laranja,Apple,Estrangeira - Importação direta,500
24013,2020-09-18,Manutenção Carcaça/Vidro Traseiro,Aro com carcaça metalica para iPhone XR Azul,Apple,Estrangeira - Importação direta,500
24014,2020-09-18,Manutenção Carcaça/Vidro Traseiro,Aro com carcaça metalica para iPhone 8 Branco,Apple,Estrangeira - Importação direta,300
24015,2020-09-18,Manutenção Carcaça/Vidro Traseiro,Aro com carcaça metalica para iPhone XS Preto,Apple,Estrangeira - Importação direta,400
24016,2020-09-18,Manutenção Carcaça/Vidro Traseiro,Aro com carcaça metalica para iPhone 8 Preto,Apple,Estrangeira - Importação direta,300
24017,2020-09-18,Manutenção Carcaça/Vidro Traseiro,Aro com carcaça metalica para iPhone XS Branco,Apple,Estrangeira - Importação direta,400
24018,2020-09-18,Manutenção Carcaça/Vidro Traseiro,Aro com carcaça metalica para iPhone 8 Vermelho,Apple,Estrangeira - Importação direta,300
24019,2020-09-18,Manutenção Carcaça/Vidro Traseiro,Aro com carcaça metalica para iPhone XS Dourado,Apple,Estrangeira - Importação direta,400
24020,2020-09-18,Manutenção Carcaça/Vidro Traseiro,Aro com carcaça metalica para iPhone 8 Plus - Preto,Apple,Estrangeira - Importação direta,300
24021,2020-09-18,Manutenção Carcaça/Vidro Traseiro,Aro com carcaça metalica para iPhone XS Max - Preto,Apple,Estrangeira - Importação direta,500
24022,2020-09-18,Manutenção Carcaça/Vidro Traseiro,Aro com carcaça metalica para iPhone XS Max - Branco,Apple,Estrangeira - Importação direta,500
24023,2020-09-18,Manutenção Carcaça/Vidro Traseiro,Aro com carcaça metalica para iPhone 8 Plus Preto,Apple,Estrangeira - Importação direta,400
24024,2020-09-18,Manutenção Carcaça/Vidro Traseiro,Aro com carcaça metalica para iPhone XS Max - Dourado,Apple,Estrangeira - Importação direta,500
24025,2020-09-18,Manutenção Câmera,Câmera Traseira para iPhone 6 Plus,Apple,Estrangeira - Importação direta,150
24026,2020-09-18,Manutenção Carcaça/Vidro Traseiro,Aro com carcaça metalica para iPhone 8 Plus Branco,Apple,Estrangeira - Importação direta,400
24027,2020-09-18,Manutenção Câmera,Câmera Frontal e Sensor para iPhone 6 Plus,Apple,Estrangeira - Importação direta,150
24028,2020-09-18,Manutenção Carcaça/Vidro Traseiro,Aro com carcaça metalica para iPhone 8 Plus Dourado,Apple,Estrangeira - Importação direta,400
24029,2020-09-18,Manutenção Conector,Flex de Conector de Carga para iPhone 6 Plus Cinza Escuro,Apple,Estrangeira - Importação direta,400
24030,2020-09-18,Manutenção Carcaça/Vidro Traseiro,Aro com carcaça metalica para iPhone 8 Plus Vermelho,Apple,Estrangeira - Importação direta,400
24031,2020-09-18,Manutenção Conector,Flex de Conector de Carga para iPhone 6 Plus Branco,Apple,Estrangeira - Importação direta,180
24032,2020-09-18,Manutenção Câmera,Câmera Traseira para iPhone 6S,Apple,Estrangeira - Importação direta,150
24033,2020-09-18,Manutenção Câmera,Câmera Frontal e Sensor para iPhone 6S,Apple,Estrangeira - Importação direta,150
24035,2020-09-22,Manutenção Speaker,Speaker - iPad Air,Apple,Nacional,0
24036,2020-09-23,Manutenção Alto Falante,Flex sensor/ alto falante - iPhone XS Max,Apple,Nacional,0
24037,2020-09-23,Manutenção Vibra / Volume / Power,Flex power - iPad Pro 9.7,Apple,Estrangeira - Importação direta,0
24038,2020-09-23,Manutenção Alto Falante,Flex sensor/ alto falante - iPhone 11 Pro Max,Apple,Nacional,0
24039,2020-09-23,Manutenção Conector,Conector de Carga iPad 5 - Preto,Apple,Nacional,0
24098,2020-10-19,Manutenção LCD/ Touch,Vidro c/ Touchscreen e LCD Galaxy S9 Plus - Preta,Android,Nacional,3000
24100,2020-10-20,Manutenção LCD/ Touch,Vidro e touchscreen com LCD iPhone 5S - Branco,Apple,Estrangeira - Importação direta,250
24101,2020-10-20,Manutenção LCD/ Touch,Vidro e touchscreen com LCD iPhone SE - Branco ,Apple,Estrangeira - Importação direta,400
24102,2020-10-20,Manutenção LCD/ Touch,Vidro e touchscreen com LCD iPhone SE - Preto ,Apple,Estrangeira - Importação direta,400
24103,2020-10-20,Manutenção LCD/ Touch,Vidro e touchscreen com LCD iPhone 6 - Preto,Apple,Estrangeira - Importação direta,250
24104,2020-10-20,Manutenção LCD/ Touch,Vidro e touchscreen com LCD iPhone 6 - Branco,Apple,Estrangeira - Importação direta,250
24105,2020-10-20,Manutenção LCD/ Touch,Vidro e touchscreen com LCD iPhone 6S - Preto,Apple,Estrangeira - Importação direta,350
24106,2020-10-20,Manutenção LCD/ Touch,Vidro Touchscreen com LCD para iPhone 7 - Preto,Apple,Estrangeira - Importação direta,350
24107,2020-10-20,Manutenção LCD/ Touch,Vidro e touchscreen com LCD iPhone 7 - Branco,Apple,Estrangeira - Importação direta,350
24108,2020-10-20,Manutenção LCD/ Touch,Vidro e touchscreen com LCD iPhone 8 Plus - Branco,Apple,Nacional,500
24109,2020-10-20,Manutenção LCD/ Touch,Vidro e touchscreen com LCD iPhone 8 Plus - Preto,Apple,Nacional,500
24110,2020-10-20,Manutenção LCD/ Touch,Vidro e touchscreen com LCD iPhone XR - Preto,Apple,Nacional,700
24111,2020-10-20,Manutenção LCD/ Touch,Vidro e touchscreen com LCD iPhone 11 - Preto,Apple,Nacional,800
24112,2020-10-20,Manutenção LCD/ Touch,Vidro e touchscreen com LCD iPhone 11 Pro - Preto,Apple,Estrangeira - Importação direta,800
24113,2020-10-20,Manutenção LCD/ Touch,Vidro e touchscreen com LCD iPhone 11 Pro Max - Preto,Apple,Estrangeira - Importação direta,1000
24114,2020-10-20,Manutenção LCD/ Touch,Vidro c/ Touchscreen para iPad 7 - Branco,Apple,Estrangeira - Importação direta,0
24115,2020-10-20,Manutenção LCD/ Touch,Vidro e touchscreen iPad 7 - Preto,Apple,Estrangeira - Importação direta,900
24116,2020-10-20,Manutenção LCD/ Touch,Vidro e touchscreen iPad 6 - Branco,Apple,Estrangeira - Importação direta,500
24117,2020-10-20,Manutenção Carcaça/Vidro Traseiro,Tampa de vidro com lente traseira para iPhone XS Max - Dourado,Apple,Estrangeira - Importação direta,400
24118,2020-10-20,Manutenção Conector,Flex de Conector de Carga para iPhone 6S - Branco,Apple,Estrangeira - Importação direta,200
24119,2020-10-20,Manutenção Vibra / Volume / Power,Flex Power/Volume para iPhone 7,Apple,Estrangeira - Importação direta,200
24120,2020-10-20,Manutenção Vibra / Volume / Power,Motor do Vibra para iPhone 8/SE 2,Apple,Estrangeira - Importação direta,200
24121,2020-10-20,Manutenção Câmera,Câmera Frontal e Sensor para iPhone 8 Plus,Apple,Estrangeira - Importação direta,200
24122,2020-10-20,Manutenção Vibra / Volume / Power,Motor de função vibratória para iPhone 8 Plus,Apple,Estrangeira - Importação direta,200
24123,2020-10-20,Manutenção Carcaça/Vidro Traseiro,Tampa de vidro com lente traseira para iPhone XR - Vermelho,Apple,Estrangeira - Importação direta,400
24124,2020-10-20,Manutenção Wi-Fi,Antena Wi-Fi para iPhone X,Apple,Estrangeira - Importação direta,400
24125,2020-10-20,Manutenção Carcaça/Vidro Traseiro,Tampa de vidro com lente traseira para iPhone XR - Amarelo,Apple,Estrangeira - Importação direta,400
24126,2020-10-20,Manutenção Conector,Flex de Conector de Carga para iPhone 11 - Amarelo,Apple,Estrangeira - Importação direta,400
24127,2020-10-20,Manutenção Conector,Flex de Conector de Carga para iPhone 11 - Vermelho,Apple,Estrangeira - Importação direta,400
24128,2020-10-20,Manutenção Conector,Flex de Conector de Carga para iPhone 11 - Roxo,Apple,Estrangeira - Importação direta,400
24129,2020-10-20,Manutenção Conector,Flex de Conector de Carga para iPhone 11 - Verde,Apple,Estrangeira - Importação direta,400
24130,2020-10-20,Manutenção Conector,Flex conector de carga - iPad Pro 9.7 Branco,Apple,Estrangeira - Importação direta,600
24131,2020-10-21,Manutenção Conector,Flex conector de carga - iPad Pro 9.7 Preto,Apple,Estrangeira - Importação direta,600
24132,2020-10-21,Manutenção Flex do Home,Flex Home do iPhone 7 - Prata,Apple,Estrangeira - Importação direta,0
24133,2020-10-21,Manutenção Flex do Home,Flex Home do iPhone 7 - Dourado,Apple,Estrangeira - Importação direta,0
24134,2020-10-21,Manutenção Câmera,Lente de vidro da câmera traseira para iPhone 8 - Prata,Apple,Estrangeira - Importação direta,100
24135,2020-10-21,Manutenção Câmera,Vidro da câmera traseira para iPhone 8 Plus - Prata,Apple,Estrangeira - Importação direta,0
24136,2020-10-21,Manutenção Conector,Flex do conector de carga para iPhone SE - Branco,Apple,Estrangeira - Importação direta,600
24137,2020-10-21,Manutenção Conector,Flex do conector de carga para iPhone SE - Preto,Apple,Estrangeira - Importação direta,200
24138,2020-10-21,Manutenção Conector,Flex conector de carga NFC para iPhone X,Apple,Estrangeira - Importação direta,0
24139,2020-10-21,Manutenção Câmera,Vidro da câmera traseira para iPhone XR Azul,Apple,Estrangeira - Importação direta,0
24140,2020-10-21,Manutenção Conector,Flex conector de carga para iPhone XR Branco,Apple,Estrangeira - Importação direta,300
24141,2020-10-21,Manutenção Câmera,Vidro da câmera traseira para iPhone XR Preto,Apple,Estrangeira - Importação direta,0
24142,2020-10-21,Manutenção Câmera,Vidro da câmera traseira para iPhone XS Max Dourado,Apple,Estrangeira - Importação direta,150
24143,2020-10-21,Manutenção Câmera,Vidro da câmera traseira para iPhone 11 Prata,Apple,Estrangeira - Importação direta,0
24144,2020-10-21,Manutenção Câmera,Vidro da câmera traseira para iPhone 11 Amarelo,Apple,Estrangeira - Importação direta,0
24145,2020-10-21,Manutenção Câmera,Vidro da câmera traseira para iPhone 11 Vermelho,Apple,Estrangeira - Importação direta,0
24146,2020-10-21,Manutenção Câmera,Vidro da câmera traseira para iPhone 11 Roxo,Apple,Estrangeira - Importação direta,0
24147,2020-10-21,Manutenção Câmera,Vidro da câmera traseira para iPhone 11 Verde,Apple,Estrangeira - Importação direta,0
24148,2020-10-21,Manutenção Câmera,Vidro da câmera traseira para iPhone 11 Preto,Apple,Estrangeira - Importação direta,0
24149,2020-10-21,Manutenção Alto Falante,Alto-falante (saída auricular) para iPhone 11,Apple,Estrangeira - Importação direta,0
24150,2020-10-21,Manutenção Câmera,Vidro da câmera traseira para iPhone 11 Pro Verde,Apple,Estrangeira - Importação direta,0
24151,2020-10-21,Manutenção Câmera,Vidro da câmera traseira para iPhone 11 Pro Dourado,Apple,Estrangeira - Importação direta,0
24152,2020-10-21,Manutenção Câmera,Vidro da câmera traseira para iPhone 11 Pro Preto,Apple,Estrangeira - Importação direta,0
24153,2020-10-21,Manutenção Câmera,Vidro da câmera traseira para iPhone 11 Pro Prata,Apple,Estrangeira - Importação direta,0
24154,2020-10-21,Manutenção Câmera,Vidro da câmera traseira para iPhone 11 Pro Max Branco,Apple,Estrangeira - Importação direta,0
24155,2020-10-21,Manutenção Câmera,Vidro da câmera traseira para iPhone 11 Pro Max Dourado,Apple,Estrangeira - Importação direta,0
24156,2020-10-21,Manutenção Câmera,Vidro da câmera traseira para iPhone 11 Pro Max Verde,Apple,Estrangeira - Importação direta,0
24157,2020-10-21,Manutenção Câmera,Vidro da câmera traseira para iPhone 11 Pro Max Preto,Apple,Estrangeira - Importação direta,0
24158,2020-10-21,Manutenção Speaker,Alto-falante (Caixa de som) para iPad 2,Apple,Estrangeira - Importação direta,180
24159,2020-10-21,Manutenção Conector,Flex conector de carga para iPad 3,Apple,Estrangeira - Importação direta,300
24160,2020-10-21,Manutenção Speaker,Alto-falante (Caixa de som) para iPad 3,Apple,Estrangeira - Importação direta,500
24161,2020-10-21,Manutenção Conector,Flex conector de carga para iPad 5 Preto,Apple,Estrangeira - Importação direta,0
24162,2020-10-21,Manutenção Conector,Flex conector de carga para iPad 5 Branco,Apple,Estrangeira - Importação direta,0
24163,2020-10-21,Manutenção LCD/ Touch,LCD para iPad 6,Apple,Estrangeira - Importação direta,700
24164,2020-10-21,Manutenção Conector,Flex conector de carga - iPad 6 Preto,Apple,Estrangeira - Importação direta,400
24165,2020-10-21,Manutenção Conector,Flex conector de carga - iPad 6 Branco,Apple,Estrangeira - Importação direta,400
24166,2020-10-21,Manutenção LCD/ Touch,LCD para iPad 7,Apple,Estrangeira - Importação direta,1000
24167,2020-10-21,Manutenção Conector,Flex conector de carga para iPad 7 Preto,Apple,Estrangeira - Importação direta,500
24168,2020-10-21,Manutenção Conector,Flex conector de carga para iPad 7 Branco,Apple,Estrangeira - Importação direta,500
24169,2020-10-21,Manutenção LCD/ Touch,LCD para iPad 2,Apple,Estrangeira - Importação direta,350
24170,2020-10-21,Manutenção LCD/ Touch,Vidro e touchscreen iPad 7 - Branco,Apple,Estrangeira - Importação direta,900
24171,2020-10-21,Manutenção Flex do Fone,Flex P2 (3.5mm) para iPad Air - Preto,Apple,Estrangeira - Importação direta,350
24172,2020-10-21,Manutenção Conector,Conector de Carga para iPad Air 1 /iPad 5º - Branco,Apple,Estrangeira - Importação direta,300
24173,2020-10-21,Manutenção Conector,Conector de Carga para iPad Air 1 /iPad 5º - Preto,Apple,Estrangeira - Importação direta,300
24174,2020-10-21,Manutenção Speaker,Speaker para iPad Air/5,Apple,Estrangeira - Importação direta,200
24175,2020-10-21,Manutenção Câmera,Camera frontal para iPad Air 2,Apple,Estrangeira - Importação direta,0
24176,2020-10-21,Manutenção Flex do Fone,Flex do conector P2 (3.5mm) para iPad Air 2 - Branco,Apple,Estrangeira - Importação direta,350
24177,2020-10-21,Manutenção Flex do Fone,Flex do conector P2 (3.5mm) para iPad Air 2 - Preto,Apple,Estrangeira - Importação direta,350
24178,2020-10-21,Manutenção Vibra / Volume / Power,Flex volume / microfone - iPad 6 / Air 2,Apple,Estrangeira - Importação direta,350
24179,2020-10-21,Manutenção Vibra / Volume / Power,Flex power - iPad 6 / Air 2,Apple,Estrangeira - Importação direta,350
24180,2020-10-21,Manutenção Vibra / Volume / Power,Flex power / flash / microfone - iPad Pro 9.7,Apple,Estrangeira - Importação direta,500
24188,2020-10-26,Manutenção Flex do Fone,Flex P2 iPad Mini 4 - Branco,Apple,Estrangeira - Importação direta,350
24200,2020-10-29,Manutenção Flex do Home,Flex home - iPad 5 / 6,Apple,Nacional,200
24204,2020-11-04,Manutenção Bateria,Bateria de iPad 6,Apple,Nacional,450
24219,2020-11-06,Manutenção LCD/ Touch,Vidro e touchscreen com LCD iPad Pro 12.9 (2° Ger) - A1670 / A1671 / A1821 - Preto,Apple,Estrangeira - Importação direta,3000
24220,2020-11-06,Manutenção LCD/ Touch,Vidro e touchscreen com LCD iPad Pro 12.9 (2° Ger) - A1670 / A1671 / A1821 - Branco,Apple,Estrangeira - Importação direta,3000
24221,2020-11-06,Manutenção Carcaça/Vidro Traseiro,Carcaça metalica para iPad Air 2 (Wi-Fi) - Prata,Apple,Estrangeira - Importação direta,300
24222,2020-11-06,Manutenção Carcaça/Vidro Traseiro,Carcaça metalica para iPad Air 2 (3G) - Prata,Apple,Estrangeira - Importação direta,600
24234,2020-11-12,Manutenção Carcaça/Vidro Traseiro,Aro com carcaça metalica para iPhone 11 Pro - Verde,Apple,Estrangeira - Importação direta,600
24238,2020-11-16,Manutenção Antena de Sinal,Antena de Sinal  - iPhone 8 Plus,Apple,Nacional,200
24324,2020-12-08,Manutenção LCD/ Touch,Vidro e touchscreen com LCD iPhone 6S Plus - Preto,Apple,Estrangeira - Importação direta,300
24325,2020-12-08,Manutenção LCD/ Touch,Vidro e touchscreen com LCD iPhone 6 Plus - Preto,Apple,Estrangeira - Importação direta,300
24326,2020-12-08,Manutenção LCD/ Touch,Vidro e touchscreen com LCD iPhone 6 Plus - Branco,Apple,Estrangeira - Importação direta,300
24327,2020-12-08,Manutenção LCD/ Touch,Vidro e touchscreen iPad 5 - Preto,Apple,Estrangeira - Importação direta,450
24328,2020-12-08,Manutenção LCD/ Touch,Vidro e touchscreen iPad 5 - Branco,Apple,Nacional,450
24329,2020-12-08,Manutenção LCD/ Touch,LCD para iPad Air/5,Apple,Estrangeira - Importação direta,600
24330,2020-12-08,Manutenção LCD/ Touch,LCD para iPad Mini,Apple,Estrangeira - Importação direta,400
24344,2020-12-16,Manutenção Conector,Conector de carga para iPhone XR Preto,Apple,Estrangeira - Importação direta,300
24367,2020-12-21,Manutenção LCD/ Touch,Tela Touchscreen para Samsung Galaxy Tab E 9.6,Android,Nacional,300
24387,2020-12-28,Manutenção Bateria,Bateria de iPhone 11,Apple,Nacional,500
24401,2021-01-04,Manutenção LCD/ Touch,Vidro e touchscreen com LCD iPhone 8/SE 2 - Preto,Apple,Nacional,500
24412,2021-01-12,Manutenção Câmera,Câmera Traseira para iPhone SE,Apple,Estrangeira - Importação direta,150
24413,2021-01-12,Manutenção Câmera,Câmera Frontal e Sensor para iPhone 6,Apple,Estrangeira - Importação direta,150
24414,2021-01-12,Manutenção Câmera,Câmera Traseira para iPhone 6,Apple,Estrangeira - Importação direta,0
24415,2021-01-12,Manutenção Conector,Flex de Conector de Carga para iPhone 6 - Branco,Apple,Estrangeira - Importação direta,300
24416,2021-01-12,Manutenção Conector,Flex de Conector de Carga para iPhone 6 - Cinza Claro,Apple,Estrangeira - Importação direta,180
24417,2021-01-12,Manutenção Conector,Flex de Conector de Carga para iPhone 6S - Cinza Escuro,Apple,Estrangeira - Importação direta,200
24418,2021-01-12,Manutenção Alto Falante,Alto-falante auricular para iPhone 7,Apple,Estrangeira - Importação direta,0
24419,2021-01-12,Manutenção Speaker,Speaker para iPhone 7,Apple,Estrangeira - Importação direta,0
24420,2021-01-12,Manutenção Carcaça/Vidro Traseiro,Aro com carcaça metálica para iPhone 7 - Vermelho,Apple,Estrangeira - Importação direta,200
24421,2021-01-12,Manutenção Wi-Fi,Antena Wi-fi para iPhone 7,Apple,Estrangeira - Importação direta,0
24422,2021-01-12,Manutenção Câmera,Lente de Vidro da Câmera traseira para iPhone 7,Apple,Estrangeira - Importação direta,100
24423,2021-01-12,Manutenção Vibra / Volume / Power,Flex da função de ajuste de volume e do power para iPhone 7 Plus,Apple,Estrangeira - Importação direta,0
24424,2021-01-12,Manutenção Alto Falante,Alto-falante auricular para iPhone 7 Plus,Apple,Estrangeira - Importação direta,0
24425,2021-01-12,Manutenção Carcaça/Vidro Traseiro,Aro com carcaça metálica para iPhone 7 Plus - Vermelho,Apple,Estrangeira - Importação direta,200
24426,2021-01-12,Manutenção Câmera,Lente de vidro da Câmera Traseira para iPhone 7 Plus - Preta,Apple,Estrangeira - Importação direta,100
24427,2021-01-12,Manutenção Vibra / Volume / Power,Motor de função vibratória para iPhone 7 Plus,Apple,Estrangeira - Importação direta,0
24428,2021-01-12,Manutenção Carcaça/Vidro Traseiro,Tampa de vidro com lente traseira para iPhone 8 - Preta,Apple,Estrangeira - Importação direta,200
24429,2021-01-12,Manutenção Speaker,Speaker para iPhone 8,Apple,Estrangeira - Importação direta,0
24430,2021-01-12,Manutenção Carcaça/Vidro Traseiro,Aro com carcaça metálica para iPhone 8 - Dourado,Apple,Estrangeira - Importação direta,300
24431,2021-01-12,Manutenção Câmera,Lente de vidro da Câmera Traseira para iPhone 8 - Preta,Apple,Estrangeira - Importação direta,100
24432,2021-01-12,Manutenção Carcaça/Vidro Traseiro,Tampa de vidro com lente traseira para iPhone 8 Plus - Preta,Apple,Estrangeira - Importação direta,300
24433,2021-01-12,Manutenção Speaker,Alto-falante (Caixa de Som) para iPhone 8 Plus,Apple,Estrangeira - Importação direta,500
24434,2021-01-12,Manutenção Alto Falante,Alto-falante auricular para iPhone 8 Plus,Apple,Estrangeira - Importação direta,0
24435,2021-01-12,Manutenção Câmera,Lente de Vidro da Câmera traseira para iPhone 8 Plus - Preta,Apple,Estrangeira - Importação direta,200
24436,2021-01-12,Manutenção Câmera,Lente de vidro da Câmera Traseira para iPhone 8 Plus - Prata,Apple,Estrangeira - Importação direta,200
24437,2021-01-12,Manutenção Antena de Sinal,Antena de Sinal para iPhone 8 Plus,Apple,Estrangeira - Importação direta,0
24438,2021-01-12,Manutenção Câmera,Lente de vidro da Câmera Traseira para iPhone X - Preta,Apple,Estrangeira - Importação direta,200
24439,2021-01-12,Manutenção Câmera,Lente de vidro da Câmera Traseira para iPhone X - Prata,Apple,Estrangeira - Importação direta,200
24440,2021-01-12,Manutenção Speaker,Alto-falante (Caixa de Som) para iPhone X,Apple,Estrangeira - Importação direta,0
24441,2021-01-12,Manutenção Carcaça/Vidro Traseiro,Tampa de vidro com lente traseira para iPhone X - Dourado,Apple,Estrangeira - Importação direta,300
24442,2021-01-12,Manutenção Antena de Sinal,Antena de Sinal para iPhone X,Apple,Estrangeira - Importação direta,0
24443,2021-01-12,Manutenção Câmera,Lente de vidro da Câmera Traseira para iPhone XR - Prata,Apple,Estrangeira - Importação direta,0
24444,2021-01-12,Manutenção Câmera,Lente de vidro da Câmera Traseira para iPhone XR - Laranja,Apple,Estrangeira - Importação direta,0
24445,2021-01-12,Manutenção Câmera,Lente de Vidro da Câmera traseira para iPhone XS - Prata,Apple,Estrangeira - Importação direta,200
24446,2021-01-12,Manutenção Câmera,Lente de vidro da câmera traseira para iPhone XS - Dourado,Apple,Estrangeira - Importação direta,200
24447,2021-01-12,Manutenção Conector,Flex do Conector de Carga para iPad 2,Apple,Estrangeira - Importação direta,300
24448,2021-01-12,Manutenção Câmera,Câmera traseira para iPad 2,Apple,Estrangeira - Importação direta,0
24449,2021-01-12,Manutenção Câmera,Câmera traseira para iPad 3/4,Apple,Estrangeira - Importação direta,200
24450,2021-01-12,Manutenção Microfone,Microfone para iPad 3,Apple,Estrangeira - Importação direta,200
24451,2021-01-12,Manutenção Câmera,Câmera Frontal para iPad 4,Apple,Estrangeira - Importação direta,0
24452,2021-01-12,Manutenção Vibra / Volume / Power,Flex da função power para iPad Air 2,Apple,Estrangeira - Importação direta,0
24453,2021-01-12,Manutenção Câmera,Câmera Frontal para iPad Mini,Apple,Estrangeira - Importação direta,0
24454,2021-01-12,Manutenção LCD/ Touch,Vidro e touchscreen iPad Mini 3 - Preta,Apple,Estrangeira - Importação direta,400
24455,2021-01-12,Manutenção Conector,Flex de Conector de Carga para iPad Mini 2/3 - Branco,Apple,Estrangeira - Importação direta,250
24458,2021-01-14,Manutenção,Manutenção 11/11 Pro,Android,Nacional,0
24469,2021-01-18,Manutenção LCD/ Touch,Vidro e touchscreen com LCD iPad Pro 11 (1°/2° Ger) - A1980 / A1934 / A1979 / A2103 / A2268 / A2228 / A2230 / A2231,Apple,Estrangeira - Importação direta,3000
24470,2021-01-18,Manutenção Vibra / Volume / Power,Flex Volume/carregador sem fio - iPhone 11 Pro Max,Apple,Estrangeira - Importação direta,400
24482,2021-01-21,Manutenção Conector,Conector de Carga iPad 5 - Branco,Apple,Nacional,0
24503,2021-01-28,Manutenção LCD/ Touch,Vidro c/ Touchscreen e LCD iPhone SE 2 - Preto,Apple,Nacional,0
24504,2021-01-28,Manutenção Parafuso,Parafuso de fechamento do iPhone X - Prata,Apple,Estrangeira - Importação direta,0
24520,2021-02-05,Manutenção Parafuso,Parafuso de fechamento do iPhone 7 - rosé,Apple,Estrangeira - Importação direta,0
24533,2021-02-15,Manutenção Parafuso,Parafuso para iPhone 7 / 7 Plus,Apple,Estrangeira - Importação direta,50
24534,2021-02-15,Manutenção Bateria,Bateria de iPhone 11 Pro,Apple,Nacional,550
24546,2021-02-24,Manutenção Wi-Fi,Antena do Wi-Fi iPad Mini 4,Apple,Estrangeira - Importação direta,450
24547,2021-02-24,Manutenção Wi-Fi,Antena do Wi-Fi iPad Mini 4,Android,Estrangeira - Importação direta,450
24579,2021-03-03,Manutenção Bateria,Bateria de iPhone 11 Pro Max,Apple,Nacional,550
24580,2021-03-03,Manutenção LCD/ Touch,Vidro e touchscreen com LCD iPad Pro 12.9 (1° Ger) - A1584 / A1652 - Preto,Apple,Estrangeira - Importação direta,3000
24581,2021-03-03,Manutenção LCD/ Touch,Vidro e touchscreen com LCD iPad Pro 12.9 (1° Ger) - A1584 / A1652 - Branco,Apple,Estrangeira - Importação direta,3000
24582,2021-03-03,Manutenção LCD/ Touch,Vidro e touchscreen com LCD iPad Pro 10.5 (A1701/A1709) - Branco,Apple,Estrangeira - Importação direta,2500
24583,2021-03-03,Manutenção LCD/ Touch,Vidro e touchscreen com LCD iPad Pro 10.5 (A1701/A1709) - Preto,Apple,Estrangeira - Importação direta,2500
24584,2021-03-03,Manutenção LCD/ Touch,Vidro e touchscreen com LCD iPad Pro 9.7 - Preto,Apple,Estrangeira - Importação direta,1600
24585,2021-03-03,Manutenção LCD/ Touch,Vidro e touchscreen com LCD iPad Pro 9.7 - Branco,Apple,Estrangeira - Importação direta,1600
24586,2021-03-03,Manutenção Conector,Flex de conector de carga para iPhone 5S - Preto,Apple,Estrangeira - Importação direta,400
24587,2021-03-03,Manutenção Conector,Flex de conector de carga para iPhone 5S - Branco,Apple,Estrangeira - Importação direta,200
24588,2021-03-03,Manutenção Conector,Flex de conector de carga para iPhone 6S Plus - Branco,Apple,Estrangeira - Importação direta,150
24589,2021-03-03,Manutenção Conector,Flex de conector de carga para iPhone 6S Plus - Cinza,Apple,Estrangeira - Importação direta,200
24590,2021-03-04,Manutenção Conector,Flex de Conector de Carga para iPhone XS Max Cinza,Apple,Estrangeira - Importação direta,400
24591,2021-03-04,Manutenção Conector,Flex de Conector de Carga para iPad Mini 2/3 - Preto,Apple,Estrangeira - Importação direta,400
24592,2021-03-04,Manutenção Conector,Flex de Conector de Carga para iPad Air 2 - Branco,Apple,Estrangeira - Importação direta,400
24593,2021-03-04,Manutenção Conector,Flex de Conector de Carga para iPad Air 2 - Preto,Apple,Estrangeira - Importação direta,500
24594,2021-03-04,Manutenção Conector,Flex de Conector de Carga para iPad Mini 4 - Branco,Apple,Estrangeira - Importação direta,300
24595,2021-03-04,Manutenção Conector,Flex de Conector de Carga para iPad Mini 4 - Preto,Apple,Estrangeira - Importação direta,300
24596,2021-03-04,Manutenção Câmera,Câmera Frontal para iPhone 12,Apple,Estrangeira - Importação direta,600
24597,2021-03-04,Manutenção Câmera,Câmera Frontal para iphone 12 Mini,Apple,Estrangeira - Importação direta,600
24598,2021-03-04,Manutenção Câmera,Câmera Frontal para iphone 12 Pro,Apple,Estrangeira - Importação direta,800
24599,2021-03-04,Manutenção Câmera,Câmera Frontal para iphone 12 Pro Max,Apple,Estrangeira - Importação direta,800
24600,2021-03-04,Manutenção Câmera,Câmera Traseira para iphone 12 Pro Max,Apple,Estrangeira - Importação direta,1000
24601,2021-03-04,Manutenção Câmera,Câmera Traseira para iphone 12 Pro,Apple,Estrangeira - Importação direta,800
24602,2021-03-04,Manutenção Câmera,Câmera Traseira para iphone 12 Mini,Apple,Estrangeira - Importação direta,600
24603,2021-03-04,Manutenção Câmera,Câmera Traseira para iPhone 12,Apple,Estrangeira - Importação direta,700
24604,2021-03-04,Manutenção Carcaça/Vidro Traseiro,Tampa de vidro com lente traseira para iPhone 12 - Azul,Apple,Estrangeira - Importação direta,400
24605,2021-03-04,Manutenção Carcaça/Vidro Traseiro,Tampa de vidro com lente traseira para iPhone 12 - Branco,Apple,Estrangeira - Importação direta,400
24606,2021-03-04,Manutenção Carcaça/Vidro Traseiro,Tampa de vidro com lente traseira para iPhone 12 - Preto,Apple,Nacional,400
24607,2021-03-04,Manutenção Carcaça/Vidro Traseiro,Tampa de vidro com lente traseira para iPhone 12 - Verde,Apple,Estrangeira - Importação direta,400
24608,2021-03-04,Manutenção Carcaça/Vidro Traseiro,Tampa de vidro com lente traseira para iPhone 12 - Vermelho,Apple,Estrangeira - Importação direta,400
24609,2021-03-04,Manutenção Carcaça/Vidro Traseiro,Tampa de vidro com lente traseira para iPhone 12 Mini - Vermelho,Apple,Estrangeira - Importação direta,400
24610,2021-03-04,Manutenção Carcaça/Vidro Traseiro,Tampa de vidro com lente traseira para iPhone 12 Mini - Verde,Apple,Estrangeira - Importação direta,400
24611,2021-03-04,Manutenção Carcaça/Vidro Traseiro,Tampa de vidro com lente traseira para iPhone 12 Mini - Azul,Apple,Estrangeira - Importação direta,400
24612,2021-03-04,Manutenção Carcaça/Vidro Traseiro,Tampa de vidro com lente traseira para iPhone 12 Mini - Preto,Apple,Estrangeira - Importação direta,400
24613,2021-03-04,Manutenção Carcaça/Vidro Traseiro,Tampa de vidro com lente traseira para iPhone 12 Mini - Branco,Apple,Estrangeira - Importação direta,400
24614,2021-03-04,Manutenção Carcaça/Vidro Traseiro,Tampa de vidro com lente traseira para iPhone 12 Pro - Grafite,Apple,Estrangeira - Importação direta,700
24615,2021-03-04,Manutenção Carcaça/Vidro Traseiro,Tampa de vidro com lente traseira para iPhone 12 Pro - Prata,Apple,Estrangeira - Importação direta,700
24616,2021-03-04,Manutenção Carcaça/Vidro Traseiro,Tampa de vidro com lente traseira para iPhone 12 Pro - Dourado,Apple,Estrangeira - Importação direta,700
24617,2021-03-04,Manutenção Carcaça/Vidro Traseiro,Tampa de vidro com lente traseira para iPhone 12 Pro - Azul,Apple,Estrangeira - Importação direta,700
24618,2021-03-04,Manutenção Carcaça/Vidro Traseiro,Tampa de vidro com lente traseira para iPhone 12 Pro Max - Azul,Apple,Nacional,800
24619,2021-03-04,Manutenção Carcaça/Vidro Traseiro,Tampa de vidro com lente traseira para iPhone 12 Pro Max - Dourado,Apple,Estrangeira - Importação direta,800
24620,2021-03-04,Manutenção Carcaça/Vidro Traseiro,Tampa de vidro com lente traseira para iPhone 12 Pro Max - Prata,Apple,Estrangeira - Importação direta,800
24621,2021-03-04,Manutenção Carcaça/Vidro Traseiro,Tampa de vidro com lente traseira para iPhone 12 Pro Max - Grafite,Apple,Nacional,800
24622,2021-03-04,Manutenção Carcaça/Vidro Traseiro,Aro com carcaça metalica para iPhone 12 Pro Max - Grafite,Apple,Estrangeira - Importação direta,1200
24623,2021-03-04,Manutenção Carcaça/Vidro Traseiro,Aro com carcaça metalica para iPhone 12 Pro Max - Dourado,Apple,Estrangeira - Importação direta,1200
24624,2021-03-04,Manutenção Carcaça/Vidro Traseiro,Aro com carcaça metalica para iPhone 12 Pro Max - Prata,Apple,Estrangeira - Importação direta,1200
24625,2021-03-04,Manutenção Carcaça/Vidro Traseiro,Aro com carcaça metalica para iPhone 12 Pro Max - Azul,Apple,Estrangeira - Importação direta,1200
24626,2021-03-04,Manutenção Carcaça/Vidro Traseiro,Aro com carcaça metalica para iPhone 12 Pro - Azul,Apple,Estrangeira - Importação direta,1000
24627,2021-03-04,Manutenção Carcaça/Vidro Traseiro,Aro com carcaça metalica para iPhone 12 Pro - Grafite,Apple,Estrangeira - Importação direta,1000
24628,2021-03-04,Manutenção Carcaça/Vidro Traseiro,Aro com carcaça metalica para iPhone 12 Pro - Dourado,Apple,Estrangeira - Importação direta,1000
24629,2021-03-04,Manutenção Carcaça/Vidro Traseiro,Aro com carcaça metalica para iPhone 12 Pro - Prata,Apple,Estrangeira - Importação direta,1000
24630,2021-03-04,Manutenção Carcaça/Vidro Traseiro,Aro com carcaça metalica para iPhone 12 - Branco,Apple,Estrangeira - Importação direta,900
24631,2021-03-04,Manutenção Carcaça/Vidro Traseiro,Aro com carcaça metalica para iPhone 12 - Preto,Apple,Estrangeira - Importação direta,900
24632,2021-03-04,Manutenção Carcaça/Vidro Traseiro,Aro com carcaça metalica para iPhone 12 - Azul,Apple,Estrangeira - Importação direta,900
24633,2021-03-04,Manutenção Carcaça/Vidro Traseiro,Aro com carcaça metalica para iPhone 12 - Verde,Apple,Estrangeira - Importação direta,900
24634,2021-03-04,Manutenção Carcaça/Vidro Traseiro,Aro com carcaça metalica para iPhone 12 - Vermelho,Apple,Estrangeira - Importação direta,900
24635,2021-03-04,Manutenção Carcaça/Vidro Traseiro,Aro com carcaça metalica para iPhone 12 Mini - Vermelho,Apple,Estrangeira - Importação direta,600
24636,2021-03-04,Manutenção Carcaça/Vidro Traseiro,Aro com carcaça metalica para iPhone 12 Mini - Verde,Apple,Estrangeira - Importação direta,600
24637,2021-03-04,Manutenção Carcaça/Vidro Traseiro,Aro com carcaça metalica para iPhone 12 Mini - Azul,Apple,Estrangeira - Importação direta,600
24638,2021-03-04,Manutenção Carcaça/Vidro Traseiro,Aro com carcaça metalica para iPhone 12 Mini - Preto,Apple,Estrangeira - Importação direta,600
24639,2021-03-04,Manutenção Carcaça/Vidro Traseiro,Aro com carcaça metalica para iPhone 12 Mini - Branco,Apple,Estrangeira - Importação direta,600
24653,2021-03-11,Manutenção Carcaça/Vidro Traseiro,Aro com carcaça metalica para iPhone 11 Branco,Apple,Estrangeira - Importação direta,500
24682,2021-03-31,Manutenção Alto Falante,Alto-falante (saída auricular) para iPhone 11,Apple,Estrangeira - Importação direta,300
24683,2021-04-06,Manutenção LCD/ Touch,Tela Touch Lcd Com Visor Para Samsung Galaxy Tab A 8.0 2019 Sm-t290 Sm-t295 T290 T295,Android,Nacional,500
24690,2021-04-12,Manutenção Conector,Conector de Carga para iPhone 8 Preto,Apple,Estrangeira - Importação direta,200
24693,2021-04-14,Manutenção Conector,Flex conector de carga - iPad Pro 11 (1°/2° Ger) / 12.9 (3°/4° Ger),Apple,Estrangeira - Importação direta,800
24702,2021-04-23,Manutenção Sim Tray,Simtray iPhone XS Max - Preto,Apple,Estrangeira - Importação direta,100
24709,2021-04-28,Manutenção Alto Falante,Flex sensor/ alto falante - iPhone XS,Apple,Nacional,0
24714,2021-05-07,Manutenção Bateria,Bateria de iPad Pro 9.7,Apple,Nacional,800
24722,2021-05-17,Manutenção Vibra / Volume / Power,Flex da função power para iPad Air,Apple,Estrangeira - Importação direta,0
24723,2021-05-17,Manutenção Microfone,Flex do Microfone iPad Air,Apple,Estrangeira - Importação direta,0
24724,2021-05-17,Manutenção Flex do Home,Flex Home - iPad 6,Apple,Estrangeira - Importação direta,0
24725,2021-05-17,Manutenção Flex do Fone,Flex P2 - iPad 6,Apple,Estrangeira - Importação direta,0
24726,2021-05-17,Manutenção Flex do Home,Flex do Home iPad 5,Apple,Estrangeira - Importação direta,0
24727,2021-05-17,Manutenção Wi-Fi,Antena de Sinal - iPad 4,Apple,Estrangeira - Importação direta,0
24728,2021-05-17,Manutenção Carcaça/Vidro Traseiro,Carcaça iPad 4,Apple,Estrangeira - Importação direta,600
24729,2021-05-17,Manutenção Carcaça/Vidro Traseiro,Carcaça iPad 4 3G,Apple,Estrangeira - Importação direta,0
24730,2021-05-17,Manutenção Flex do Fone,Flex P2 - iPad 3/4,Apple,Estrangeira - Importação direta,0
24731,2021-05-17,Manutenção Carcaça/Vidro Traseiro,Carcaça iPad 3 (A1416),Apple,Estrangeira - Importação direta,400
24732,2021-05-17,Manutenção Vibra / Volume / Power,Flex Power - iPad 2,Apple,Estrangeira - Importação direta,0
24733,2021-05-17,Manutenção Flex do Fone,Flex P2 - iPad 2 (Wi-Fi) - Preto,Apple,Estrangeira - Importação direta,0
24734,2021-05-17,Manutenção Câmera,Microfone da Camera Frontal iPad 2,Apple,Estrangeira - Importação direta,0
24735,2021-05-17,Manutenção Carcaça/Vidro Traseiro,Carcaça iPad 2 3G,Apple,Estrangeira - Importação direta,0
24736,2021-05-17,Manutenção Carcaça/Vidro Traseiro,Carcaça iPad 2,Apple,Nacional,400
24737,2021-05-17,Manutenção Carcaça/Vidro Traseiro,Aro Plástico iPad 2/3/4 - Preto,Apple,Estrangeira - Importação direta,0
24738,2021-05-17,Manutenção Carcaça/Vidro Traseiro,Aro Plástico iPad 2/3/4 - Branco,Apple,Estrangeira - Importação direta,0
24739,2021-05-17,Manutenção Antena de Sinal,Antena 3G - iPad 2,Apple,Estrangeira - Importação direta,150
24740,2021-05-17,Manutenção Vibra / Volume / Power,Cabo Flex Power + Volume do iPad Mini 2,Apple,Estrangeira - Importação direta,0
24744,2021-05-18,Manutenção Wi-Fi,Antena wi-fi iPad Mini 1/2,Apple,Estrangeira - Importação direta,0
24745,2021-05-18,Manutenção Flex do Fone,Flex P2 iPad Mini Preto,Apple,Estrangeira - Importação direta,0
24746,2021-05-18,Manutenção Vibra / Volume / Power,Flex Power/Volume/Vibra - iPhone SE,Apple,Estrangeira - Importação direta,0
24747,2021-05-18,Manutenção Câmera,Câmera Traseira - iPhone SE,Apple,Estrangeira - Importação direta,0
24748,2021-05-18,Manutenção LCD/ Touch,Vidro c/ Touchscreen e LCD iPhone SE - Preto,Apple,Estrangeira - Importação direta,0
24749,2021-05-18,Manutenção Flex do Home,Flex Home iPhone 6S - Dourado,Apple,Estrangeira - Importação direta,0
24750,2021-05-18,Manutenção Vibra / Volume / Power,Motor do Vibra - iPhone 6,Apple,Estrangeira - Importação direta,250
24751,2021-05-18,Manutenção Flex do Home,Flex Home iPhone 6S - Preto,Apple,Estrangeira - Importação direta,0
24752,2021-05-18,Manutenção Alto Falante,Alto-Falante auricular  iPhone 6S,Apple,Estrangeira - Importação direta,0
24753,2021-05-18,Manutenção Carcaça/Vidro Traseiro,Carcaça iPhone 6S Plus - Rosê,Apple,Estrangeira - Importação direta,150
24754,2021-05-18,Manutenção Carcaça/Vidro Traseiro,Carcaça iPhone 6S Plus - Cinza Espacial,Apple,Estrangeira - Importação direta,150
24755,2021-05-18,Manutenção Carcaça/Vidro Traseiro,Carcaça iPhone 6S Plus - Dourada,Apple,Estrangeira - Importação direta,150
24756,2021-05-18,Manutenção Carcaça/Vidro Traseiro,Carcaça iPhone 6S Plus - Prata,Apple,Estrangeira - Importação direta,150
24757,2021-05-18,Manutenção Vibra / Volume / Power,Motor do Vibra - iPhone 6S Plus,Apple,Estrangeira - Importação direta,200
24758,2021-05-18,Manutenção Vibra / Volume / Power,Flex Volume e Vibra - iPhone 6S Plus,Apple,Estrangeira - Importação direta,0
24759,2021-05-18,Manutenção Alto Falante,Alto-Falante auricular iPhone 6S Plus,Apple,Estrangeira - Importação direta,0
24760,2021-05-18,Manutenção Carcaça/Vidro Traseiro,Carcaça iPhone 7 Plus - Vermelho,Apple,Estrangeira - Importação direta,0
24765,2021-05-25,Manutenção LCD/ Touch,Vidro e touchscreen iPad 8 - Preto,Apple,Estrangeira - Importação direta,1000
24766,2021-05-25,Manutenção Câmera,Câmera Traseira para iPhone 11 Pro Max,Apple,Estrangeira - Importação direta,0
24767,2021-05-25,Manutenção Câmera,Câmera Frontal para iPhone 11 Pro Max,Apple,Estrangeira - Importação direta,800
24768,2021-05-27,Manutenção LCD/ Touch,Vidro e touchscreen iPad 8 - Branco,Apple,Estrangeira - Importação direta,900
24770,2021-05-31,Manutenção Conector,Conector Carga - Flex Microfone S8 G950,Android,Nacional,400
24775,2021-06-01,Manutenção LCD/ Touch,Tela Frontal Display Lcd Compatível A30s,Android,Nacional,200
24786,2021-06-01,Manutenção Parafuso,Parafuso para iPhone linha X / 11 / 12 / 13 / 14,Apple,Estrangeira - Importação direta,50
24806,2021-06-07,Manutenção Câmera,Lente de Vidro da Câmera iPhone 11 - P,Apple,Estrangeira - Importação direta,250
24807,2021-06-07,Manutenção Câmera,Lente de Vidro da Câmera iPhone 11 - M,Apple,Estrangeira - Importação direta,0
24808,2021-06-07,Manutenção Câmera,Lente de Vidro da Câmera iPhone 11 - G,Apple,Estrangeira - Importação direta,250
24809,2021-06-07,Manutenção Câmera,Lente de Vidro da Câmera iPhone 11 Pro - P,Apple,Estrangeira - Importação direta,250
24810,2021-06-07,Manutenção Câmera,Lente de Vidro da Câmera iPhone 11 Pro - M,Apple,Estrangeira - Importação direta,0
24811,2021-06-07,Manutenção Câmera,Lente de Vidro da Câmera iPhone 11 Pro - G,Apple,Estrangeira - Importação direta,250
24812,2021-06-07,Manutenção Câmera,Lente de Vidro da Câmera iPhone 11 Pro Max - P,Apple,Estrangeira - Importação direta,250
24813,2021-06-07,Manutenção Câmera,Lente de Vidro da Câmera iPhone 11 Pro Max - M,Apple,Estrangeira - Importação direta,0
24814,2021-06-07,Manutenção Câmera,Lente de Vidro da Câmera iPhone 11 Pro Max - G,Apple,Estrangeira - Importação direta,250
24869,2021-06-17,Manutenção LCD/ Touch,Vidro c/ Touchscreen e LCD para iPhone 12 Mini - Preto,Apple,Estrangeira - Importação direta,0
24870,2021-06-17,Manutenção LCD/ Touch,Vidro c/ Touchscreen e LCD para iPhone 12 - Preto,Apple,Estrangeira - Importação direta,0
24871,2021-06-17,Manutenção LCD/ Touch,Vidro c/ Touchscreen e LCD para iPhone 12 Pro - Preto,Apple,Estrangeira - Importação direta,0
24872,2021-06-17,Manutenção LCD/ Touch,Vidro c/ Touchscreen e LCD para iPhone 12 Pro Max - Preto,Apple,Estrangeira - Importação direta,0
24873,2021-06-17,Manutenção Wi-Fi,Antena Wi-Fi - iPhone 6S Plus,Apple,Estrangeira - Importação direta,0
24874,2021-06-17,Manutenção Carcaça/Vidro Traseiro,Aro com carcaça metalica para iPhone 11 Amarelo,Apple,Estrangeira - Importação direta,500
24875,2021-06-17,Manutenção Carcaça/Vidro Traseiro,Aro com carcaça metalica para iPhone 11 Vermelho,Apple,Estrangeira - Importação direta,500
24876,2021-06-17,Manutenção Carcaça/Vidro Traseiro,Aro com carcaça metalica para iPhone 11 Roxo,Apple,Estrangeira - Importação direta,500
24877,2021-06-17,Manutenção Carcaça/Vidro Traseiro,Aro com carcaça metalica para iPhone 11 Preto,Apple,Estrangeira - Importação direta,500
24878,2021-06-17,Manutenção Carcaça/Vidro Traseiro,Aro com carcaça metalica para iPhone 11 Verde,Apple,Estrangeira - Importação direta,500
24879,2021-06-17,Manutenção Carcaça/Vidro Traseiro,Aro com carcaça metalica para iPhone 11 Pro - Preto,Apple,Estrangeira - Importação direta,600
24880,2021-06-17,Manutenção Carcaça/Vidro Traseiro,Aro com carcaça metalica para iPhone 11 Pro - Prata,Apple,Estrangeira - Importação direta,600
24881,2021-06-17,Manutenção Carcaça/Vidro Traseiro,Aro com carcaça metalica para iPhone 11 Pro - Dourado,Apple,Estrangeira - Importação direta,600
24882,2021-06-17,Manutenção Carcaça/Vidro Traseiro,Aro com carcaça metalica para iPhone 11 Pro Max - Verde,Apple,Estrangeira - Importação direta,800
24883,2021-06-17,Manutenção Carcaça/Vidro Traseiro,Aro com carcaça metalica para iPhone 11 Pro Max - Preto,Apple,Estrangeira - Importação direta,800
24884,2021-06-17,Manutenção Carcaça/Vidro Traseiro,Aro com carcaça metalica para iPhone 11 Pro Max - Branco,Apple,Estrangeira - Importação direta,800
24885,2021-06-17,Manutenção Carcaça/Vidro Traseiro,Aro com carcaça metalica para iPhone 11 Pro Max - Gold,Apple,Estrangeira - Importação direta,800
24886,2021-06-17,Manutenção LCD/ Touch,Vidro e touchscreen com LCD iPad Air 3 Preto,Apple,Estrangeira - Importação direta,2000
24887,2021-06-17,Manutenção LCD/ Touch,Vidro e touchscreen com LCD iPad Air 3 Branco ,Apple,Estrangeira - Importação direta,2000
24888,2021-06-17,Manutenção LCD/ Touch,Vidro e touchscreen com LCD iPad Mini 5 - Preto,Apple,Estrangeira - Importação direta,1300
24889,2021-06-17,Manutenção LCD/ Touch,Vidro e touchscreen com LCD iPad Mini 5 - Branco,Apple,Estrangeira - Importação direta,1300
24890,2021-06-21,Manutenção LCD/ Touch,Vidro c/ Touchscreen e LCD para iPhone 12 - Preto,Apple,Estrangeira - Importação direta,0
24891,2021-06-21,Manutenção LCD/ Touch,Vidro e touchscreen com LCD iPhone 12 Mini - Preto,Apple,Estrangeira - Importação direta,1000
24892,2021-06-21,Manutenção LCD/ Touch,Vidro e touchscreen com LCD iPhone 12/12 Pro - Preto,Apple,Estrangeira - Importação direta,1500
24893,2021-06-21,Manutenção LCD/ Touch,Tela touch screen para iPhone 12 Pro,Apple,Estrangeira - Importação direta,0
24894,2021-06-21,Manutenção LCD/ Touch,Vidro e touchscreen com LCD iPhone 12 Pro Max - Preto,Apple,Estrangeira - Importação direta,1800
24899,2021-06-23,Manutenção Flex do Sensor,Flex sensor/ alto falante - iPhone XS,Apple,Estrangeira - Importação direta,300
24900,2021-06-23,Manutenção Bateria,Bateria de iPad 7,Apple,Nacional,500
24901,2021-06-23,Manutenção Flex do Sensor,Flex sensor/ alto falante - iPhone XR,Apple,Estrangeira - Importação direta,400
24923,2021-07-14,Manutenção Sim Tray,Simtray para iPhone 8G - Prata,Apple,Estrangeira - Importação direta,100
24924,2021-07-14,Manutenção Sim Tray,Simtray para iPhone 8 Plus - Prata,Apple,Estrangeira - Importação direta,100
24925,2021-07-14,Manutenção Sim Tray,Simtray para iPhone X - Preto,Apple,Estrangeira - Importação direta,0
24926,2021-07-14,Manutenção Sim Tray,Simtray iPhone XS - Prata,Apple,Estrangeira - Importação direta,100
24927,2021-07-14,Manutenção Sim Tray,Simtray iPhone XS Max- Dourado,Apple,Estrangeira - Importação direta,100
24928,2021-07-14,Manutenção Sim Tray,Simtray iPhone XR- Preto,Apple,Estrangeira - Importação direta,100
24929,2021-07-14,Manutenção Sim Tray,Simtray para iPhone 11 Pro Max - Verde,Apple,Estrangeira - Importação direta,100
24930,2021-07-14,Manutenção Sim Tray,Simtray para iPhone 11 Pro - Verde,Apple,Estrangeira - Importação direta,100
24931,2021-07-14,Manutenção Sim Tray,Simtray para iPhone 11 - Preto,Apple,Estrangeira - Importação direta,100
24932,2021-07-14,Manutenção Sim Tray,Simtray para iPhone 12 Mini - Azul,Apple,Estrangeira - Importação direta,100
24933,2021-07-14,Manutenção Sim Tray,Simtray para iPhone 12 Pro Max - Cinza,Apple,Estrangeira - Importação direta,100
24934,2021-07-14,Manutenção Sim Tray,Simtray para iPhone 12 Pro - Prata,Apple,Estrangeira - Importação direta,100
24935,2021-07-14,Manutenção Sim Tray,Simtray para iPhone 12 - Azul,Apple,Estrangeira - Importação direta,100
24947,2021-07-29,Manutenção Sim Tray,Simtray para iPhone 12 - Verde,Apple,Estrangeira - Importação direta,100
24948,2021-07-29,Manutenção Sim Tray,Simtray para iPhone 12 - Preto,Apple,Estrangeira - Importação direta,100
24949,2021-07-29,Manutenção Sim Tray,Simtray para iPhone 12 - Branco,Apple,Estrangeira - Importação direta,100
24950,2021-07-29,Manutenção Sim Tray,Simtray para iPhone 12 - Roxo,Apple,Estrangeira - Importação direta,100
24951,2021-07-29,Manutenção Sim Tray,Simtray para iPhone 12 Mini - Verde,Apple,Estrangeira - Importação direta,100
24952,2021-07-29,Manutenção Sim Tray,Simtray para iPhone 12 Mini - Preto,Apple,Estrangeira - Importação direta,100
24953,2021-07-29,Manutenção Sim Tray,Simtray para iPhone 12 Mini - Branco,Apple,Estrangeira - Importação direta,100
24954,2021-07-29,Manutenção Sim Tray,Simtray para iPhone 12 Mini - Roxo,Apple,Estrangeira - Importação direta,100
24955,2021-07-29,Manutenção Sim Tray,Simtray para iPhone 12 Pro - Grafite,Apple,Estrangeira - Importação direta,100
24956,2021-07-29,Manutenção Sim Tray,Simtray para iPhone 12 Pro - Dourado,Apple,Estrangeira - Importação direta,100
24957,2021-07-29,Manutenção Sim Tray,Simtray para iPhone 12 Pro - Azul,Apple,Estrangeira - Importação direta,100
24958,2021-07-29,Manutenção Sim Tray,Simtray para iPhone 12 Pro Max - Grafite,Apple,Estrangeira - Importação direta,100
24959,2021-07-29,Manutenção Sim Tray,Simtray para iPhone 12 Pro Max - Dourado,Apple,Estrangeira - Importação direta,100
24960,2021-07-29,Manutenção Sim Tray,Simtray para iPhone 12 Pro Max - Azul,Apple,Estrangeira - Importação direta,100
24961,2021-07-29,Manutenção Sim Tray,Simtray para iPhone X - Prata,Apple,Estrangeira - Importação direta,100
24962,2021-07-29,Manutenção Sim Tray,Simtray iPhone XS - Preto,Apple,Estrangeira - Importação direta,100
24963,2021-07-29,Manutenção Sim Tray,Simtray iPhone XS - Dourado,Apple,Estrangeira - Importação direta,100
24964,2021-07-29,Manutenção Sim Tray,Simtray para iPhone 11 Pro Max - Cinza Espacial,Apple,Estrangeira - Importação direta,100
24965,2021-07-29,Manutenção Sim Tray,Simtray para iPhone 11 Pro Max - Prata,Apple,Estrangeira - Importação direta,100
24966,2021-07-29,Manutenção Sim Tray,Simtray para iPhone 11 Pro Max - Dourado,Apple,Estrangeira - Importação direta,100
24967,2021-07-29,Manutenção Sim Tray,Simtray iPhone XS Max- Preto,Apple,Estrangeira - Importação direta,100
24968,2021-07-29,Manutenção Sim Tray,Simtray iPhone XS Max- Prata,Apple,Estrangeira - Importação direta,100
24969,2021-07-29,Manutenção Sim Tray,Simtray iPhone XR- Prata,Apple,Estrangeira - Importação direta,100
24970,2021-07-29,Manutenção Sim Tray,Simtray iPhone XR- Azul,Apple,Estrangeira - Importação direta,100
24971,2021-07-29,Manutenção Sim Tray,Simtray iPhone XR- Amaralo,Apple,Estrangeira - Importação direta,100
24972,2021-07-29,Manutenção Sim Tray,Simtray iPhone XR- Coral,Apple,Estrangeira - Importação direta,100
24973,2021-07-29,Manutenção Sim Tray,Simtray iPhone XR- Vermelho,Apple,Estrangeira - Importação direta,100
24974,2021-07-29,Manutenção Sim Tray,Simtray para iPhone 11 Pro - Cinza Espacial,Apple,Nacional,100
24975,2021-07-29,Manutenção Sim Tray,Simtray para iPhone 11 Pro - Prata,Apple,Nacional,100
24976,2021-07-29,Manutenção Sim Tray,Simtray para iPhone 11 Pro - Dourado,Apple,Nacional,100
24977,2021-07-29,Manutenção Sim Tray,Simtray para iPhone 11 - Verde,Apple,Estrangeira - Importação direta,100
24978,2021-07-29,Manutenção Sim Tray,Simtray para iPhone 11 - Amarelo,Apple,Estrangeira - Importação direta,100
24979,2021-07-29,Manutenção Sim Tray,Simtray para iPhone 11 - Roxo,Apple,Estrangeira - Importação direta,100
24980,2021-07-29,Manutenção Sim Tray,Simtray para iPhone 11 - Vermelho,Apple,Estrangeira - Importação direta,100
24981,2021-07-29,Manutenção Sim Tray,Simtray para iPhone 11 - Branco,Apple,Estrangeira - Importação direta,100
24982,2021-07-29,Manutenção Sim Tray,Simtray para iPhone 8 Plus - Preto,Apple,Estrangeira - Importação direta,100
24983,2021-07-29,Manutenção Sim Tray,Simtray para iPhone 12 Mini - Vermelho,Apple,Estrangeira - Importação direta,100
24984,2021-07-29,Manutenção Sim Tray,Simtray para iPhone 8 Plus - Vermelho,Apple,Estrangeira - Importação direta,100
24985,2021-07-29,Manutenção Sim Tray,Simtray para iPhone 8G - Preto,Apple,Estrangeira - Importação direta,100
24986,2021-07-29,Manutenção Sim Tray,Simtray para iPhone 8G - Dourado,Apple,Estrangeira - Importação direta,100
24987,2021-07-29,Manutenção Sim Tray,Simtray para iPhone 8G - Rose,Apple,Estrangeira - Importação direta,100
24988,2021-07-29,Manutenção Sim Tray,Simtray para iPhone 8G - Vermelho,Apple,Estrangeira - Importação direta,100
24990,2021-07-30,Manutenção,Manutenção / Limpeza,Android,Estrangeira - Importação direta,100
25007,2021-08-07,Manutenção Flex do Fone,Flex conector P2 (3.5mm) para iPad Air - Branco,Apple,Estrangeira - Importação direta,350
25008,2021-08-07,Manutenção Conector,Conector de carga iPad Mini - Branco,Apple,Estrangeira - Importação direta,200
25009,2021-08-07,Manutenção Conector,Flex de Conector de Carga para iPad Pro 10.5 - Branco,Apple,Estrangeira - Importação direta,500
25010,2021-08-07,Manutenção Conector,Flex de Conector de Carga para iPad Pro 10.5 - Preto,Apple,Estrangeira - Importação direta,500
25011,2021-08-07,Manutenção Flex do Home,Flex home - iPad Air 2 / Mini 4/ iPad Pro 12.9 (1° Ger) Preto,Apple,Estrangeira - Importação direta,300
25012,2021-08-07,Manutenção Flex do Home,Flex home - iPad Air 2 / Mini 4/ iPad Pro 12.9 (1° Ger) Dourado,Apple,Estrangeira - Importação direta,300
25013,2021-08-07,Manutenção Flex do Fone,Flex P2 iPad Mini 4 - Preto,Apple,Estrangeira - Importação direta,350
25014,2021-08-07,Manutenção Flex do Fone,Flex P2 iPad Mini Branco,Apple,Estrangeira - Importação direta,0
25015,2021-08-07,Manutenção Vibra / Volume / Power,Flex do LCD/Placa do Power  iPad 2,Apple,Estrangeira - Importação direta,200
25018,2021-08-10,Manutenção LCD/ Touch,Vidro e touchscreen com LCD iPad Pro 12.9 (3°/4° Ger) - A1876 / A1895 / A1983 / A2014 / A2069 / A2229 / A2235 / A2233,Apple,Estrangeira - Importação direta,3000
25104,2021-08-21,Manutenção Câmera,Lente de Vidro da Câmera iPhone XR - Avulsa,Apple,Estrangeira - Importação direta,250
25160,2021-08-31,Manutenção Bateria,Bateria de iPhone SE 2,Apple,Nacional,300
25176,2021-09-02,Manutenção Parafuso,Parafuso para iPhone 8 / 8 Plus,Apple,Estrangeira - Importação direta,50
25177,2021-09-02,Manutenção Carcaça/Vidro Traseiro,Carcaça para iPad Air 2 (3G) - Cinza espacial,Apple,Estrangeira - Importação direta,500
25178,2021-09-02,Manutenção Câmera,Lente de Vidro da Câmera para iPhone 12 - G,Apple,Estrangeira - Importação direta,250
25179,2021-09-06,Manutenção Carcaça/Vidro Traseiro,Tampa de vidro para iPhone SE 2 - Preta,Apple,Estrangeira - Importação direta,0
25182,2021-09-09,Manutenção Vibra / Volume / Power,Flex power - iPad 6,Apple,Estrangeira - Importação direta,0
25227,2021-09-17,Manutenção Wi-Fi,Antena Wi-Fi - iPhone 8,Apple,Estrangeira - Importação direta,250
25228,2021-09-23,Manutenção Câmera,Lente de Vidro da Câmera para iPhone 12 - P,Apple,Estrangeira - Importação direta,250
25229,2021-09-23,Manutenção Flex do Sensor,Flex sensor/ alto falante - iPhone 11,Apple,Estrangeira - Importação direta,400
25232,2021-09-24,Manutenção Câmera,Lente de Vidro da Câmera para iPhone 12 Pro - G,Apple,Estrangeira - Importação direta,250
25238,2021-09-25,Manutenção Flex do Sensor,Flex sensor/ alto falante - iPhone 11 Pro,Apple,Estrangeira - Importação direta,400
25247,2021-10-06,Manutenção Câmera,Lente de Vidro da Câmera para iPhone 12 Pro Max - P,Apple,Nacional,250
25248,2021-10-06,Manutenção Câmera,Lente de Vidro da Câmera para iPhone 12 Pro Max - G,Apple,Nacional,250
25259,2021-10-14,Manutenção Carcaça/Vidro Traseiro,Tampa Traseira iPhone SE 2 - Branco,Apple,Estrangeira - Importação direta,300
25260,2021-10-14,Manutenção Carcaça/Vidro Traseiro,Tampa Traseira iPhone SE 2 - Preto,Apple,Estrangeira - Importação direta,300
25261,2021-10-14,Manutenção Carcaça/Vidro Traseiro,Tampa Traseira iPhone SE 2 - Vermelho,Apple,Estrangeira - Importação direta,300
25262,2021-10-14,Manutenção Carcaça/Vidro Traseiro,Carcaça Completa iPhone SE 2 - Branco,Apple,Estrangeira - Importação direta,500
25263,2021-10-14,Manutenção Carcaça/Vidro Traseiro,Carcaça Completa iPhone SE 2 - Preto,Apple,Estrangeira - Importação direta,500
25264,2021-10-14,Manutenção Carcaça/Vidro Traseiro,Carcaça Completa iPhone SE 2 - Vermelho,Apple,Estrangeira - Importação direta,500
25265,2021-10-14,Manutenção Câmera,Lente de Vidro da Câmera para iPhone 12 Pro - P,Apple,Estrangeira - Importação direta,250
25266,2021-10-14,Manutenção Câmera,Lente de Vidro da Câmera para iPhone 12 Mini - G,Apple,Estrangeira - Importação direta,250
25267,2021-10-14,Manutenção Câmera,Lente de Vidro da Câmera para iPhone 12 Mini - P,Apple,Estrangeira - Importação direta,250
25273,2021-10-21,Manutenção Câmera,Flex do flash para o iPhone 12 Pro Max,Apple,Estrangeira - Importação direta,500
25288,2021-10-28,Manutenção Bateria,"Bateria de iPad Pro 10,5",Apple,Nacional,900
25289,2021-11-01,Manutenção Conector,Conector de Carga iPhone 11 Pro - Verde,Apple,Estrangeira - Importação direta,400
25330,2021-11-23,Manutenção Vibra / Volume / Power,Flex Power - iPhone 11,Apple,Estrangeira - Importação direta,400
25331,2021-11-23,Manutenção Vibra / Volume / Power,Flex Volume - iPhone 11,Apple,Estrangeira - Importação direta,600
25368,2021-12-01,Manutenção Bateria,Bateria de iPhone 12/12 Pro,Apple,Nacional,500
25370,2021-12-02,Manutenção Flex do Sensor,Flex Sensor / Alto falante - iPhone XS Max,Apple,Estrangeira - Importação direta,400
25371,2021-12-02,Manutenção Flex do Sensor,Flex Sensor / Alto falante - iPhone 11 Pro Max,Apple,Estrangeira - Importação direta,400
25373,2021-12-02,Manutenção Bateria,Bateria de iPhone 12 Pro Max,Apple,Nacional,500
25378,2021-12-06,Manutenção Flex do Sensor,Flex sensor / Alto falante - iPhone X,Apple,Estrangeira - Importação direta,300
25414,2021-12-20,Manutenção Carcaça/Vidro Traseiro,Tampa de vidro com lente traseira para iPhone 12 - Roxo,Apple,Estrangeira - Importação direta,400
25415,2021-12-20,Manutenção Vibra / Volume / Power,Flex Volume - iPhone 11,Apple,Estrangeira - Importação direta,400
25416,2021-12-20,Manutenção Conector,Conector de Carga iPhone 11 Pro Max - Dourado,Apple,Estrangeira - Importação direta,400
25417,2021-12-20,Manutenção Conector,Conector de Carga iPhone 11 Pro Max - Verde,Apple,Estrangeira - Importação direta,400
25418,2021-12-20,Manutenção Vibra / Volume / Power,Flex Power - iPhone 11 Pro Max,Apple,Estrangeira - Importação direta,400
25419,2021-12-20,Manutenção Vibra / Volume / Power,Motor do Vibra - iPhone 11 Pro Max,Apple,Estrangeira - Importação direta,400
25420,2021-12-20,Manutenção Speaker,Speaker - iPhone 11 Pro Max,Apple,Estrangeira - Importação direta,400
25421,2021-12-20,Manutenção Conector,Conector de Carga iPhone 12 Mini - Vermelho,Apple,Estrangeira - Importação direta,0
25422,2021-12-20,Manutenção Conector,Conector de Carga iPhone 12 Mini - Verde,Apple,Estrangeira - Importação direta,0
25423,2021-12-20,Manutenção Flex do Sensor,Flex sensor/ alto falante - iPhone 12 Mini,Apple,Estrangeira - Importação direta,400
25424,2021-12-20,Manutenção Conector,Conector de Carga iPhone 12 Pro - Preto,Apple,Estrangeira - Importação direta,500
25425,2021-12-20,Manutenção Conector,Conector de Carga iPhone 12 Pro - Azul,Apple,Estrangeira - Importação direta,500
25426,2021-12-21,Manutenção Conector,Conector de Carga iPhone 12 Pro - Branco,Apple,Estrangeira - Importação direta,500
25427,2021-12-21,Manutenção Conector,Conector de Carga iPhone 12 Pro - Dourado,Apple,Estrangeira - Importação direta,500
25428,2021-12-21,Manutenção Flex do Sensor,Flex Sensor/Alto falante - iPhone 12 Pro,Apple,Estrangeira - Importação direta,500
25429,2021-12-21,Manutenção Speaker,Speaker - iPhone 12 Pro,Apple,Estrangeira - Importação direta,400
25430,2021-12-21,Manutenção Vibra / Volume / Power,Motor do Vibra - iPhone 12 Pro,Apple,Estrangeira - Importação direta,400
25431,2021-12-21,Manutenção Conector,Conector de Carga iPhone 12 Pro Max - Verde,Apple,Estrangeira - Importação direta,500
25432,2021-12-21,Manutenção Conector,Conector de Carga iPhone 12 Pro Max - Preto,Apple,Estrangeira - Importação direta,500
25433,2021-12-21,Manutenção Conector,Conector de Carga iPhone 12 Pro Max - Branco,Apple,Estrangeira - Importação direta,500
25434,2021-12-21,Manutenção Conector,Conector de Carga iPhone 12 Pro Max - Dourado,Apple,Estrangeira - Importação direta,500
25435,2021-12-21,Manutenção Flex do Sensor,Flex Sensor/Alto falante - iPhone 12 Pro Max,Apple,Estrangeira - Importação direta,500
25436,2021-12-21,Manutenção Vibra / Volume / Power,Flex Power / Volume - iPhone 12 Mini,Apple,Estrangeira - Importação direta,0
25437,2021-12-21,Manutenção Vibra / Volume / Power,Motor do Vibra - iPhone 12 Pro Max,Apple,Estrangeira - Importação direta,400
25438,2021-12-21,Manutenção Speaker,Speaker - iPhone 12 Pro Max,Apple,Estrangeira - Importação direta,500
25439,2021-12-21,Manutenção Vibra / Volume / Power,Flex Power / Volume / Vibra - iPhone 12,Apple,Estrangeira - Importação direta,800
25440,2021-12-21,Manutenção Flex do Sensor,Flex Sensor / Alto falante - iPhone 12,Apple,Estrangeira - Importação direta,500
25441,2021-12-21,Manutenção Conector,Conector de Carga iPhone 11 Pro - Preto,Apple,Estrangeira - Importação direta,400
25442,2021-12-21,Manutenção Conector,Conector de Carga iPhone 11 Pro - Branco,Apple,Estrangeira - Importação direta,400
25443,2021-12-21,Manutenção Conector,Conector de Carga iPhone 11 Pro - Dourado,Apple,Estrangeira - Importação direta,400
25444,2021-12-21,Manutenção Conector,Conector de Carga iPhone 12 Mini - Preto,Apple,Estrangeira - Importação direta,400
25445,2021-12-21,Manutenção Vibra / Volume / Power,Motor do Vibra - iPhone 12,Apple,Estrangeira - Importação direta,400
25446,2021-12-21,Manutenção Conector,Conector de Carga iPhone 12 Mini - Azul,Apple,Estrangeira - Importação direta,400
25447,2021-12-21,Manutenção Conector,Conector de Carga iPhone 12 Mini - Branco,Apple,Estrangeira - Importação direta,400
25448,2021-12-21,Manutenção Speaker,Speaker - iPhone 12,Apple,Estrangeira - Importação direta,500
25449,2021-12-21,Manutenção Câmera,Câmera Traseira - iPhone 11,Apple,Estrangeira - Importação direta,400
25450,2021-12-21,Manutenção Câmera,Câmera Frontal - iPhone 11 Pro Max,Apple,Estrangeira - Importação direta,450
25451,2021-12-21,Manutenção Câmera,Câmera Traseira - iPhone 11 Pro Max,Apple,Estrangeira - Importação direta,500
25452,2021-12-22,Manutenção,Reparo Caixa de Som Hurricane VX Case - Preta,Android,Estrangeira - Importação direta,100
25453,2021-12-22,Manutenção,Reparo Caixa de Som portátil Bluetooth TWS VX Case - Preta,Android,Estrangeira - Importação direta,70
25454,2021-12-22,Manutenção,Reparo Carregador por Indução VX Case Lumi Charger Advanced - Branco,Android,Estrangeira - Importação direta,100
25455,2021-12-22,Manutenção,Reparo Carregador Wireless Clock Charger VX Case - Preto,Android,Estrangeira - Importação direta,100
25456,2021-12-22,Manutenção,Reparo Carregador Veicular VX Case 45W Preto - Sem Cabo,Android,Estrangeira - Importação direta,70
25457,2021-12-22,Manutenção,Reparo Smart Dock 15W VX Case - Preto,Android,Estrangeira - Importação direta,70
25458,2021-12-22,Manutenção,Reparo Smart Dock VX Case - Preto,Android,Estrangeira - Importação direta,80
25459,2021-12-22,Manutenção,Reparo Smart Holder Wireless Charger VX Case - Preto,Android,Estrangeira - Importação direta,100
25460,2021-12-22,Manutenção,Reparo New Easy Charger Dock VX Case - Preto,Android,Estrangeira - Importação direta,100
25461,2021-12-22,Manutenção,Reparo Fone Bluetooth VX Case Professional Run V4 - Preto,Android,Estrangeira - Importação direta,80
25462,2021-12-22,Manutenção,Reparo Fone Bluetooth VX Case Professional Run V5 - Preto,Android,Estrangeira - Importação direta,80
25463,2021-12-22,Manutenção,Reparo Fones de Ouvido Bluetooth TWS VX Pods - Preto,Android,Estrangeira - Importação direta,100
25464,2021-12-22,Manutenção,Reparo Headphone Bluetooth Evolution VX Case - Preto,Android,Estrangeira - Importação direta,100
25465,2021-12-22,Manutenção,Reparo Teclado Bluetooth VX Case,Android,Estrangeira - Importação direta,80
25466,2021-12-22,Manutenção,Reparo Heart Light VX Case com Suporte - Preto,Android,Estrangeira - Importação direta,100
25467,2021-12-22,Manutenção,Reparo Mini Ring Light VX Case - Branco,Android,Estrangeira - Importação direta,80
25468,2021-12-22,Manutenção,Reparo Selfie Flash Clip VX Case - Branco,Android,Estrangeira - Importação direta,100
25469,2021-12-22,Manutenção,Reparo Ring Light Spot Luminoso com Suporte para Smartphone - Branco,Android,Estrangeira - Importação direta,100
25470,2021-12-22,Manutenção,Reparo Estabilizador de Imagens Gimbal SmartEyes VX Case - Preto,Android,Estrangeira - Importação direta,200
25471,2021-12-22,Manutenção,Reparo Bateria Externa Be VX 10.000mAh - Preta,Android,Estrangeira - Importação direta,80
25472,2021-12-22,Manutenção,Reparo Bateria Externa Be VX 5.000mAh - Preta,Android,Estrangeira - Importação direta,80
25473,2021-12-22,Manutenção,Reparo Bateria Externa Thunderbolt VX Case 20.000mAh - Preta,Android,Estrangeira - Importação direta,100
25474,2021-12-22,Manutenção,Reparo Bateria Externa VX Case Flat Charger 10.000mAh - Preta,Android,Estrangeira - Importação direta,80
25475,2021-12-22,Manutenção,Reparo Bateria Externa VX Case Flat Charger 6.000mAh - Branca,Android,Estrangeira - Importação direta,80
25476,2021-12-22,Manutenção,Reparo Bateria Externa VX Case Extreme Emborrachada 9000mAh - Preta,Android,Estrangeira - Importação direta,80
25477,2021-12-22,Manutenção,Reparo Bateria Externa VX Case Extreme Emborrachada 18000mAh - Preta,Android,Estrangeira - Importação direta,80
25478,2021-12-22,Manutenção,Reparo Bateria Externa VX Case Diamond 10.000mAh - Preta,Android,Estrangeira - Importação direta,80
25479,2021-12-22,Manutenção,Reparo Bateria Externa VX Case Diamond 10.000mAh - Rosê,Android,Estrangeira - Importação direta,80
25480,2021-12-22,Manutenção,Reparo Bateria Externa VX Case Diamond 5.000mAh - Preta,Android,Estrangeira - Importação direta,80
25481,2021-12-22,Manutenção,Reparo Bateria Externa VX Case Diamond 5.000mAh - Rosê,Android,Estrangeira - Importação direta,80
25482,2021-12-22,Manutenção,Reparo Adaptador de Carga Energy Box 2 em 1 VX Case 9600mAh - Preto,Android,Estrangeira - Importação direta,80
25483,2021-12-22,Manutenção,Reparo Bateria Externa VX Case Wireless Diamond 10.000mAh - Azul,Android,Estrangeira - Importação direta,100
25484,2021-12-22,Manutenção,Reparo Bateria Externa VX Case Wireless Diamond 10.000mAh - Branca,Android,Estrangeira - Importação direta,100
25485,2021-12-22,Manutenção,Reparo Bateria Externa VX Case Wireless Diamond 10.000mAh - Preta,Android,Estrangeira - Importação direta,100
25486,2021-12-22,Manutenção,Reparo Bateria Externa VX Case Wireless Diamond 10.000mAh - Verde,Android,Estrangeira - Importação direta,100
25487,2021-12-23,Manutenção LCD/ Touch,Vidro e touchscreen com LCD iPhone 13 - Preto,Apple,Estrangeira - Importação direta,1800
25488,2021-12-23,Manutenção LCD/ Touch,Vidro e touchscreen com LCD iPhone 13 Pro - Preto,Apple,Estrangeira - Importação direta,2000
25489,2021-12-23,Manutenção LCD/ Touch,Vidro e touchscreen com LCD iPhone 13 Pro Max - Preto,Apple,Estrangeira - Importação direta,2500
25490,2021-12-23,Manutenção Conector,Conector de Carga iPhone 13 - Branco,Apple,Estrangeira - Importação direta,500
25491,2021-12-23,Manutenção Conector,Conector de Carga iPhone 13 - Preto,Apple,Estrangeira - Importação direta,500
25492,2021-12-23,Manutenção Conector,Conector de Carga iPhone 13 Pro - Branco,Apple,Estrangeira - Importação direta,500
25493,2021-12-23,Manutenção Conector,Conector de Carga iPhone 13 Pro - Preto,Apple,Estrangeira - Importação direta,500
25494,2021-12-23,Manutenção Conector,Conector de Carga iPhone 13 Pro Max - Branco,Apple,Estrangeira - Importação direta,500
25495,2021-12-23,Manutenção Conector,Conector de Carga iPhone 13 Pro Max - Preto,Apple,Estrangeira - Importação direta,500
25499,2021-12-26,Manutenção Sim Tray,Simtray para iPhone 11 - Preto,Apple,Estrangeira - Importação direta,100
25500,2021-12-27,Manutenção Carcaça/Vidro Traseiro,Carcaça iPhone 7 - Preta,Apple,Estrangeira - Importação direta,200
25521,2021-12-29,Manutenção,"Manta Antiestatica 1,20m X 60cm Para Bancada Eletronica",Android,Nacional,0
25611,2022-01-12,Manutenção,Reparo Caixa de Som Extreme Box VX Case - Cinza,Android,Estrangeira - Importação direta,100
25633,2022-01-21,Manutenção LCD/ Touch,Vidro e touchscreen iPad 9 - Preto,Apple,Nacional,1200
25634,2022-01-21,Manutenção LCD/ Touch,Vidro e touchscreen iPad 9 - Branco,Apple,Estrangeira - Importação direta,1200
25656,2022-02-05,Manutenção Conector,Flex indução NFC para iPhone XS,Apple,Estrangeira - Importação direta,300
25671,2022-02-14,Manutenção LCD/ Touch,LCD para iPad 8 / 9,Apple,Estrangeira - Importação direta,1200
25673,2022-02-14,Manutenção Bateria,Bateria para Motorola G5s Plus,Android,Nacional,0
25678,2022-02-21,Manutenção,Reparo de Acessórios - Iron Man,Android,Nacional,100
25718,2022-03-16,Manutenção Câmera,Lente de Vidro da Câmera para iPhone 13 - P,Apple,Nacional,350
25719,2022-03-16,Manutenção Câmera,Lente de Vidro da Câmera para iPhone 13 - G,Apple,Nacional,350
25720,2022-03-16,Manutenção Câmera,Lente de Vidro da Câmera para iPhone 13 Pro - G,Apple,Nacional,350
25721,2022-03-16,Manutenção Câmera,Lente de Vidro da Câmera para iPhone 13 Pro Max - P,Apple,Nacional,400
25722,2022-03-16,Manutenção Câmera,Lente de Vidro da Câmera para iPhone 13 Pro Max - G,Apple,Nacional,400
25723,2022-03-16,Manutenção Câmera,Lente de Vidro da Câmera para iPhone 13 Pro - P,Apple,Nacional,350
25724,2022-03-16,Manutenção Carcaça/Vidro Traseiro,Carcaça completa para iPhone 13 - Preto,Apple,Estrangeira - Importação direta,900
25725,2022-03-16,Manutenção Carcaça/Vidro Traseiro,Carcaça completa para iPhone 13 - Azul,Apple,Estrangeira - Importação direta,900
25726,2022-03-16,Manutenção Carcaça/Vidro Traseiro,Carcaça completa para iPhone 13 - Branco,Apple,Estrangeira - Importação direta,900
25727,2022-03-16,Manutenção Carcaça/Vidro Traseiro,Carcaça completa para iPhone 13 - Rose,Apple,Estrangeira - Importação direta,900
25728,2022-03-16,Manutenção Carcaça/Vidro Traseiro,Carcaça completa para iPhone 13 Pro - Preto,Apple,Estrangeira - Importação direta,1200
25729,2022-03-16,Manutenção Carcaça/Vidro Traseiro,Carcaça completa para iPhone 13 Pro - Azul,Apple,Estrangeira - Importação direta,1200
25730,2022-03-16,Manutenção Carcaça/Vidro Traseiro,Carcaça completa para iPhone 13 Pro - Branco,Apple,Estrangeira - Importação direta,1200
25731,2022-03-16,Manutenção Carcaça/Vidro Traseiro,Carcaça completa para iPhone 13 Pro - Dourado,Apple,Estrangeira - Importação direta,1200
25732,2022-03-16,Manutenção Carcaça/Vidro Traseiro,Carcaça completa para iPhone 13 Pro Max - Preto,Apple,Estrangeira - Importação direta,1500
25733,2022-03-16,Manutenção Carcaça/Vidro Traseiro,Carcaça completa para iPhone 13 Pro Max - Azul,Apple,Estrangeira - Importação direta,1500
25734,2022-03-16,Manutenção Carcaça/Vidro Traseiro,Carcaça completa para iPhone 13 Pro Max - Dourado,Apple,Estrangeira - Importação direta,1500
25735,2022-03-16,Manutenção Carcaça/Vidro Traseiro,Carcaça completa para iPhone 13 Pro Max - Branco,Apple,Estrangeira - Importação direta,1500
25736,2022-03-16,Manutenção Carcaça/Vidro Traseiro,Tampa traseira de vidro para iPhone 13 - Preto,Apple,Estrangeira - Importação direta,800
25737,2022-03-16,Manutenção Carcaça/Vidro Traseiro,Tampa traseira de vidro para iPhone 13 - Azul,Apple,Estrangeira - Importação direta,800
25738,2022-03-16,Manutenção Carcaça/Vidro Traseiro,Tampa traseira de vidro para iPhone 13 - Branco,Apple,Nacional,800
25739,2022-03-16,Manutenção Carcaça/Vidro Traseiro,Tampa traseira de vidro para iPhone 13 - Rose,Apple,Nacional,800
25740,2022-03-16,Manutenção Carcaça/Vidro Traseiro,Tampa traseira de vidro para iPhone 13 - Vermelho,Apple,Estrangeira - Importação direta,800
25741,2022-03-16,Manutenção Carcaça/Vidro Traseiro,Tampa traseira de vidro para iPhone 13 - Verde,Apple,Nacional,800
25742,2022-03-16,Manutenção Carcaça/Vidro Traseiro,Tampa traseira de vidro para iPhone 13 Pro - Preto,Apple,Estrangeira - Importação direta,700
25743,2022-03-16,Manutenção Carcaça/Vidro Traseiro,Tampa traseira de vidro para iPhone 13 Pro - Azul,Apple,Nacional,700
25744,2022-03-16,Manutenção Carcaça/Vidro Traseiro,Tampa traseira de vidro para iPhone 13 Pro - Dourado,Apple,Estrangeira - Importação direta,700
25745,2022-03-16,Manutenção Carcaça/Vidro Traseiro,Tampa traseira de vidro para iPhone 13 Pro - Branco,Apple,Estrangeira - Importação direta,700
25746,2022-03-16,Manutenção Carcaça/Vidro Traseiro,Tampa traseira de vidro para iPhone 13 Pro - Verde,Apple,Estrangeira - Importação direta,700
25747,2022-03-16,Manutenção Carcaça/Vidro Traseiro,Tampa traseira de vidro para iPhone 13 Pro Max - Preto,Apple,Nacional,800
25748,2022-03-16,Manutenção Carcaça/Vidro Traseiro,Tampa traseira de vidro para iPhone 13 Pro Max - Azul,Apple,Estrangeira - Importação direta,800
25749,2022-03-16,Manutenção Carcaça/Vidro Traseiro,Tampa traseira de vidro para iPhone 13 Pro Max - Dourado,Apple,Nacional,800
25750,2022-03-16,Manutenção Carcaça/Vidro Traseiro,Tampa traseira de vidro para iPhone 13 Pro Max - Branco,Apple,Estrangeira - Importação direta,800
25751,2022-03-16,Manutenção Câmera,Lente de Vidro da Câmera para iPhone 13 Mini - P,Apple,Estrangeira - Importação direta,300
25752,2022-03-16,Manutenção Câmera,Lente de Vidro da Câmera para iPhone 13 Mini - G,Apple,Estrangeira - Importação direta,300
25753,2022-03-16,Manutenção LCD/ Touch,Vidro e touchscreen com LCD iPad Air 4 ,Apple,Estrangeira - Importação direta,2600
25755,2022-03-17,Manutenção Bateria,Bateria iPad Pro 12.9 (1° Ger) - A1584 / A1652,Apple,Nacional,1200
25756,2022-03-17,Manutenção Câmera,Lente de Vidro da Câmera para iPhone 13 Pro - M,Apple,Nacional,350
25757,2022-03-17,Manutenção Câmera,Lente de Vidro da Câmera para iPhone 13 Pro Max - M,Apple,Nacional,400
25788,2022-03-29,Manutenção Vibra / Volume / Power,Flex Power / Flash - iPhone 11 Pro,Apple,Estrangeira - Importação direta,400
25789,2022-03-31,Manutenção,Reparo de Acessórios - Extreme Box,Android,Nacional,70
25796,2022-04-11,Manutenção Conector,Flex conector de carga - iPad 8 / iPad 9 Preto,Apple,Estrangeira - Importação direta,500
25797,2022-04-11,Manutenção Conector,Flex conector de carga - iPad 8 / iPad 9 Branco,Apple,Estrangeira - Importação direta,500
25800,2022-04-20,Manutenção Bateria,Bateria de iPad Pro 11,Apple,Nacional,1000
25801,2022-04-20,Manutenção Vibra / Volume / Power,Flex power / sensor de iluminação - iPad Air 3,Apple,Estrangeira - Importação direta,500
25808,2022-04-22,Manutenção Conector,Flex de conector de carga para iPhone 12  - Preto,Apple,Estrangeira - Importação direta,500
25810,2022-04-22,Manutenção Conector,Flex de conector de carga para iPhone 12  - Branco,Apple,Estrangeira - Importação direta,500
25811,2022-04-22,Manutenção Conector,Flex de conector de carga para iPhone 12  - Azul,Apple,Estrangeira - Importação direta,500
25812,2022-04-22,Manutenção Conector,Flex de conector de carga para iPhone 12  - Vermelho,Apple,Estrangeira - Importação direta,500
25813,2022-04-22,Manutenção Câmera,Flex do flash / microfone da câmera traseira - iPhone 12,Apple,Estrangeira - Importação direta,500
25814,2022-04-22,Manutenção Antena de Sinal,Antena Wi-Fi / GPS - iPhone 12,Apple,Estrangeira - Importação direta,500
25815,2022-04-22,Manutenção Vibra / Volume / Power,Flex volume / power / vibra / indução - iPhone 12,Apple,Estrangeira - Importação direta,500
25816,2022-04-22,Manutenção Flex do Sensor,Flex Lidar sensor 3D - iPhone 12 Pro,Apple,Estrangeira - Importação direta,500
25817,2022-04-22,Manutenção Câmera,Flex do flash / microfone da câmera traseira - iPhone 12 Pro,Apple,Estrangeira - Importação direta,500
25818,2022-04-22,Manutenção Antena de Sinal,Antena Wi-Fi / GPS - iPhone 12 Pro,Apple,Estrangeira - Importação direta,500
25819,2022-04-22,Manutenção Vibra / Volume / Power,Flex volume / power / vibra / indução - iPhone 12 Pro,Apple,Estrangeira - Importação direta,500
25831,2022-05-03,Manutenção Vibra / Volume / Power,Motor do Vibra - iPhone 6s,Apple,Estrangeira - Importação direta,200
25834,2022-05-09,Manutenção,Reparo Caixa de Som Extreme Box II VX Case - Preta,Android,Estrangeira - Importação direta,100
25838,2022-05-12,Manutenção Vibra / Volume / Power,Flex power / volume - iPad 5,Apple,Estrangeira - Importação direta,250
25839,2022-05-12,Manutenção Vibra / Volume / Power,Flex power - iPad 6,Apple,Estrangeira - Importação direta,0
25840,2022-05-12,Manutenção Vibra / Volume / Power,Flex power / volume - iPad 7 / iPad 8 / iPad 9,Apple,Estrangeira - Importação direta,800
25841,2022-05-12,Manutenção Vibra / Volume / Power,Flex volume - iPad Air 3,Apple,Estrangeira - Importação direta,600
25842,2022-05-12,Manutenção Conector,Flex conector de carga - iPad Air 4,Apple,Estrangeira - Importação direta,500
25843,2022-05-12,Manutenção Vibra / Volume / Power,Flex volume / flash / power - iPad Pro 11 (1°/2° Ger) / 12.9 (3°/4° Ger),Apple,Estrangeira - Importação direta,800
25844,2022-05-12,Manutenção Vibra / Volume / Power,Flex power - iPad Pro 9.7,Apple,Estrangeira - Importação direta,0
25845,2022-05-12,Manutenção Vibra / Volume / Power,Flex power / volume / microfone - iPad Pro 12.9 (1° Ger),Apple,Estrangeira - Importação direta,800
25846,2022-05-12,Manutenção Vibra / Volume / Power,Flex power - iPad Air 4 Branco,Apple,Estrangeira - Importação direta,500
25847,2022-05-12,Manutenção Vibra / Volume / Power,Flex power - iPad Air 3,Apple,Estrangeira - Importação direta,0
25848,2022-05-12,Manutenção Vibra / Volume / Power,Flex power - iPad Mini 6 *,Apple,Estrangeira - Importação direta,0
25849,2022-05-12,Manutenção Vibra / Volume / Power,Flex power / sensor de iluminação - iPad Mini 5,Apple,Estrangeira - Importação direta,500
25853,2022-05-13,Manutenção Vibra / Volume / Power,Flex volume - iPad Mini 5,Apple,Estrangeira - Importação direta,600
25854,2022-05-13,Manutenção Conector,Flex conector de carga - iPad Pro 12.9 Branco (1° Ger),Apple,Estrangeira - Importação direta,800
25855,2022-05-13,Manutenção Conector,Flex conector de carga - iPad Pro 12.9 Preto (1° Ger),Apple,Estrangeira - Importação direta,600
25856,2022-05-13,Manutenção Vibra / Volume / Power,Flex volume / microfone - iPad Air 4 / 5 / Mini 6,Apple,Estrangeira - Importação direta,500
25857,2022-05-13,Manutenção Conector,Flex conector de carga - iPad Air 3 Preto,Apple,Estrangeira - Importação direta,400
25858,2022-05-13,Manutenção Conector,Flex conector de carga - iPad Air 3 Branco,Apple,Estrangeira - Importação direta,500
25859,2022-05-13,Manutenção Conector,Flex conector de carga - iPad Mini 5 Preto,Apple,Estrangeira - Importação direta,400
25860,2022-05-13,Manutenção Conector,Flex conector de carga - iPad Mini 5 Branco,Apple,Estrangeira - Importação direta,400
25861,2022-05-13,Manutenção Câmera,Câmera traseira - iPad 5,Apple,Estrangeira - Importação direta,0
25862,2022-05-13,Manutenção Câmera,Flex câmera traseira - iPad Air 4 / 5 / Pro 11 (1° Ger) / 12.9 (3°/4° Ger),Apple,Estrangeira - Importação direta,700
25863,2022-05-13,Manutenção Câmera,Flex câmera traseira - iPad Mini 5,Apple,Estrangeira - Importação direta,400
25864,2022-05-13,Manutenção Câmera,Flex câmera traseira - iPad Air 3,Apple,Estrangeira - Importação direta,350
25865,2022-05-13,Manutenção Câmera,Flex câmera traseira - iPad 5 / 6,Apple,Estrangeira - Importação direta,300
25866,2022-05-13,Manutenção Câmera,Flex câmera traseira - iPad Pro 10.5,Apple,Estrangeira - Importação direta,300
25867,2022-05-13,Manutenção Câmera,Flex câmera traseira - iPad Pro 9.7,Apple,Estrangeira - Importação direta,700
25868,2022-05-13,Manutenção Câmera,Câmera traseira - iPad 7 / 8 / 9,Apple,Estrangeira - Importação direta,500
25869,2022-05-13,Manutenção Câmera,Câmera frontal - iPad 7 / 8 / 9,Apple,Estrangeira - Importação direta,600
25870,2022-05-13,Manutenção,Adesivo da Bateria Mag Power,Android,Estrangeira - Importação direta,0
25871,2022-05-13,Manutenção Câmera,Flex câmera frontal - iPad 5,Apple,Estrangeira - Importação direta,0
25872,2022-05-13,Manutenção Câmera,Flex câmera frontal - iPad 5 / 6,Apple,Estrangeira - Importação direta,300
25873,2022-05-13,Manutenção Câmera,Câmera frontal - iPad Air 4 / iPad Pro 11,Apple,Estrangeira - Importação direta,0
25874,2022-05-13,Manutenção Câmera,Flex câmera frontal - iPad Pro 10.5,Apple,Estrangeira - Importação direta,300
25875,2022-05-13,Manutenção Câmera,Flex câmera frontal - iPad Pro 9.7,Apple,Estrangeira - Importação direta,800
25876,2022-05-13,Manutenção Câmera,Flex câmera frontal - iPad Mini 5,Apple,Estrangeira - Importação direta,50
25877,2022-05-13,Manutenção Câmera,Flex câmera frontal - iPad Air 3,Apple,Estrangeira - Importação direta,500
25878,2022-05-13,Manutenção Vibra / Volume / Power,Flex power - iPad Mini 6,Apple,Estrangeira - Importação direta,500
25879,2022-05-13,Manutenção Vibra / Volume / Power,Flex volume - iPad mini 6,Apple,Estrangeira - Importação direta,0
25880,2022-05-13,Manutenção Conector,Flex conector de carga - iPad mini 6 Preto,Apple,Estrangeira - Importação direta,500
25881,2022-05-13,Manutenção Conector,Flex conector de carga - iPad mini 6 Branco,Apple,Estrangeira - Importação direta,800
25882,2022-05-13,Manutenção Câmera,Flex câmera traseira - iPad Mini 6,Apple,Estrangeira - Importação direta,600
25883,2022-05-13,Manutenção Câmera,Flex câmera frontal - iPad Air 4 / Mini 6 / Pro 11 (1° Ger),Apple,Estrangeira - Importação direta,700
25887,2022-05-23,Manutenção Carcaça/Vidro Traseiro,Carcaça completa - Note 20 Ultra,Android,Estrangeira - Importação direta,0
26021,2022-06-22,Manutenção,Reparo Bateria Externa VX Case Slim 10000mAh,Android,Estrangeira - Importação direta,70
26029,2022-06-29,Manutenção Carcaça/Vidro Traseiro,Adesivo Vedação iPhone 13,Apple,Estrangeira - Importação direta,500
26030,2022-06-29,Manutenção Carcaça/Vidro Traseiro,Adesivo Vedação iPhone 13 Pro,Apple,Estrangeira - Importação direta,0
26031,2022-06-29,Manutenção Carcaça/Vidro Traseiro,Adesivo Vedação iPhone 13 Pro Max,Apple,Estrangeira - Importação direta,0
26032,2022-06-29,Manutenção Carcaça/Vidro Traseiro,Adesivo Vedação iPhone 13 Mini,Apple,Estrangeira - Importação direta,0
26056,2022-07-11,Manutenção Câmera,Lente de vidro da câmera traseira para iPhone X - Avulsa,Apple,Estrangeira - Importação direta,200
26057,2022-07-11,Manutenção Speaker,Speaker - iPhone 11 Pro,Apple,Estrangeira - Importação direta,400
26067,2022-07-22,Manutenção Conector,Conector de Carga para iPhone 8 Dourado,Apple,Estrangeira - Importação direta,200
26070,2022-07-23,Manutenção,Reparo Bateria VX Case Mag Power - Cinza,Android,Nacional,150
26071,2022-07-26,Manutenção Wi-Fi,Antena Wi-Fi - iPad Air,Apple,Estrangeira - Importação direta,400
26092,2022-08-04,Manutenção Câmera,Lente de Vidro da Câmera para iPhone 12 Pro - M,Apple,Estrangeira - Importação direta,250
26093,2022-08-04,Manutenção Câmera,Lente de Vidro da Câmera para iPhone 12 Pro Max - M,Apple,Nacional,250
26094,2022-08-11,Manutenção Bateria,Bateria de iPhone 12 Mini,Apple,Nacional,400
26095,2022-08-13,Manutenção,Reparo Caixa de Som Shower Speaker VX Case - Preta Soft,Android,Estrangeira - Importação direta,70
26101,2022-08-23,Manutenção Câmera,Flex do flash - iPhone 13 Pro,Apple,Estrangeira - Importação direta,500
26119,2022-09-05,Manutenção LCD/ Touch,Vidro e touchscreen com LCD iPad Pro 11 ( A2377 ),Apple,Estrangeira - Importação direta,0
26131,2022-09-14,Manutenção Microfone,Flex microfone da câmera traseira - iPhone 13 Pro Max,Apple,Estrangeira - Importação direta,800
26132,2022-09-15,Manutenção Flex do Sensor,Flex sensor de proximidade - iPhone 13 Pro Max,Apple,Estrangeira - Importação direta,500
26139,2022-09-23,Manutenção Flex do Sensor,Flex sensor face ID - iPhone 13 Pro,Apple,Estrangeira - Importação direta,500
26140,2022-09-23,Manutenção Flex do Sensor,Flex sensor face ID - iPhone 13,Apple,Estrangeira - Importação direta,500
26142,2022-09-23,Manutenção LCD/ Touch,Vidro e touchscreen com LCD iPad Pro 12.9 (A2230) - Preto,Apple,Estrangeira - Importação direta,3200
26161,2022-10-03,Manutenção Sim Tray,Simtray iPhone 13 Pro Max - Preto,Apple,Estrangeira - Importação direta,200
26175,2022-10-21,Manutenção LCD/ Touch,Vidro e touchscreen com LCD Apple Watch Series 3 (GPS) 42mm,Apple,Estrangeira - Importação direta,900
26177,2022-11-03,Manutenção Carcaça/Vidro Traseiro,Tampa traseira de vidro para iPhone 14 - Meia-noite,Apple,Estrangeira - Importação direta,800
26178,2022-11-03,Manutenção Carcaça/Vidro Traseiro,Tampa traseira de vidro para iPhone 14 - Roxo,Apple,Estrangeira - Importação direta,800
26179,2022-11-07,Manutenção Carcaça/Vidro Traseiro,Tampa de vidro para iPhone 14 - Estelar,Apple,Estrangeira - Importação direta,800
26180,2022-11-07,Manutenção Carcaça/Vidro Traseiro,Tampa traseira de vidro para iPhone 14 - Vermelho,Apple,Estrangeira - Importação direta,800
26181,2022-11-07,Manutenção Carcaça/Vidro Traseiro,Tampa traseira de vidro para iPhone 14 - Azul,Apple,Estrangeira - Importação direta,800
26182,2022-11-07,Manutenção LCD/ Touch,Vidro e touchscreen com LCD iPhone 14 - Preto,Apple,Nacional,2000
26183,2022-11-07,Manutenção LCD/ Touch,Vidro e touchscreen com LCD iPhone 14 Plus - Preto,Apple,Estrangeira - Importação direta,2500
26184,2022-11-07,Manutenção LCD/ Touch,Vidro e touchscreen com LCD iPhone 14 Pro - Preto,Apple,Estrangeira - Importação direta,2500
26185,2022-11-07,Manutenção LCD/ Touch,Vidro e touchscreen com LCD iPhone 14 Pro Max - Preto,Apple,Estrangeira - Importação direta,2800
26190,2022-11-08,Manutenção Câmera,Lente de Vidro da Câmera para iPhone 14 - G,Apple,Nacional,400
26198,2022-11-08,Manutenção Câmera,Lente de Vidro da Câmera para iPhone 14 - M,Apple,Estrangeira - Importação direta,0
26199,2022-11-08,Manutenção Câmera,Lente de Vidro da Câmera para iPhone 14  - P,Apple,Estrangeira - Importação direta,0
26200,2022-11-08,Manutenção Câmera,Lente de Vidro da Câmera para iPhone 14 Plus - P,Apple,Estrangeira - Importação direta,0
26201,2022-11-08,Manutenção Câmera,Lente de Vidro da Câmera para iPhone 14 Plus - M,Apple,Estrangeira - Importação direta,0
26202,2022-11-08,Manutenção Câmera,Lente de Vidro da Câmera para iPhone 14 Plus - G,Apple,Nacional,400
26203,2022-11-08,Manutenção Câmera,Lente de Vidro da Câmera para iPhone 14 Pro - P,Apple,Nacional,400
26204,2022-11-08,Manutenção Câmera,Lente de Vidro da Câmera para iPhone 14 Pro - M,Apple,Nacional,400
26205,2022-11-08,Manutenção Câmera,Lente de Vidro da Câmera para iPhone 14 Pro - G,Apple,Nacional,400
26206,2022-11-08,Manutenção Câmera,Lente de Vidro da Câmera para iPhone 14 Pro Max - P,Apple,Nacional,400
26207,2022-11-08,Manutenção Câmera,Lente de Vidro da Câmera para iPhone 14 Pro Max - M,Apple,Nacional,400
26208,2022-11-08,Manutenção Câmera,Lente de Vidro da Câmera para iPhone 14 Pro Max - G,Apple,Nacional,400
26209,2022-11-08,Manutenção Carcaça/Vidro Traseiro,Tampa traseira de vidro para iPhone 14 Plus - Meia-noite,Apple,Estrangeira - Importação direta,1000
26210,2022-11-08,Manutenção Carcaça/Vidro Traseiro,Tampa traseira de vidro para iPhone 14 Plus - Roxo,Apple,Estrangeira - Importação direta,1000
26211,2022-11-08,Manutenção Carcaça/Vidro Traseiro,Tampa traseira de vidro para iPhone 14 Plus - Estelar,Apple,Estrangeira - Importação direta,1000
26212,2022-11-09,Manutenção Carcaça/Vidro Traseiro,Tampa de vidro para iPhone 14 Plus - Vermelha,Apple,Estrangeira - Importação direta,1000
26213,2022-11-09,Manutenção Carcaça/Vidro Traseiro,Tampa de vidro para iPhone 14 Plus - Azul,Apple,Estrangeira - Importação direta,1000
26214,2022-11-09,Manutenção Carcaça/Vidro Traseiro,Tampa de vidro para iPhone 14 Pro - Preto-espacial,Apple,Nacional,900
26215,2022-11-09,Manutenção Carcaça/Vidro Traseiro,Tampa de vidro para iPhone 14 Pro - Prateado,Apple,Nacional,900
26216,2022-11-09,Manutenção Carcaça/Vidro Traseiro,Tampa de vidro para iPhone 14 Pro - Dourado,Apple,Nacional,900
26217,2022-11-09,Manutenção Carcaça/Vidro Traseiro,Tampa de vidro para iPhone 14 Pro - Roxo-Profundo,Apple,Nacional,900
26218,2022-11-09,Manutenção Carcaça/Vidro Traseiro,Tampa de vidro para iPhone 14 Pro Max - Preto-espacial,Apple,Nacional,1000
26219,2022-11-09,Manutenção Carcaça/Vidro Traseiro,Tampa de vidro para iPhone 14 Pro Max - Prateado,Apple,Nacional,1000
26220,2022-11-09,Manutenção Carcaça/Vidro Traseiro,Tampa de vidro para iPhone 14 Pro Max - Dourado,Apple,Nacional,1000
26221,2022-11-09,Manutenção Carcaça/Vidro Traseiro,Tampa de vidro para iPhone 14 Pro Max - Roxo-profundo,Apple,Estrangeira - Importação direta,1000
26243,2022-11-10,Manutenção Câmera,Câmera traseira para iPhone 13,Apple,Estrangeira - Importação direta,800
26244,2022-11-10,Manutenção Câmera,Câmera traseira para iPhone 13 Pro,Apple,Estrangeira - Importação direta,1000
26245,2022-11-10,Manutenção Câmera,Câmera traseira para iPhone 13 Pro Max,Apple,Estrangeira - Importação direta,1000
26258,2022-11-29,Manutenção Vibra / Volume / Power,Flex volume / power / vibra / indução - iPhone 13 Pro Max,Apple,Estrangeira - Importação direta,500
26260,2022-11-29,Manutenção Flex do Sensor,Flex do flash - iPhone 13 Pro Max,Apple,Estrangeira - Importação direta,500
26268,2022-11-30,Manutenção Bateria,Bateria de iPhone 13,Apple,Nacional,600
26269,2022-11-30,Manutenção Bateria,Bateria de iPhone 13 Pro,Apple,Nacional,600
26270,2022-11-30,Manutenção Bateria,Bateria de iPhone 13 Pro Max,Apple,Nacional,600
26275,2022-12-07,Manutenção Vibra / Volume / Power,Volume / power / vibra / indução - iPhone 13,Apple,Estrangeira - Importação direta,500
26278,2022-12-15,Manutenção Bateria,Bateria de iPad Mini 5,Apple,Nacional,550
26280,2022-12-16,Manutenção Bateria,Bateria Apple watch Série 3 - 42 mm Lite,Apple,Estrangeira - Importação direta,300
26294,2023-01-05,Manutenção Carcaça/Vidro Traseiro,Tampa traseira de vidro para iPhone 13 Pro Max - Verde,Apple,Estrangeira - Importação direta,800
26322,2023-01-25,Manutenção Wi-Fi,Antena Wi-Fi iPhone 13 Pro Max,Apple,Estrangeira - Importação direta,800
26326,2023-02-08,Manutenção LCD/ Touch,Vidro e touchscreen com LCD iPhone SE 3 - Preto,Apple,Estrangeira - Importação direta,700
26342,2023-03-14,Manutenção,Cabo de Carregamento do Heart Light,Android,Nacional,100
26357,2023-03-30,Manutenção,Reparo Dock Easy Charger Millennium 4 em 1 VX Case C/ adaptador 36W - Preto,Android,Estrangeira - Importação direta,100
26365,2023-04-19,Manutenção LCD/ Touch,Vidro e touchscreen com LCD iPad Pro 11 (3° Ger) - A2377 / A2459 / A2301 / A2460,Apple,Estrangeira - Importação direta,3000
26366,2023-04-19,Manutenção LCD/ Touch,Vidro e touchscreen com LCD iPhone 13 Mini - Preto,Apple,Estrangeira - Importação direta,1300
26367,2023-04-19,Manutenção Câmera,Câmera frontal do iPhone 14,Apple,Estrangeira - Importação direta,800
26368,2023-04-19,Manutenção Câmera,Câmera frontal do iPhone 14 Plus,Apple,Estrangeira - Importação direta,1000
26369,2023-04-19,Manutenção Câmera,Câmera frontal do iPhone 14 Pro,Apple,Estrangeira - Importação direta,1000
26370,2023-04-19,Manutenção Câmera,Câmera frontal do iPhone 14 Pro Max,Apple,Estrangeira - Importação direta,1000
26371,2023-04-19,Manutenção Câmera,Câmera traseira do iPhone 14,Apple,Estrangeira - Importação direta,1000
26372,2023-04-19,Manutenção Câmera,Câmera traseira do iPhone 14 Plus,Apple,Estrangeira - Importação direta,1000
26373,2023-04-19,Manutenção Câmera,Câmera traseira do iPhone 14 Pro,Apple,Estrangeira - Importação direta,1200
26374,2023-04-19,Manutenção Câmera,Câmera traseira do iPhone 14 Pro Max,Apple,Estrangeira - Importação direta,1200
26375,2023-04-19,Manutenção Flex do Sensor,Flex sensor / microfone da câmera do iPhone 14,Apple,Estrangeira - Importação direta,500
26376,2023-04-19,Manutenção Flex do Sensor,Flex sensor / microfone da câmera do iPhone 14 Plus,Apple,Estrangeira - Importação direta,500
26377,2023-04-19,Manutenção Flex do Sensor,Flex sensor / microfone da câmera do iPhone 14 Pro,Apple,Estrangeira - Importação direta,800
26378,2023-04-19,Manutenção Flex do Sensor,Flex sensor / microfone da câmera do iPhone 14 Pro Max,Apple,Estrangeira - Importação direta,800
26379,2023-04-19,Manutenção LCD/ Touch,Vidro e touchscreen com LCD iPad Mini 6 - Preto,Apple,Estrangeira - Importação direta,1800
26380,2023-04-19,Manutenção Vibra / Volume / Power,Flex power do iPhone 14,Apple,Estrangeira - Importação direta,500
26381,2023-04-19,Manutenção Vibra / Volume / Power,Flex power do iPhone 14 Plus,Apple,Estrangeira - Importação direta,500
26382,2023-04-19,Manutenção Vibra / Volume / Power,Flex volume / vibra do iPhone 14,Apple,Estrangeira - Importação direta,500
26383,2023-04-19,Manutenção Vibra / Volume / Power,Flex volume / vibra do iPhone 14 Plus,Apple,Estrangeira - Importação direta,500
26384,2023-04-19,Manutenção Alto Falante,Alto-falante auricular do iPhone 14,Apple,Estrangeira - Importação direta,500
26385,2023-04-19,Manutenção Alto Falante,Alto-falante auricular do iPhone 14 Plus,Apple,Estrangeira - Importação direta,600
26386,2023-04-19,Manutenção Alto Falante,Alto-falante auricular do iPhone 14 Pro,Apple,Estrangeira - Importação direta,500
26387,2023-04-19,Manutenção Alto Falante,Alto-falante auricular do iPhone 14 Pro Max,Apple,Estrangeira - Importação direta,600
26388,2023-04-19,Manutenção Câmera,Flex flash do iPhone 14 Pro,Apple,Estrangeira - Importação direta,500
26389,2023-04-19,Manutenção Câmera,Flex flash do iPhone 14 Pro Max,Apple,Estrangeira - Importação direta,500
26399,2023-04-25,Manutenção Bateria,Bateria de iPad 8,Apple,Nacional,600
26400,2023-04-25,Manutenção Bateria,Bateria de iPad 9,Apple,Nacional,800
26401,2023-04-26,Manutenção Conector,Conector de carga do iPhone 14 - Preto,Apple,Estrangeira - Importação direta,500
26402,2023-04-26,Manutenção Conector,Conector de carga do iPhone 14 - Branco,Apple,Estrangeira - Importação direta,500
26403,2023-04-26,Manutenção Conector,Conector de carga do iPhone 14 - Azul,Apple,Estrangeira - Importação direta,500
26404,2023-04-26,Manutenção Conector,Conector de carga do iPhone 14 - Vermelho,Apple,Estrangeira - Importação direta,500
26405,2023-04-26,Manutenção Conector,Conector de carga do iPhone 14 Plus - Preto,Apple,Estrangeira - Importação direta,800
26406,2023-04-26,Manutenção Conector,Conector de carga do iPhone 14 Plus - Branco,Apple,Estrangeira - Importação direta,800
26407,2023-04-26,Manutenção Conector,Conector de carga do iPhone 14 Plus - Azul,Apple,Estrangeira - Importação direta,800
26408,2023-04-26,Manutenção Conector,Conector de carga do iPhone 14 Plus - Vermelho,Apple,Estrangeira - Importação direta,800
26409,2023-04-26,Manutenção Conector,Conector de carga do iPhone 14 Pro - Roxo-profundo,Apple,Estrangeira - Importação direta,800
26410,2023-04-26,Manutenção Conector,Conector de carga do iPhone 14 Pro - Dourado,Apple,Estrangeira - Importação direta,800
26411,2023-04-26,Manutenção Conector,Conector de carga do iPhone 14 Pro - Branco,Apple,Estrangeira - Importação direta,800
26412,2023-04-26,Manutenção Conector,Conector de carga do iPhone 14 Pro Max - Roxo-profundo,Apple,Estrangeira - Importação direta,800
26413,2023-04-26,Manutenção Conector,Conector de carga do iPhone 14 Pro Max - Dourado,Apple,Estrangeira - Importação direta,800
26414,2023-04-26,Manutenção Conector,Conector de carga do iPhone 14 Pro Max - Branco,Apple,Estrangeira - Importação direta,800
26415,2023-04-26,Manutenção Conector,Conector de carga do iPhone 14 Pro Max - Preto,Apple,Estrangeira - Importação direta,800
26450,2023-05-15,Manutenção Câmera,Câmera traseira do iPhone SE 2°,Apple,Estrangeira - Importação direta,300
26583,2023-06-20,Manutenção Carcaça/Vidro Traseiro,Tampa de vidro para iPhone SE 3 - Meia-noite,Apple,Estrangeira - Importação direta,400
26589,2023-06-21,Manutenção Carcaça/Vidro Traseiro,Tampa de vidro para iPhone SE 3 - Estelar,Apple,Estrangeira - Importação direta,400
26590,2023-06-21,Manutenção Carcaça/Vidro Traseiro,Tampa de vidro para iPhone SE 3 - Vermelho,Apple,Estrangeira - Importação direta,400
26593,2023-06-22,Manutenção LCD/ Touch,Recuperação De Tela iPhone 13 Pro Max,Apple,Nacional,1500
26598,2023-06-26,Manutenção LCD/ Touch,Vidro e touchscreen com LCD iPhone 11 (SC) - Preto,Apple,Nacional,800
26599,2023-06-26,Manutenção LCD/ Touch,Vidro e touchscreen com LCD iPhone 12/12 Pro (SC) - Preto,Apple,Nacional,1500
26600,2023-06-26,Manutenção LCD/ Touch,Vidro e touchscreen com LCD iPhone 12 Pro Max (SC) - Preto,Apple,Nacional,1800
26601,2023-06-26,Manutenção LCD/ Touch,Vidro e touchscreen com LCD iPhone 13 (SC) - Preto,Apple,Nacional,1800
26663,2023-07-20,Manutenção,Reparo Bateria VX Case Mag Power - Preta,Android,Nacional,150
26692,2023-08-02,Manutenção Vibra / Volume / Power,Flex power - iPad Air 4 Preto,Apple,Estrangeira - Importação direta,500
26721,2023-08-17,Manutenção Bateria,Bateria de iPhone 14 Pro Max,Apple,Nacional,800
26722,2023-08-17,Manutenção Bateria,Bateria de iPhone 14 Pro,Apple,Nacional,650
26723,2023-08-17,Manutenção Bateria,Bateria de iPhone 14,Apple,Nacional,650
26737,2023-08-29,Manutenção Microfone,Flex microfone câmera traseira - iPad Pro 11 (3°Ger),Apple,Estrangeira - Importação direta,800
26738,2023-09-04,Manutenção Wi-Fi,Flex antena WI-FI - iPhone 5s,Apple,Estrangeira - Importação direta,200
26745,2023-09-15,Manutenção Carcaça/Vidro Traseiro,Carcaça completa para iPhone 14 - Meia-noite,Apple,Estrangeira - Importação direta,1000
26746,2023-09-15,Manutenção Carcaça/Vidro Traseiro,Carcaça completa para iPhone 14 - Roxo,Apple,Estrangeira - Importação direta,1000
26747,2023-09-15,Manutenção Carcaça/Vidro Traseiro,Carcaça completa para iPhone 14 - Azul,Apple,Estrangeira - Importação direta,1000
26748,2023-09-15,Manutenção Carcaça/Vidro Traseiro,Carcaça completa para iPhone 14 - Estelar,Apple,Estrangeira - Importação direta,1000
26749,2023-09-15,Manutenção Carcaça/Vidro Traseiro,Carcaça completa para iPhone 14 - Vermelho,Apple,Estrangeira - Importação direta,1000
26750,2023-09-15,Manutenção Carcaça/Vidro Traseiro,Carcaça completa para iPhone 14 Plus - Estelar,Apple,Estrangeira - Importação direta,1300
26751,2023-09-15,Manutenção Carcaça/Vidro Traseiro,Carcaça completa para iPhone 14 Plus - Vermelho,Apple,Estrangeira - Importação direta,1300
26752,2023-09-15,Manutenção Carcaça/Vidro Traseiro,Carcaça completa para iPhone 14 Plus - Meia-noite,Apple,Estrangeira - Importação direta,1300
26753,2023-09-15,Manutenção Carcaça/Vidro Traseiro,Carcaça completa para iPhone 14 Plus - Roxo,Apple,Estrangeira - Importação direta,1300
26754,2023-09-15,Manutenção Carcaça/Vidro Traseiro,Carcaça completa para iPhone 14 Plus - Azul,Apple,Estrangeira - Importação direta,1300
26755,2023-09-15,Manutenção Carcaça/Vidro Traseiro,Carcaça completa para iPhone 14 Pro - Dourado,Apple,Estrangeira - Importação direta,1500
26756,2023-09-15,Manutenção Carcaça/Vidro Traseiro,Carcaça completa para iPhone 14 Pro - Prateado,Apple,Estrangeira - Importação direta,1500
26757,2023-09-15,Manutenção Carcaça/Vidro Traseiro,Carcaça completa para iPhone 14 Pro - Preto-espacial,Apple,Estrangeira - Importação direta,1500
26758,2023-09-15,Manutenção Carcaça/Vidro Traseiro,Carcaça completa para iPhone 14 Pro - Roxo-profundo,Apple,Estrangeira - Importação direta,1500
26759,2023-09-15,Manutenção Carcaça/Vidro Traseiro,Carcaça completa para iPhone 14 Pro Max - Roxo-profundo,Apple,Estrangeira - Importação direta,1800
26760,2023-09-15,Manutenção Carcaça/Vidro Traseiro,Carcaça completa para iPhone 14 Pro Max - Preto-espacial,Apple,Estrangeira - Importação direta,1800
26761,2023-09-15,Manutenção Carcaça/Vidro Traseiro,Carcaça completa para iPhone 14 Pro Max - Dourado,Apple,Estrangeira - Importação direta,1800
26762,2023-09-15,Manutenção Carcaça/Vidro Traseiro,Carcaça completa para iPhone 14 Pro Max - Prateado,Apple,Estrangeira - Importação direta,1800
26763,2023-09-18,Manutenção,Reparo Tripé Profissional VX Case - Preto,Android,Estrangeira - Importação direta,80
26764,2023-09-20,Manutenção Wi-Fi,Flex antena WI-FI - iPhone 11,Apple,Estrangeira - Importação direta,500
26765,2023-09-22,Manutenção LCD/ Touch,Vidro e touchscreen com LCD iPhone 11 (SC) - Preto,Apple,Estrangeira - Importação direta,0
26766,2023-09-22,Manutenção LCD/ Touch,Vidro e touchscreen com LCD iPhone 11 Pro (SC) - Preto,Apple,Nacional,800
26767,2023-09-22,Manutenção LCD/ Touch,Vidro e touchscreen com LCD iPhone 11 Pro Max (SC) - Preto,Apple,Nacional,1000
26768,2023-09-22,Manutenção LCD/ Touch,Vidro e touchscreen com LCD iPhone 13 Pro Max (SC) - Preto,Apple,Nacional,2500
26769,2023-09-22,Manutenção LCD/ Touch,Vidro e touchscreen com LCD iPhone 13 Pro (SC) - Preto,Apple,Nacional,2000
26771,2023-09-26,Manutenção LCD/ Touch,Vidro e touchscreen com LCD - SN (986B),Android,Estrangeira - Importação direta,1500
26815,2023-10-07,Manutenção Alto Falante,Alto-falante auricular do iPhone 13,Apple,Estrangeira - Importação direta,400
26829,2023-10-25,Manutenção Bateria,Bateria de iPhone 13 Mini,Apple,Nacional,400
26841,2023-11-03,Manutenção,Durometro,Android,Nacional,0
26842,2023-11-03,Manutenção LCD/ Touch,Vidro e touchscreen com LCD iPhone 15 Pro Max - Preto,Apple,Estrangeira - Importação direta,3200
26843,2023-11-03,Manutenção LCD/ Touch,Vidro e touchscreen com LCD iPhone 15 Pro - Preto,Apple,Estrangeira - Importação direta,2500
26844,2023-11-03,Manutenção LCD/ Touch,Vidro e touchscreen com LCD iPhone 15 - Preto,Apple,Estrangeira - Importação direta,2300
26845,2023-11-03,Manutenção LCD/ Touch,Vidro e touchscreen com LCD iPhone 15 Plus - Preto,Apple,Estrangeira - Importação direta,2500
26909,2023-11-28,Manutenção,Reparo Mag Easy Charger VX Case C/ adaptador 36W - Preto,Android,Estrangeira - Importação direta,100
26923,2023-12-05,Manutenção Vibra / Volume / Power,Flex power do iPhone 12 Pro Max,Apple,Estrangeira - Importação direta,500
26931,2023-12-13,Manutenção Tag de Bateria,Flex Tag de Bateria JC para iPhone 11,Apple,Estrangeira - Importação direta,0
26932,2023-12-13,Manutenção Tag de Bateria,Flex Tag de Bateria JC para iPhone 11 Pro / 11 Pro Max,Apple,Estrangeira - Importação direta,0
26933,2023-12-13,Manutenção Tag de Bateria,Flex Tag de Bateria JC para iPhone 11 Pro Max,Apple,Estrangeira - Importação direta,0
26934,2023-12-13,Manutenção Tag de Bateria,Flex Tag de Bateria JC para iPhone 12 / 12 Pro / 12 Mini,Apple,Estrangeira - Importação direta,0
26935,2023-12-13,Manutenção Tag de Bateria,Flex Tag de Bateria JC para iPhone 12 Pro Max,Apple,Estrangeira - Importação direta,0
26936,2023-12-13,Manutenção Tag de Bateria,Flex Tag de Bateria JC para iPhone 13 / 13 Mini,Apple,Estrangeira - Importação direta,0
26937,2023-12-13,Manutenção Tag de Bateria,Flex Tag de Bateria JC para iPhone 13 Mini,Apple,Estrangeira - Importação direta,0
26938,2023-12-13,Manutenção Tag de Bateria,Flex Tag de Bateria JC para iPhone 13 Pro / 13 Pro Max,Apple,Estrangeira - Importação direta,0
26939,2023-12-13,Manutenção Tag de Bateria,Flex Tag de Bateria JC para iPhone 13 Pro Max,Apple,Estrangeira - Importação direta,0
26940,2023-12-13,Manutenção Tag de Bateria,Flex Tag de Bateria JC para iPhone 14 / 14 Plus,Apple,Estrangeira - Importação direta,0
26941,2023-12-13,Manutenção Tag de Bateria,Flex Tag de Bateria JC para iPhone 14 Plus,Apple,Estrangeira - Importação direta,0
26942,2023-12-13,Manutenção Tag de Bateria,Flex Tag de Bateria JC para iPhone 14 Pro / 14 Pro Max,Apple,Estrangeira - Importação direta,0
26943,2023-12-13,Manutenção Tag de Bateria,Flex Tag de Bateria JC para iPhone 14 Pro Max,Apple,Estrangeira - Importação direta,0
26944,2023-12-14,Manutenção Bateria,Bateria de iPhone XS - Sem Flex,Apple,Nacional,450
26945,2023-12-14,Manutenção Bateria,Bateria de iPhone XS Max - Sem Flex,Apple,Nacional,500
26946,2023-12-14,Manutenção Bateria,Bateria de iPhone XR - Sem Flex,Apple,Nacional,450
26947,2023-12-14,Manutenção Bateria,Bateria de iPhone 11 - Sem Flex,Apple,Nacional,500
26948,2023-12-14,Manutenção Bateria,Bateria de iPhone 11 Pro - Sem Flex,Apple,Nacional,550
26949,2023-12-14,Manutenção Bateria,Bateria de iPhone 11 Pro Max - Sem Flex,Apple,Nacional,550
26950,2023-12-14,Manutenção Bateria,Bateria de iPhone 12/12 Pro - Sem flex,Apple,Nacional,500
26951,2023-12-14,Manutenção Bateria,Bateria de iPhone 12 Pro Max - Sem Flex,Apple,Nacional,500
26952,2023-12-14,Manutenção Bateria,Bateria de iPhone 12 Mini - Sem Flex,Apple,Nacional,400
26953,2023-12-14,Manutenção Bateria,Bateria de iPhone 13 - Sem Flex,Apple,Nacional,600
26954,2023-12-14,Manutenção Bateria,Bateria de iPhone 13 Pro - Sem Flex,Apple,Nacional,600
26955,2023-12-14,Manutenção Bateria,Bateria de iPhone 13 Pro Max - Sem Flex,Apple,Nacional,600
26956,2023-12-14,Manutenção Bateria,Bateria de iPhone 13 Mini - Sem Flex,Apple,Nacional,350
26957,2023-12-14,Manutenção Bateria,Bateria de iPhone 14 Pro Max - Sem Flex,Apple,Nacional,800
26958,2023-12-14,Manutenção Bateria,Bateria de iPhone 14 Pro - Sem Flex,Apple,Nacional,700
26959,2023-12-14,Manutenção Bateria,Bateria de iPhone 14 - Sem Flex,Apple,Nacional,700
26960,2023-12-14,Manutenção LCD/ Touch,Vidro e touchscreen com LCD iPad Pro 12.9 (5° Ger) - A2378 - Preto,Apple,Estrangeira - Importação direta,3100
26974,2023-12-21,Manutenção,Reparo New Smart Holder Wireless Charger VX Case - Preto,Android,Estrangeira - Importação direta,100
26975,2023-12-21,Manutenção LCD/ Touch,Vidro e touchscreen com LCD iPad Air 5 - Preto,Apple,Estrangeira - Importação direta,2800
26978,2023-12-29,Manutenção LCD/ Touch,Vidro e touchscreen com LCD iPhone 12 Mini (SC) - Preto,Apple,Nacional,1000
26979,2023-12-29,Manutenção LCD/ Touch,Vidro e touchscreen com LCD iPhone 14 (SC) - Preto,Apple,Nacional,2000
26980,2023-12-29,Manutenção,Reparo Mini Heart Light VX Case com Suporte - Preto,Android,Estrangeira - Importação direta,100
26987,2024-01-04,Manutenção LCD/ Touch,Vidro c/ Touchscreen e LCD Galaxy Note 9 - Preta,Android,Estrangeira - Importação direta,2000
27003,2024-01-13,Manutenção Carcaça/Vidro Traseiro,Tampa traseira de vidro para iPhone 13 Mini - Branco,Apple,Estrangeira - Importação direta,700
27013,2024-01-17,Manutenção Vibra / Volume / Power,Flex power - iPad Air 5 Preto,Apple,Estrangeira - Importação direta,900
27017,2024-01-18,Manutenção Bateria,Bateria de iPhone 14 Plus - Sem Flex,Apple,Nacional,650
27027,2024-01-19,Manutenção Speaker,Speaker - iPhone 13,Apple,Estrangeira - Importação direta,500
27028,2024-01-19,Manutenção Speaker,Speaker - iPhone 13 Pro,Apple,Estrangeira - Importação direta,500
27029,2024-01-19,Manutenção Speaker,Speaker - iPhone 13 Pro Max,Apple,Estrangeira - Importação direta,500
27030,2024-01-19,Manutenção Vibra / Volume / Power,Motor do Vibra - iPhone 13,Apple,Estrangeira - Importação direta,500
27031,2024-01-19,Manutenção Vibra / Volume / Power,Motor do Vibra - iPhone 13 Pro,Apple,Estrangeira - Importação direta,500
27032,2024-01-19,Manutenção Vibra / Volume / Power,Motor do Vibra - iPhone 13 Pro Max,Apple,Estrangeira - Importação direta,500
27050,2024-01-23,Manutenção Tag de Bateria,Flex Tag de Bateria JC para iPhone 14 Pro,Apple,Estrangeira - Importação direta,0
27051,2024-01-23,Manutenção Tag de Bateria,Flex Tag de Bateria JC para iPhone 14,Apple,Estrangeira - Importação direta,0
27052,2024-01-23,Manutenção Tag de Bateria,Flex Tag de Bateria JC para iPhone 13 Pro,Apple,Estrangeira - Importação direta,0
27053,2024-01-23,Manutenção Tag de Bateria,Flex Tag de Bateria JC para iPhone 13,Apple,Estrangeira - Importação direta,0
27054,2024-01-23,Manutenção Carcaça/Vidro Traseiro,Carcaça completa para iPhone 14 com abertura para Sim Tray - Preto,Apple,Estrangeira - Importação direta,1000
27055,2024-01-23,Manutenção Carcaça/Vidro Traseiro,Tampa traseira de vidro para iPhone 15 - Rosa,Apple,Estrangeira - Importação direta,1300
27056,2024-01-23,Manutenção Carcaça/Vidro Traseiro,Tampa traseira de vidro para iPhone 15 - Preto,Apple,Estrangeira - Importação direta,1300
27057,2024-01-23,Manutenção Carcaça/Vidro Traseiro,Tampa traseira de vidro para iPhone 15 - Azul,Apple,Estrangeira - Importação direta,1300
27058,2024-01-23,Manutenção Carcaça/Vidro Traseiro,Tampa traseira de vidro para iPhone 15 - Verde,Apple,Estrangeira - Importação direta,1300
27059,2024-01-23,Manutenção Carcaça/Vidro Traseiro,Tampa traseira de vidro para iPhone 15 - Amarelo,Apple,Estrangeira - Importação direta,1300
27060,2024-01-23,Manutenção Carcaça/Vidro Traseiro,Tampa traseira de vidro para iPhone 15 Plus - Rosa,Apple,Estrangeira - Importação direta,1350
27061,2024-01-23,Manutenção Carcaça/Vidro Traseiro,Tampa traseira de vidro para iPhone 15 Plus - Preto,Apple,Estrangeira - Importação direta,1350
27062,2024-01-23,Manutenção Carcaça/Vidro Traseiro,Tampa traseira de vidro para iPhone 15 Plus - Azul,Apple,Estrangeira - Importação direta,1350
27063,2024-01-23,Manutenção Carcaça/Vidro Traseiro,Tampa traseira de vidro para iPhone 15 Plus - Verde,Apple,Estrangeira - Importação direta,1350
27064,2024-01-23,Manutenção Carcaça/Vidro Traseiro,Tampa traseira de vidro para iPhone 15 Plus - Amarelo,Apple,Estrangeira - Importação direta,1350
27065,2024-01-23,Manutenção Carcaça/Vidro Traseiro,Tampa traseira de vidro para iPhone 15 Pro - Preto,Apple,Estrangeira - Importação direta,1300
27066,2024-01-23,Manutenção Carcaça/Vidro Traseiro,Tampa traseira de vidro para iPhone 15 Pro - Azul,Apple,Nacional,1300
27067,2024-01-23,Manutenção Carcaça/Vidro Traseiro,Tampa traseira de vidro para iPhone 15 Pro - Prata,Apple,Estrangeira - Importação direta,1300
27068,2024-01-23,Manutenção Carcaça/Vidro Traseiro,Tampa traseira de vidro para iPhone 15 Pro - Natural,Apple,Nacional,1300
27069,2024-01-23,Manutenção Carcaça/Vidro Traseiro,Tampa traseira de vidro para iPhone 15 Pro Max - Preto,Apple,Nacional,1550
27070,2024-01-23,Manutenção Carcaça/Vidro Traseiro,Tampa traseira de vidro para iPhone 15 Pro Max - Azul,Apple,Nacional,1550
27071,2024-01-23,Manutenção Carcaça/Vidro Traseiro,Tampa traseira de vidro para iPhone 15 Pro Max - Prata,Apple,Estrangeira - Importação direta,1550
27072,2024-01-23,Manutenção Carcaça/Vidro Traseiro,Tampa traseira de vidro para iPhone 15 Pro Max - Natural,Apple,Nacional,1550
27073,2024-01-23,Manutenção Tag de Bateria,Flex Tag de Bateria JC para iPhone 12 / 12 Pro,Apple,Estrangeira - Importação direta,0
27074,2024-01-23,Manutenção Tag de Bateria,Flex Tag de Bateria JC para iPhone 11 Pro,Apple,Estrangeira - Importação direta,0
27077,2024-01-24,Manutenção Microfone,Microfone da Câmera - iPad Mini,Apple,Estrangeira - Importação direta,200
27082,2024-01-26,Manutenção Conector,Conector de Carga iPhone SE 2020 - Branco,Apple,Estrangeira - Importação direta,300
27083,2024-01-26,Manutenção Conector,Conector de Carga iPhone SE 2020 - Vermelho,Apple,Estrangeira - Importação direta,300
27090,2024-02-01,Manutenção LCD/ Touch,Vidro e touchscreen com LCD iPhone 14 Plus (SC) - Preto,Apple,Nacional,2500
27092,2024-02-05,Manutenção Carcaça/Vidro Traseiro,Carcaça completa para iPhone 14 Pro com abertura para Sim Tray - Roxo-profundo,Apple,Estrangeira - Importação direta,1500
27097,2024-02-06,Manutenção LCD/ Touch,Vidro e touchscreen com LCD iPhone 14 Pro Max (SC) - Preto,Apple,Nacional,2800
27098,2024-02-06,Manutenção LCD/ Touch,Vidro e touchscreen com LCD iPhone 14 Pro (SC) - Preto,Apple,Nacional,2500
27104,2024-02-06,Manutenção LCD/ Touch,Vidro e touchscreen com LCD iPhone 14 Pro (SC) - Preto,Apple,Estrangeira - Importação direta,3100
27108,2024-02-08,Manutenção Câmera,Lente de Vidro da Câmera para iPhone 15,Apple,Nacional,600
27109,2024-02-08,Manutenção Câmera,Lente de Vidro da Câmera para iPhone 15 Pro - P,Apple,Nacional,600
27110,2024-02-08,Manutenção Câmera,Lente de Vidro da Câmera para iPhone 15 Pro - M,Apple,Nacional,600
27111,2024-02-08,Manutenção Câmera,Lente de Vidro da Câmera para iPhone 15 Pro - G,Apple,Nacional,600
27112,2024-02-08,Manutenção Câmera,Lente de Vidro da Câmera para iPhone 15 Pro Max - P,Apple,Nacional,600
27113,2024-02-08,Manutenção Câmera,Lente de Vidro da Câmera para iPhone 15 Pro Max - M,Apple,Nacional,600
27114,2024-02-08,Manutenção Câmera,Lente de Vidro da Câmera para iPhone 15 Pro Max - G,Apple,Nacional,600
27115,2024-02-09,Manutenção Flex do Sensor,Flex sensor / microfone da câmera do iPhone 15,Apple,Estrangeira - Importação direta,800
27116,2024-02-09,Manutenção Flex do Sensor,Flex sensor / microfone da câmera do iPhone 15 Pro Max,Apple,Estrangeira - Importação direta,1300
27125,2024-02-15,Manutenção Flex do Sensor,Flex sensor / microfone da câmera do iPhone 15 Pro,Apple,Estrangeira - Importação direta,1300
27130,2024-02-16,Manutenção Microfone,Flex microfone da câmera traseira - iPhone 14 Pro,Apple,Estrangeira - Importação direta,800
27131,2024-02-16,Manutenção Speaker,Speaker - iPhone 11,Apple,Estrangeira - Importação direta,300
27132,2024-02-16,Manutenção Vibra / Volume / Power,Motor do Vibra - iPhone 11,Apple,Estrangeira - Importação direta,400
27133,2024-02-16,Manutenção Vibra / Volume / Power,Motor do Vibra - iPhone 11 Pro,Apple,Estrangeira - Importação direta,400
27166,2024-02-29,Manutenção Carcaça/Vidro Traseiro,Carcaça completa para iPhone 15 com abertura para Sim Tray - Preto,Apple,Estrangeira - Importação direta,0
27167,2024-02-29,Manutenção Carcaça/Vidro Traseiro,Carcaça completa para iPhone 15 com abertura para Sim Tray - Azul,Apple,Estrangeira - Importação direta,1800
27168,2024-02-29,Manutenção Carcaça/Vidro Traseiro,Carcaça completa para iPhone 15 com abertura para Sim Tray - Verde,Apple,Estrangeira - Importação direta,0
27169,2024-02-29,Manutenção Carcaça/Vidro Traseiro,Carcaça completa para iPhone 15 com abertura para Sim Tray - Amarelo,Apple,Estrangeira - Importação direta,0
27170,2024-02-29,Manutenção Carcaça/Vidro Traseiro,Carcaça completa para iPhone 15 com abertura para Sim Tray - Rosa,Apple,Estrangeira - Importação direta,500
27171,2024-02-29,Manutenção Carcaça/Vidro Traseiro,Carcaça completa para iPhone 15 Plus com abertura para Sim Tray - Preto,Apple,Estrangeira - Importação direta,0
27172,2024-02-29,Manutenção Carcaça/Vidro Traseiro,Carcaça completa para iPhone 15 Plus com abertura para Sim Tray - Azul,Apple,Estrangeira - Importação direta,0
27173,2024-02-29,Manutenção Carcaça/Vidro Traseiro,Carcaça completa para iPhone 15 Plus com abertura para Sim Tray - Verde,Apple,Estrangeira - Importação direta,1200
27174,2024-02-29,Manutenção Carcaça/Vidro Traseiro,Carcaça completa para iPhone 15 Plus com abertura para Sim Tray - Amarelo,Apple,Estrangeira - Importação direta,0
27175,2024-02-29,Manutenção Carcaça/Vidro Traseiro,Carcaça completa para iPhone 15 Plus com abertura para Sim Tray - Rosa,Apple,Estrangeira - Importação direta,0
27176,2024-02-29,Manutenção Carcaça/Vidro Traseiro,Carcaça completa para iPhone 15 Pro com abertura para Sim Tray - Preto,Apple,Estrangeira - Importação direta,0
27177,2024-02-29,Manutenção Carcaça/Vidro Traseiro,Carcaça completa para iPhone 15 Pro com abertura para Sim Tray - Branco,Apple,Estrangeira - Importação direta,2000
27178,2024-02-29,Manutenção Carcaça/Vidro Traseiro,Carcaça completa para iPhone 15 Pro com abertura para Sim Tray - Azul,Apple,Estrangeira - Importação direta,0
27179,2024-02-29,Manutenção Carcaça/Vidro Traseiro,Carcaça completa para iPhone 15 Pro com abertura para Sim Tray - Natural,Apple,Estrangeira - Importação direta,0
27180,2024-02-29,Manutenção Carcaça/Vidro Traseiro,Carcaça completa para iPhone 15 Pro Max com abertura para Sim Tray - Preto,Apple,Estrangeira - Importação direta,0
27181,2024-02-29,Manutenção Carcaça/Vidro Traseiro,Carcaça completa para iPhone 15 Pro Max com abertura para Sim Tray - Branco,Apple,Estrangeira - Importação direta,0
27182,2024-02-29,Manutenção Carcaça/Vidro Traseiro,Carcaça completa para iPhone 15 Pro Max com abertura para Sim Tray - Azul,Apple,Estrangeira - Importação direta,0
27183,2024-02-29,Manutenção Carcaça/Vidro Traseiro,Carcaça completa para iPhone 15 Pro Max com abertura para Sim Tray - Natural,Apple,Estrangeira - Importação direta,0
27184,2024-03-04,Manutenção Flex do Sensor,Flex sensor / microfone da câmera do iPhone 15 Plus,Apple,Estrangeira - Importação direta,1000
27188,2024-03-07,Manutenção Alto Falante,Alto-falante auricular do iPhone 13 Pro,Apple,Estrangeira - Importação direta,500
27189,2024-03-07,Manutenção Alto Falante,Alto-falante auricular do iPhone 13 Pro Max,Apple,Estrangeira - Importação direta,400
27190,2024-03-07,Manutenção Conector,Conector de Carga iPhone SE 3 2022 - Branco,Apple,Estrangeira - Importação direta,500
27191,2024-03-07,Manutenção Conector,Conector de Carga iPhone SE 3 2022 - Preto,Apple,Estrangeira - Importação direta,500
27192,2024-03-07,Manutenção Câmera,Câmera traseira do iPhone SE 3°,Apple,Estrangeira - Importação direta,500
27193,2024-03-07,Manutenção Câmera,Câmera frontal do iPhone SE 3º,Apple,Estrangeira - Importação direta,400
27209,2024-03-27,Manutenção Câmera,Tag Flex da Câmera iPhone 12 Pro Max,Apple,Estrangeira - Importação direta,0
27210,2024-03-27,Manutenção Câmera,Tag Flex da Câmera iPhone 13 Pro / 13 Pro  Max,Apple,Estrangeira - Importação direta,0
27211,2024-03-27,Manutenção Câmera,Tag Flex da Câmera iPhone 14 Pro Max,Apple,Estrangeira - Importação direta,0
27212,2024-03-27,Manutenção Câmera,Flex câmera frontal - iPad Mini 3,Apple,Estrangeira - Importação direta,450
27219,2024-04-04,Manutenção Sim Tray,Simtray iPhone 14 Pro Max - Prata,Apple,Estrangeira - Importação direta,250
27225,2024-04-05,Manutenção Carcaça/Vidro Traseiro,Carcaça completa para iPhone 15 Pro com abertura para Sim Tray - Prata,Apple,Estrangeira - Importação direta,0
27226,2024-04-05,Manutenção Carcaça/Vidro Traseiro,Carcaça completa para iPhone 15 Pro Max com abertura para Sim Tray - Prata,Apple,Estrangeira - Importação direta,0
27227,2024-04-05,Manutenção Conector,Conector de Carga iPhone 13 Pro Max - Dourado,Apple,Estrangeira - Importação direta,500
27229,2024-04-10,Manutenção Bateria,Bateria de iPhone 14 Plus,Apple,Nacional,700
27230,2024-04-10,Manutenção Câmera,Flex flash do iPhone 14,Apple,Estrangeira - Importação direta,500
27231,2024-04-10,Manutenção Câmera,Flex flash do iPhone 14 Plus,Apple,Estrangeira - Importação direta,500
27232,2024-04-10,Manutenção Câmera,Flex flash do iPhone 15,Apple,Estrangeira - Importação direta,800
27233,2024-04-10,Manutenção Câmera,Flex flash do iPhone 15 Plus,Apple,Estrangeira - Importação direta,800
27234,2024-04-10,Manutenção Câmera,Flex flash do iPhone 15 Pro,Apple,Estrangeira - Importação direta,800
27235,2024-04-10,Manutenção Câmera,Flex flash do iPhone 15 Pro Max,Apple,Estrangeira - Importação direta,800
27237,2024-04-13,Manutenção,Reparo microfone de Lapela Wireless VX Case Lightning - Preto,Android,Estrangeira - Importação direta,80
27238,2024-04-16,Manutenção Câmera,Câmera frontal do iPhone 13 Pro Max,Apple,Estrangeira - Importação direta,700
27251,2024-05-02,Manutenção Carcaça/Vidro Traseiro,Aro Metálico para iPhone 15 Pro - Azul,Apple,Estrangeira - Importação direta,1200
27252,2024-05-02,Manutenção Carcaça/Vidro Traseiro,Aro Metálico para iPhone 15 Pro - Preto,Apple,Estrangeira - Importação direta,1200
27253,2024-05-02,Manutenção Carcaça/Vidro Traseiro,Aro Metálico para iPhone 15 Plus - Amarelo,Apple,Estrangeira - Importação direta,1200
27254,2024-05-02,Manutenção Carcaça/Vidro Traseiro,Aro Metálico para iPhone 15 Plus - Verde,Apple,Estrangeira - Importação direta,1200
27256,2024-05-02,Manutenção Conector,Conector de Carga iPhone 15 - Preto,Apple,Estrangeira - Importação direta,1000
27257,2024-05-02,Manutenção Conector,Conector de Carga iPhone 15 - Branco,Apple,Estrangeira - Importação direta,1000
27258,2024-05-02,Manutenção Conector,Conector de Carga iPhone 15 Pro - Branco,Apple,Estrangeira - Importação direta,1000
27259,2024-05-02,Manutenção Conector,Conector de Carga iPhone 15 Pro - Preto,Apple,Estrangeira - Importação direta,1000
27260,2024-05-02,Manutenção Conector,Conector de Carga iPhone 15 Pro Max - Preto,Apple,Estrangeira - Importação direta,1000
27261,2024-05-02,Manutenção Conector,Conector de Carga iPhone 15 Pro Max - Branco,Apple,Estrangeira - Importação direta,1000
27262,2024-05-02,Manutenção Conector,Conector de Carga iPhone 13 Mini - Branco,Apple,Estrangeira - Importação direta,500
27263,2024-05-02,Manutenção Conector,Conector de Carga iPhone 13 Mini - Preto,Apple,Estrangeira - Importação direta,500
27264,2024-05-03,Manutenção Carcaça/Vidro Traseiro,Tampa traseira de vidro para iPhone 13 Mini - Preta,Apple,Estrangeira - Importação direta,700
27265,2024-05-03,Manutenção Carcaça/Vidro Traseiro,Tampa traseira de vidro para iPhone 13 Mini - Azul,Apple,Estrangeira - Importação direta,700
27273,2024-05-13,Manutenção Carcaça/Vidro Traseiro,Aro Metálico para iPhone 15 - Verde,Apple,Estrangeira - Importação direta,1000
27274,2024-05-13,Manutenção Carcaça/Vidro Traseiro,Aro Metálico para iPhone 15 - Amarelo,Apple,Estrangeira - Importação direta,1000
27275,2024-05-13,Manutenção Carcaça/Vidro Traseiro,Aro Metálico para iPhone 15 - Rosa,Apple,Estrangeira - Importação direta,1000
27276,2024-05-13,Manutenção Carcaça/Vidro Traseiro,Aro Metálico para iPhone 15 - Preto,Apple,Estrangeira - Importação direta,1000
27277,2024-05-13,Manutenção Carcaça/Vidro Traseiro,Aro Metálico para iPhone 15 - Azul,Apple,Estrangeira - Importação direta,1000
27278,2024-05-13,Manutenção Carcaça/Vidro Traseiro,Aro Metálico para iPhone 15 Plus - Preto,Apple,Estrangeira - Importação direta,1200
27279,2024-05-13,Manutenção Carcaça/Vidro Traseiro,Aro Metálico para iPhone 15 Plus - Rosa,Apple,Estrangeira - Importação direta,1200
27280,2024-05-13,Manutenção Carcaça/Vidro Traseiro,Aro Metálico para iPhone 15 Plus - Azul,Apple,Estrangeira - Importação direta,1200
27281,2024-05-13,Manutenção Carcaça/Vidro Traseiro,Aro Metálico para iPhone 15 Pro - Natural,Apple,Estrangeira - Importação direta,1200
27282,2024-05-13,Manutenção Carcaça/Vidro Traseiro,Aro Metálico para iPhone 15 Pro - Prata,Apple,Estrangeira - Importação direta,1200
27283,2024-05-13,Manutenção Carcaça/Vidro Traseiro,Aro Metálico para iPhone 15 Pro Max- Preto,Apple,Estrangeira - Importação direta,1500
27284,2024-05-13,Manutenção Carcaça/Vidro Traseiro,Aro Metálico para iPhone 15 Pro Max- Prata,Apple,Estrangeira - Importação direta,1500
27285,2024-05-13,Manutenção Carcaça/Vidro Traseiro,Aro Metálico para iPhone 15 Pro Max- Natural,Apple,Estrangeira - Importação direta,1500
27286,2024-05-13,Manutenção Carcaça/Vidro Traseiro,Aro Metálico para iPhone 15 Pro Max- Azul,Apple,Nacional,1500
27287,2024-05-13,Manutenção Carcaça/Vidro Traseiro,Aro Metálico para iPhone 15 Pro Max- Azul,Apple,Estrangeira - Importação direta,1500
27449,2024-06-20,Manutenção Vibra / Volume / Power,Flex power do iPhone 14 Pro Max,Apple,Estrangeira - Importação direta,500
27481,2024-07-05,Manutenção,Reparo Mini Heart Light VX Case com Suporte - Preto,Android,Estrangeira - Importação direta,100
27482,2024-07-08,Manutenção Câmera,Câmera traseira do iPhone 15,Apple,Estrangeira - Importação direta,1200
27483,2024-07-08,Manutenção Câmera,Câmera traseira do iPhone 15 Pro,Apple,Estrangeira - Importação direta,1500
27491,2024-07-10,Manutenção Vibra / Volume / Power,Flex volume / power / vibra / indução - iPhone 11 Pro,Apple,Estrangeira - Importação direta,400
27495,2024-07-10,Manutenção Bateria,Bateria de iPhone 15,Apple,Nacional,650
27496,2024-07-10,Manutenção Bateria,Bateria de iPhone 15 Plus,Apple,Nacional,650
27497,2024-07-10,Manutenção Bateria,Bateria de iPhone 15 Pro,Apple,Nacional,650
27498,2024-07-10,Manutenção Bateria,Bateria de iPhone 15 Pro Max,Apple,Nacional,650
27509,2024-07-17,Manutenção Conector,Conector de Carga iPhone 12 Mini - Vermelho,Apple,Estrangeira - Importação direta,400
27510,2024-07-19,Manutenção Flex do Sensor,Flex Dot face ID - iPhone 13,Apple,Estrangeira - Importação direta,800
27511,2024-07-19,Manutenção Flex do Sensor,Flex Dot face ID - iPhone 13 Pro / 13 Pro Max,Apple,Estrangeira - Importação direta,1000
27532,2024-07-22,Manutenção Carcaça/Vidro Traseiro,Aro Metálico para iPhone 14 - Preto,Apple,Estrangeira - Importação direta,1000
27533,2024-07-22,Manutenção Carcaça/Vidro Traseiro,Aro Metálico para iPhone 14 - Vermelho,Apple,Estrangeira - Importação direta,1000
27534,2024-07-22,Manutenção Carcaça/Vidro Traseiro,Aro Metálico para iPhone 14 - Estelar,Apple,Estrangeira - Importação direta,1000
27535,2024-07-22,Manutenção Carcaça/Vidro Traseiro,Aro Metálico para iPhone 14 - Azul,Apple,Estrangeira - Importação direta,1000
27536,2024-07-22,Manutenção Carcaça/Vidro Traseiro,Aro Metálico para iPhone 14 - Roxo,Apple,Estrangeira - Importação direta,1000
27537,2024-07-22,Manutenção Carcaça/Vidro Traseiro,Aro Metálico para iPhone 14 Plus - Azul,Apple,Estrangeira - Importação direta,1000
27538,2024-07-22,Manutenção Carcaça/Vidro Traseiro,Aro Metálico para iPhone 14 Plus - Roxo,Apple,Estrangeira - Importação direta,1000
27539,2024-07-22,Manutenção Carcaça/Vidro Traseiro,Aro Metálico para iPhone 14 Plus - Preto,Apple,Estrangeira - Importação direta,1000
27540,2024-07-22,Manutenção Carcaça/Vidro Traseiro,Aro Metálico para iPhone 14 Plus - Vermelho,Apple,Estrangeira - Importação direta,1000
27541,2024-07-22,Manutenção Carcaça/Vidro Traseiro,Aro Metálico para iPhone 14 Plus - Estelar,Apple,Estrangeira - Importação direta,1000
27548,2024-07-23,Manutenção Flex do Fone,Flex P2 - iPad 8,Apple,Estrangeira - Importação direta,500
27549,2024-07-25,Manutenção,Reparo Base para Acessórios VX Case,Android,Estrangeira - Importação direta,0
27550,2024-07-25,Manutenção LCD/ Touch,Kit vidro/lcd Galaxy Watch Active2 LTE 40mm,Android,Nacional,300
27551,2024-07-29,Manutenção LCD/ Touch,Vidro e touchscreen 10th Generation 2022 A2696 10.9 - Preto,Android,Estrangeira - Importação direta,1500
27590,2024-08-12,Manutenção,Ponta para VX Pencil Smart Pen para iPad,Apple,Estrangeira - Importação direta,29
27608,2024-08-30,Manutenção,Reparo Adaptador Silver Boost - Cinza,Android,Estrangeira - Importação direta,80
27634,2024-09-12,Manutenção Vibra / Volume / Power,Flex volume / microphone - iPad Air 4 / 5  - WIFI version,Apple,Estrangeira - Importação direta,500
27635,2024-09-12,Manutenção Vibra / Volume / Power,Flex volume / microphone - iPad Mini 6 - WIFI version,Apple,Estrangeira - Importação direta,500
27636,2024-09-12,Manutenção Vibra / Volume / Power,Flex volume / microphone - iPad Mini 6 - SIM card version,Apple,Estrangeira - Importação direta,400
27643,2024-09-13,Manutenção,Placa Lógica Gimbal,Android,Estrangeira - Importação direta,200
27660,2024-09-17,Manutenção Câmera,Câmera traseira do iPhone 15 Pro Max,Apple,Estrangeira - Importação direta,1800
27661,2024-09-19,Manutenção Vibra / Volume / Power,Flex power  - iPad Pro 10.5,Apple,Estrangeira - Importação direta,800
27662,2024-09-19,Manutenção Vibra / Volume / Power,Flex power do iPhone 14 Pro,Apple,Nacional,500
27669,2024-09-25,Manutenção Bateria,Bateria de iPad Air 4,Apple,Nacional,800
27671,2024-09-26,Manutenção,Reparo Adaptador de Carga Powerful com 2 portas USB 3 Type-C 139W VX Case - Preto,Android,Estrangeira - Importação direta,150
27673,2024-09-26,Manutenção Câmera,Câmera frontal - iPad 9ª Geração,Apple,Estrangeira - Importação direta,800
27715,2024-10-25,Manutenção LCD/ Touch,Vidro e touchscreen com LCD iPhone 16 - Preto,Apple,Estrangeira - Importação direta,2500
27716,2024-10-25,Manutenção LCD/ Touch,Vidro e touchscreen com LCD iPhone 16 Plus - Preto,Apple,Estrangeira - Importação direta,2900
27717,2024-10-25,Manutenção LCD/ Touch,Vidro e touchscreen com LCD iPhone 16 Pro - Preto,Apple,Estrangeira - Importação direta,3000
27718,2024-10-25,Manutenção LCD/ Touch,Vidro e touchscreen com LCD iPhone 16 Pro Max - Preto,Apple,Nacional,3800
27746,2024-10-30,Manutenção LCD/ Touch,Vidro e touchscreen com LCD iPhone 15 Pro Max (SC) - Preto,Apple,Nacional,3200
27750,2024-11-04,Manutenção Carcaça/Vidro Traseiro,Aro Metálico para iPhone 16 - Preto,Apple,Estrangeira - Importação direta,1000
27751,2024-11-04,Manutenção Carcaça/Vidro Traseiro,Aro Metálico para iPhone 16 - Branco,Apple,Estrangeira - Importação direta,1000
27752,2024-11-04,Manutenção Carcaça/Vidro Traseiro,Aro Metálico para iPhone 16 - Rosa,Apple,Estrangeira - Importação direta,1000
27753,2024-11-04,Manutenção Carcaça/Vidro Traseiro,Aro Metálico para iPhone 16 - Verde-Acinzentado,Apple,Estrangeira - Importação direta,1000
27754,2024-11-04,Manutenção Carcaça/Vidro Traseiro,Aro Metálico para iPhone 16 - Ultramarino,Apple,Estrangeira - Importação direta,1000
27755,2024-11-04,Manutenção Carcaça/Vidro Traseiro,Aro Metálico para iPhone 16 Plus - Preto,Apple,Estrangeira - Importação direta,1000
27756,2024-11-04,Manutenção Carcaça/Vidro Traseiro,Aro Metálico para iPhone 16 Plus - Branco,Apple,Estrangeira - Importação direta,1000
27757,2024-11-04,Manutenção Carcaça/Vidro Traseiro,Aro Metálico para iPhone 16 Plus - Rosa,Apple,Estrangeira - Importação direta,1000
27758,2024-11-04,Manutenção Carcaça/Vidro Traseiro,Aro Metálico para iPhone 16 Plus - Verde-Acinzentado,Apple,Estrangeira - Importação direta,1000
27759,2024-11-04,Manutenção Carcaça/Vidro Traseiro,Aro Metálico para iPhone 16 Plus - Ultramarino,Apple,Estrangeira - Importação direta,1000
27760,2024-11-04,Manutenção Carcaça/Vidro Traseiro,Aro Metálico para iPhone 16 Pro - Titânio Preto,Apple,Estrangeira - Importação direta,1000
27761,2024-11-04,Manutenção Carcaça/Vidro Traseiro,Aro Metálico para iPhone 16 Pro - Titânio Branco,Apple,Estrangeira - Importação direta,1000
27762,2024-11-04,Manutenção Carcaça/Vidro Traseiro,Aro Metálico para iPhone 16 Pro - Titânio Natural,Apple,Estrangeira - Importação direta,1000
27763,2024-11-04,Manutenção Carcaça/Vidro Traseiro,Aro Metálico para iPhone 16 Pro - Titânio Deserto,Apple,Estrangeira - Importação direta,1000
27764,2024-11-04,Manutenção Carcaça/Vidro Traseiro,Aro Metálico para iPhone 16 Pro Max - Titânio Preto,Apple,Estrangeira - Importação direta,0
27765,2024-11-04,Manutenção Carcaça/Vidro Traseiro,Aro Metálico para iPhone 16 Pro Max - Titânio Branco,Apple,Estrangeira - Importação direta,0
27766,2024-11-04,Manutenção Carcaça/Vidro Traseiro,Aro Metálico para iPhone 16 Pro Max - Titânio Natural,Apple,Estrangeira - Importação direta,0
27767,2024-11-04,Manutenção Carcaça/Vidro Traseiro,Aro Metálico para iPhone 16 Pro Max - Titânio Deserto,Apple,Estrangeira - Importação direta,0
27768,2024-11-04,Manutenção Carcaça/Vidro Traseiro,Tampa traseira de vidro para iPhone 16  - Preto,Apple,Estrangeira - Importação direta,1300
27769,2024-11-04,Manutenção Carcaça/Vidro Traseiro,Tampa traseira de vidro para iPhone 16  - Branco,Apple,Estrangeira - Importação direta,1300
27770,2024-11-04,Manutenção Carcaça/Vidro Traseiro,Tampa traseira de vidro para iPhone 16 - Rosa,Apple,Estrangeira - Importação direta,1300
27771,2024-11-04,Manutenção Carcaça/Vidro Traseiro,Tampa traseira de vidro para iPhone 16 - Verde-Acinzentado,Apple,Estrangeira - Importação direta,1300
27772,2024-11-04,Manutenção Carcaça/Vidro Traseiro,Tampa traseira de vidro para iPhone 16 - Ultramarino,Apple,Estrangeira - Importação direta,1300
27773,2024-11-04,Manutenção Carcaça/Vidro Traseiro,Tampa traseira de vidro para iPhone 16 Plus - Preto,Apple,Estrangeira - Importação direta,1550
27774,2024-11-04,Manutenção Carcaça/Vidro Traseiro,Tampa traseira de vidro para iPhone 16 Plus - Branco,Apple,Estrangeira - Importação direta,1550
27775,2024-11-04,Manutenção Carcaça/Vidro Traseiro,Tampa traseira de vidro para iPhone 16 Plus - Rosa,Apple,Estrangeira - Importação direta,1550
27776,2024-11-04,Manutenção Carcaça/Vidro Traseiro,Tampa traseira de vidro para iPhone 16 Plus - Verde-Acinzentado,Apple,Estrangeira - Importação direta,1550
27777,2024-11-04,Manutenção Carcaça/Vidro Traseiro,Tampa traseira de vidro para iPhone 16 Plus - Ultramarino,Apple,Estrangeira - Importação direta,1550
27778,2024-11-04,Manutenção Carcaça/Vidro Traseiro,27777,Android,Estrangeira - Importação direta,0
27779,2024-11-04,Manutenção Carcaça/Vidro Traseiro,Tampa traseira de vidro para iPhone 16 Pro - Titânio Preto,Apple,Estrangeira - Importação direta,1300
27780,2024-11-04,Manutenção Carcaça/Vidro Traseiro,Tampa traseira de vidro para iPhone 16 Pro - Titânio Branco,Apple,Estrangeira - Importação direta,1300
27781,2024-11-04,Manutenção Carcaça/Vidro Traseiro,Tampa traseira de vidro para iPhone 16 Pro - Titânio Natural,Apple,Estrangeira - Importação direta,1300
27782,2024-11-04,Manutenção Carcaça/Vidro Traseiro,Tampa traseira de vidro para iPhone 16 Pro - Titânio Deserto,Apple,Estrangeira - Importação direta,1300
27783,2024-11-04,Manutenção Carcaça/Vidro Traseiro,Tampa traseira de vidro para iPhone 16 Pro Max - Titânio Preto,Apple,Estrangeira - Importação direta,1550
27784,2024-11-04,Manutenção Carcaça/Vidro Traseiro,Tampa traseira de vidro para iPhone 16 Pro Max - Titânio Branco,Apple,Estrangeira - Importação direta,1550
27785,2024-11-04,Manutenção Carcaça/Vidro Traseiro,Tampa traseira de vidro para iPhone 16 Pro Max - Titânio Natural,Apple,Estrangeira - Importação direta,1550
27786,2024-11-04,Manutenção Carcaça/Vidro Traseiro,Tampa traseira de vidro para iPhone 16 Pro Max - Titânio Deserto,Apple,Nacional,1800
27789,2024-11-06,Manutenção Conector,Conector de Carga iPhone 16 - Preto,Apple,Estrangeira - Importação direta,0
27790,2024-11-06,Manutenção Conector,Conector de Carga iPhone 16 - Branco,Apple,Estrangeira - Importação direta,0
27791,2024-11-06,Manutenção Conector,Conector de Carga iPhone 16 - Rosa,Apple,Estrangeira - Importação direta,0
27792,2024-11-06,Manutenção Conector,Conector de Carga iPhone 16 - Verde-Acinzentado,Apple,Estrangeira - Importação direta,0
27793,2024-11-06,Manutenção Conector,Conector de Carga iPhone 16 - Ultramarino,Apple,Estrangeira - Importação direta,0
27794,2024-11-06,Manutenção Conector,Conector de Carga iPhone 16 Plus - Preto,Apple,Estrangeira - Importação direta,1500
27795,2024-11-06,Manutenção Conector,Conector de Carga iPhone 16 Plus - Branco,Apple,Estrangeira - Importação direta,1500
27796,2024-11-06,Manutenção Conector,Conector de Carga iPhone 16 Plus - Rosa,Apple,Estrangeira - Importação direta,0
27797,2024-11-06,Manutenção Conector,Conector de Carga iPhone 16 Plus - Verde-Acinzentado,Apple,Estrangeira - Importação direta,0
27798,2024-11-06,Manutenção Conector,Conector de Carga iPhone 16 Plus - Ultramarino,Apple,Estrangeira - Importação direta,0
27799,2024-11-06,Manutenção Conector,Conector de Carga iPhone 16 Pro - Titânio Preto,Apple,Estrangeira - Importação direta,1600
27800,2024-11-06,Manutenção Conector,Conector de Carga iPhone 16 Pro - Titânio Branco,Apple,Estrangeira - Importação direta,1600
27801,2024-11-06,Manutenção Conector,Conector de Carga iPhone 16 Pro - Titânio Natural,Apple,Estrangeira - Importação direta,0
27802,2024-11-06,Manutenção Conector,Conector de Carga iPhone 16 Pro - Titânio Deserto,Apple,Estrangeira - Importação direta,0
27803,2024-11-06,Manutenção Conector,Conector de Carga iPhone 16 Pro Max - Titânio Preto,Apple,Estrangeira - Importação direta,1800
27804,2024-11-06,Manutenção Conector,Conector de Carga iPhone 16 Pro Max - Titânio Branco,Apple,Estrangeira - Importação direta,1800
27805,2024-11-06,Manutenção Conector,Conector de Carga iPhone 16 Pro Max - Titânio Natural,Apple,Estrangeira - Importação direta,0
27806,2024-11-06,Manutenção Conector,Conector de Carga iPhone 16 Pro Max - Titânio Deserto,Apple,Estrangeira - Importação direta,319
27807,2024-11-07,Manutenção Câmera,Câmera traseira do iPhone 16,Apple,Estrangeira - Importação direta,0
27808,2024-11-07,Manutenção Câmera,Câmera traseira do iPhone 16 Plus,Apple,Estrangeira - Importação direta,0
27809,2024-11-07,Manutenção Câmera,Câmera traseira do iPhone 16 Pro,Apple,Estrangeira - Importação direta,2300
27810,2024-11-07,Manutenção Câmera,Câmera traseira do iPhone 16 Pro Max,Apple,Estrangeira - Importação direta,2800
27811,2024-11-07,Manutenção Câmera,Câmera frontal do iPhone 16,Apple,Estrangeira - Importação direta,1800
27812,2024-11-07,Manutenção Câmera,Câmera frontal do iPhone 16 Plus,Apple,Estrangeira - Importação direta,2000
27813,2024-11-07,Manutenção Câmera,Câmera frontal do iPhone 16 Pro,Apple,Estrangeira - Importação direta,0
27814,2024-11-07,Manutenção Câmera,Câmera frontal do iPhone 16 Pro Max,Apple,Estrangeira - Importação direta,2200
27815,2024-11-07,Manutenção Câmera,Lente de Câmera iPhone 16 - P,Apple,Estrangeira - Importação direta,600
27816,2024-11-07,Manutenção Câmera,Lente de Câmera iPhone 16 - M,Apple,Estrangeira - Importação direta,0
27817,2024-11-07,Manutenção Flex do Sensor,Flex Face ID iPhone 16,Apple,Estrangeira - Importação direta,0
27818,2024-11-07,Manutenção Câmera,Lente de Câmera iPhone 16 Plus - P,Apple,Estrangeira - Importação direta,0
27819,2024-11-07,Manutenção Câmera,Lente de Câmera iPhone 16 Plus - M,Apple,Estrangeira - Importação direta,0
27820,2024-11-07,Manutenção Câmera,Flex do Flash iPhone 16 Plus,Apple,Estrangeira - Importação direta,0
27821,2024-11-07,Manutenção Câmera,Lente de Câmera iPhone 16 Pro - P,Apple,Estrangeira - Importação direta,0
27822,2024-11-07,Manutenção Câmera,Lente de Câmera iPhone 16 Pro - M,Apple,Estrangeira - Importação direta,0
27823,2024-11-07,Manutenção Câmera,Lente de Câmera iPhone 16 Pro - G,Apple,Estrangeira - Importação direta,600
27824,2024-11-07,Manutenção Câmera,Lente de Câmera iPhone 16 Pro Max - P,Apple,Estrangeira - Importação direta,600
27825,2024-11-07,Manutenção Câmera,Lente de Câmera iPhone 16 Pro Max - M,Apple,Estrangeira - Importação direta,600
27826,2024-11-07,Manutenção Câmera,Lente de Câmera iPhone 16 Pro Max - G,Apple,Estrangeira - Importação direta,600
27827,2024-11-07,Manutenção Flex do Sensor,Flex Face ID iPhone 16 Plus,Apple,Estrangeira - Importação direta,0
27828,2024-11-07,Manutenção Flex do Sensor,Flex Face ID iPhone 16 Pro,Apple,Estrangeira - Importação direta,0
27829,2024-11-07,Manutenção Flex do Sensor,Flex Face ID iPhone 16 Pro Max,Apple,Estrangeira - Importação direta,0
27830,2024-11-07,Manutenção Câmera,Flex do Flash iPhone 16,Apple,Estrangeira - Importação direta,0
27831,2024-11-07,Manutenção Câmera,Flex do Flash iPhone 16 Pro,Apple,Estrangeira - Importação direta,0
27832,2024-11-07,Manutenção Câmera,Flex do Flash iPhone 16 Pro Max,Apple,Estrangeira - Importação direta,0
27833,2024-11-07,Manutenção Vibra / Volume / Power,Flex Power iPhone 16,Apple,Estrangeira - Importação direta,0
27834,2024-11-07,Manutenção Vibra / Volume / Power,Flex Power iPhone 16 Plus,Apple,Estrangeira - Importação direta,0
27835,2024-11-07,Manutenção Vibra / Volume / Power,Flex Power iPhone 16 Pro,Apple,Estrangeira - Importação direta,0
27836,2024-11-07,Manutenção Vibra / Volume / Power,Flex Power iPhone 16 Pro Max,Apple,Estrangeira - Importação direta,0
27837,2024-11-07,Manutenção Vibra / Volume / Power,Flex Volume iPhone 16,Apple,Estrangeira - Importação direta,1800
27838,2024-11-07,Manutenção Vibra / Volume / Power,Flex Volume iPhone 16 Plus,Apple,Estrangeira - Importação direta,2000
27839,2024-11-07,Manutenção Vibra / Volume / Power,Flex Volume iPhone 16 Pro,Apple,Estrangeira - Importação direta,0
27840,2024-11-07,Manutenção Vibra / Volume / Power,Flex Volume iPhone 16 Pro Max,Apple,Estrangeira - Importação direta,2200
27906,2024-12-19,Manutenção,Reparo Volcano Sound System VX Case - Preta,Android,Estrangeira - Importação direta,200
27907,2024-12-19,Manutenção,Reparo Bateria Externa VX Case Mighty 20W PD 10.000mAh - Preta,Android,Estrangeira - Importação direta,100
27908,2024-12-23,Manutenção Vibra / Volume / Power,Flex volume / vibra do iPhone 15 Pro Max,Apple,Estrangeira - Importação direta,1500
27912,2025-01-02,Manutenção,Reparo Smart Holder Magnetic VX Case - Cinza,Android,Estrangeira - Importação direta,80
27937,2025-01-10,Manutenção LCD/ Touch,Vidro e touchscreen com LCD iPhone 15 (SC) - Preto,Apple,Nacional,2300
27938,2025-01-10,Manutenção LCD/ Touch,Vidro e touchscreen com LCD iPhone 15 Pro (SC) - Preto,Apple,Nacional,2500
27939,2025-01-10,Manutenção LCD/ Touch,Vidro e touchscreen com LCD iPhone 15 Plus (SC) - Preto,Apple,Estrangeira - Importação direta,2500
27950,2025-01-22,Manutenção Câmera,Lente de Câmera iPhone 16  - G,Apple,Estrangeira - Importação direta,600
27951,2025-01-22,Manutenção Câmera,Lente de Câmera iPhone 16 Plus - G,Apple,Estrangeira - Importação direta,0
27952,2025-01-22,Manutenção Wi-Fi,Flex  WI-FI - iPhone 16,Apple,Estrangeira - Importação direta,500
27953,2025-01-22,Manutenção Wi-Fi,Flex WI-FI - iPhone 16 Plus,Apple,Estrangeira - Importação direta,500
27954,2025-01-22,Manutenção Wi-Fi,Flex WI-FI - iPhone 16 Pro,Apple,Estrangeira - Importação direta,500
27955,2025-01-22,Manutenção Antena de Sinal,Flex Bluetooth - iPhone 14 Pro,Apple,Estrangeira - Importação direta,800
27956,2025-01-22,Manutenção Wi-Fi,Flex WI-FI - iPhone 16 Pro Max,Apple,Estrangeira - Importação direta,1000
27957,2025-01-22,Manutenção Vibra / Volume / Power,Flex de Indução / Flash iPhone 16,Apple,Estrangeira - Importação direta,0
27958,2025-01-22,Manutenção Vibra / Volume / Power,Flex de Indução / Flash iPhone 16 Plus,Apple,Estrangeira - Importação direta,0
27959,2025-01-22,Manutenção Vibra / Volume / Power,Flex de Indução / Flash iPhone 16 Pro,Apple,Estrangeira - Importação direta,500
27960,2025-01-22,Manutenção Vibra / Volume / Power,Flex de Indução / Flash iPhone 16 Pro Max,Apple,Estrangeira - Importação direta,0
27973,2025-02-11,Manutenção Bateria,Baterias do iphone SE 3,Apple,Nacional,650
27998,2025-02-28,Manutenção,Reparo Mag Easy Charger 360 3 em 1 VX Case - Cinza,Android,Estrangeira - Importação direta,100
28028,2025-03-17,Manutenção Bateria,Bateria iPad Pro 12.9 (2° Ger) - A1754 / A1670,Apple,Nacional,1400
28040,2025-03-21,Manutenção LCD/ Touch,LCD Para iPad 10.9 - (2022),Apple,Nacional,2500
28041,2025-03-24,Manutenção,Troca do Kit Almofada Fone Revolution,Android,Estrangeira - Importação direta,90
28042,2025-03-24,Manutenção,Reparo Headphone Bluetooth Revolution com ANC VX Case - Branco,Android,Estrangeira - Importação direta,100
28043,2025-03-25,Manutenção,Manutenção / Limpeza,Android,Estrangeira - Importação direta,300
28084,2025-04-08,Manutenção Wi-Fi,Antena Wi-Fi iPhone 13,Apple,Estrangeira - Importação direta,500
28092,2025-04-17,Manutenção Câmera,Câmera frontal do iPhone 16 Pro,Apple,Estrangeira - Importação direta,2200
28098,2025-04-23,Manutenção Vibra / Volume / Power,Flex de Face ID Integrado para iPhone série 13-14,Apple,Estrangeira - Importação direta,0
28101,2025-04-25,Manutenção LCD/ Touch,Vidro e touchscreen com LCD iPhone 16e - Preto,Apple,Estrangeira - Importação direta,3000
28108,2025-04-25,Manutenção Alto Falante,Alto-falante auricular do iPhone 15 Pro Max,Apple,Estrangeira - Importação direta,1000
28109,2025-04-25,Manutenção Câmera,Câmera frontal do iPhone 15 Pro Max,Apple,Estrangeira - Importação direta,1500
28118,2025-04-29,Manutenção,Reparo Bateria Externa Blue Storm VX Case 20.000mAh 65W - Azul,Android,Estrangeira - Importação direta,100
28189,2025-05-05,Manutenção,Reparo Bateria Externa VX Case Nano 5.000mAh - Preta,Android,Estrangeira - Importação direta,80
28191,2025-05-07,Manutenção,Reparo Smart Holder Supreme VX Case - Preto,Android,Estrangeira - Importação direta,100
28257,2025-05-14,Manutenção Antena de Sinal,Antena de Sinal NFC para iPhone 14 Pro Max,Apple,Nacional,700
28413,2025-06-12,Manutenção Flex do Home,Flex Home - iPad 8,Apple,Nacional,400
28414,2025-06-13,Manutenção Bateria,Bateria de iPad Air 5 A2588,Apple,Nacional,1200
28456,2025-07-04,Manutenção LCD/ Touch,Vidro e touchscreen com LCD iPhone 16 Pro (SC) - Preto,Apple,Nacional,3000
28457,2025-07-04,Manutenção LCD/ Touch,Vidro e touchscreen com LCD iPhone 16 (SC) - Preto,Apple,Nacional,2500
28458,2025-07-04,Manutenção Câmera,Lente de Vidro da Câmera para iPhone 15 Plus,Apple,Nacional,600
28478,2025-07-18,Manutenção Conector,Conector de Carga iPad 10º Geração - Preto,Apple,Nacional,1000
28479,2025-07-18,Manutenção Conector,Conector de Carga iPad 10º Geração - Branco,Apple,Estrangeira - Importação direta,1000
28507,2025-07-30,Manutenção,Reparo Bateria VX Case Mag Power - Rosé Gold,Android,Nacional,150
28570,2025-08-08,Manutenção Conector,Flex conector de carga do ipad 10° geração - A2696,Android,Nacional,600
28571,2025-08-09,Manutenção Conector,Conector de Carga iPhone SE 2020 - Preto,Apple,Estrangeira - Importação direta,300
28578,2025-08-13,Manutenção LCD/ Touch,Vidro e Touchscreen iPad A16 A3355 A3354 A3356 - Preto,Apple,Nacional,2500
28593,2025-08-28,Manutenção,Reparo microfone de Lapela Wireless VX Case - Preto,Android,Estrangeira - Importação direta,80
28595,2025-09-01,Manutenção,Reparo Caixa de som Wireless Boom - Preta,Android,Estrangeira - Importação direta,80
28597,2025-09-01,Manutenção Conector,Conector de Carga iPad 12.9 (2° Geração) A1670 /A1671/ A1821.,Apple,Nacional,600
28667,2025-09-08,Manutenção Carcaça/Vidro Traseiro,Carcaça completa para iPhone 16 Pro - Titânio Preto,Apple,Estrangeira - Importação direta,1800
28681,2025-09-19,Manutenção LCD/ Touch,Vidro e touchscreen com LCD iPad Pro 11 (4° Ger),Apple,Estrangeira - Importação direta,3000
28693,2025-10-09,Manutenção Câmera,Lente de Câmera iPhone 16e,Apple,Nacional,600
28694,2025-10-15,Manutenção Vibra / Volume / Power,Flex Power iPad 10 geração A2757,Apple,Estrangeira - Importação direta,800
28695,2025-10-15,Manutenção LCD/ Touch,Vidro e touchscreen com LCD iPhone 17 Pro Max - Preto,Apple,Nacional,4999
28696,2025-10-15,Manutenção LCD/ Touch,Vidro e touchscreen com LCD iPhone 17 Pro - Preto,Apple,Estrangeira - Importação direta,4499
28697,2025-10-15,Manutenção LCD/ Touch,Vidro e touchscreen com LCD iPhone 17 Air - Preto,Apple,Estrangeira - Importação direta,3999
28698,2025-10-15,Manutenção LCD/ Touch,Vidro e touchscreen com LCD iPhone 17 - Preto,Apple,Estrangeira - Importação direta,3499
28703,2025-10-22,Manutenção,Reparo Bateria Externa VX Case Nano 10.000mAh - Preta,Android,Estrangeira - Importação direta,80
28723,2025-11-05,Manutenção LCD/ Touch,Touchscreen LCD for Apple Watch Série 6 44mm  A2292,Apple,Estrangeira - Importação direta,0
28724,2025-11-05,Manutenção LCD/ Touch,Touchscreen LCD for Apple Watch Series 7 45mm A2474,Apple,Estrangeira - Importação direta,0
28728,2025-11-12,Manutenção Sim Tray,Simtray iPhone 13 - Branco,Apple,Estrangeira - Importação direta,200
28729,2025-11-12,Manutenção Sim Tray,kit blindagens e parafusos internos - iPhone 16 pro max,Apple,Estrangeira - Importação direta,180
28730,2025-11-12,Manutenção,kit blindagens e parafusos internos - iPhone 16 pro,Apple,Estrangeira - Importação direta,350
28731,2025-11-12,Manutenção,kit blindagens e parafusos internos - iPhone 16 plus,Apple,Estrangeira - Importação direta,350
28732,2025-11-12,Manutenção,kit blindagens e parafusos internos - iPhone 15 Pro Max,Apple,Estrangeira - Importação direta,350
28733,2025-11-12,Manutenção,kit blindagens e parafusos internos - iPhone 15 Pro,Apple,Estrangeira - Importação direta,300
28734,2025-11-12,Manutenção,kit blindagens e parafusos internos - iPhone 15 Plus,Apple,Estrangeira - Importação direta,300
28735,2025-11-12,Manutenção,kit blindagens e parafusos internos - iPhone 15,Apple,Estrangeira - Importação direta,300
28736,2025-11-12,Manutenção,kit blindagens e parafusos internos - iPhone 14 Pro Max,Apple,Estrangeira - Importação direta,300
28737,2025-11-12,Manutenção,kit blindagens e parafusos internos - iPhone 14 Pro,Apple,Estrangeira - Importação direta,250
28738,2025-11-12,Manutenção,kit blindagens e parafusos internos - iPhone 14,Apple,Estrangeira - Importação direta,200
28739,2025-11-12,Manutenção,kit blindagens e parafusos internos - iPhone 16,Apple,Estrangeira - Importação direta,350
28740,2025-11-13,Manutenção,kit blindagens e parafusos internos - iPhone 13,Apple,Estrangeira - Importação direta,200
28741,2025-11-13,Manutenção,kit blindagens e parafusos internos - iPhone 13 Pro,Apple,Estrangeira - Importação direta,150
28742,2025-11-13,Manutenção,kit blindagens e parafusos internos - iPhone 13 Pro Max,Apple,Estrangeira - Importação direta,150
28743,2025-11-13,Manutenção,kit blindagens e parafusos internos - iPhone 13 Mini,Apple,Estrangeira - Importação direta,150
28744,2025-11-13,Manutenção,kit blindagens e parafusos internos - iPhone 12 Pro Max,Apple,Estrangeira - Importação direta,150
28745,2025-11-13,Manutenção,kit blindagens e parafusos internos - iPhone 12 Pro,Apple,Estrangeira - Importação direta,100
28746,2025-11-13,Manutenção,kit blindagens e parafusos internos - iPhone 12,Apple,Estrangeira - Importação direta,100
28747,2025-11-13,Manutenção,kit blindagens e parafusos internos - iPhone 12 Mini,Apple,Estrangeira - Importação direta,100
28798,2025-12-09,Manutenção LCD/ Touch,Vidro e touchscreen com LCD iPhone 17 Pro Max - Preto,Apple,Nacional,4999
28817,2026-01-05,Manutenção Carcaça/Vidro Traseiro,Carcaça Metálica para iPhone 17 Pro Max- Prata,Apple,Estrangeira - Importação direta,0
28818,2026-01-05,Manutenção Carcaça/Vidro Traseiro,Carcaça Metálica para iPhone 17 Pro Max- Azul,Apple,Estrangeira - Importação direta,0
28819,2026-01-05,Manutenção Carcaça/Vidro Traseiro,Carcaça Metálica para iPhone 17 Pro Max - Laranja,Apple,Estrangeira - Importação direta,0
28820,2026-01-05,Manutenção Carcaça/Vidro Traseiro,Carcaça Metálica para iPhone 17 Pro - Laranja,Apple,Estrangeira - Importação direta,0
28821,2026-01-05,Manutenção Carcaça/Vidro Traseiro,Carcaça Metálica para iPhone 17 Pro - Azul,Apple,Estrangeira - Importação direta,0
28822,2026-01-05,Manutenção Carcaça/Vidro Traseiro,Carcaça Metálica para iPhone 17 Pro - Prata,Apple,Estrangeira - Importação direta,0
28823,2026-01-05,Manutenção Carcaça/Vidro Traseiro,Tampa traseira  para iPhone 17 Pro Max - Prata,Apple,Estrangeira - Importação direta,0
28824,2026-01-05,Manutenção Carcaça/Vidro Traseiro,Tampa traseira para iPhone 17 Pro Max - Azul,Apple,Estrangeira - Importação direta,0
28825,2026-01-05,Manutenção Carcaça/Vidro Traseiro,Tampa traseira para iPhone 17 Pro Max - Laranja,Apple,Estrangeira - Importação direta,0
28826,2026-01-05,Manutenção Carcaça/Vidro Traseiro,Tampa traseira para iPhone 17 Pro - Prata,Apple,Estrangeira - Importação direta,0
28827,2026-01-05,Manutenção Carcaça/Vidro Traseiro,Tampa traseira para iPhone 17 Pro - Azul,Apple,Estrangeira - Importação direta,0
28828,2026-01-05,Manutenção Carcaça/Vidro Traseiro,Tampa traseira para iPhone 17 Pro - Laranja,Apple,Estrangeira - Importação direta,0
28829,2026-01-05,Manutenção Sim Tray,Simtray iPhone 15 Pro Max - Preto,Apple,Estrangeira - Importação direta,250