SKU,QtdEstoque,DataSnapshot,Laboratorio
313,0,20/01/2026,BH Shopping
322,0,20/01/2026,BH Shopping
338,0,20/01/2026,BH Shopping
341,0,20/01/2026,BH Shopping
398,0,20/01/2026,BH Shopping
610,0,20/01/2026,BH Shopping
674,0,20/01/2026,BH Shopping
727,0,20/01/2026,BH Shopping
887,1,20/01/2026,BH Shopping
888,1,20/01/2026,BH Shopping
889,0,20/01/2026,BH Shopping
890,0,20/01/2026,BH Shopping
1049,0,20/01/2026,BH Shopping
1100,0,20/01/2026,BH Shopping
1109,2,20/01/2026,BH Shopping
1119,0,20/01/2026,BH Shopping
1276,0,20/01/2026,BH Shopping
1277,0,20/01/2026,BH Shopping
1362,0,20/01/2026,BH Shopping
1363,0,20/01/2026,BH Shopping
1367,0,20/01/2026,BH Shopping
1368,0,20/01/2026,BH Shopping
1405,0,20/01/2026,BH Shopping
1438,0,20/01/2026,BH Shopping
1499,0,20/01/2026,BH Shopping
1526,0,20/01/2026,BH Shopping
1712,0,20/01/2026,BH Shopping
1941,0,20/01/2026,BH Shopping
2197,0,20/01/2026,BH Shopping
2200,0,20/01/2026,BH Shopping
2202,0,20/01/2026,BH Shopping
2207,0,20/01/2026,BH Shopping
2208,0,20/01/2026,BH Shopping
2217,0,20/01/2026,BH Shopping
2398,0,20/01/2026,BH Shopping
2403,0,20/01/2026,BH Shopping
2617,0,20/01/2026,BH Shopping
2646,0,20/01/2026,BH Shopping
2693,0,20/01/2026,BH Shopping
2697,0,20/01/2026,BH Shopping
2721,0,20/01/2026,BH Shopping
2723,0,20/01/2026,BH Shopping
2725,1,20/01/2026,BH Shopping
2811,0,20/01/2026,BH Shopping
2842,0,20/01/2026,BH Shopping
2844,0,20/01/2026,BH Shopping
2845,0,20/01/2026,BH Shopping
2867,0,20/01/2026,BH Shopping
2881,0,20/01/2026,BH Shopping
2930,0,20/01/2026,BH Shopping
3056,0,20/01/2026,BH Shopping
3065,0,20/01/2026,BH Shopping
3099,0,20/01/2026,BH Shopping
3147,2,20/01/2026,BH Shopping
3190,0,20/01/2026,BH Shopping
3406,0,20/01/2026,BH Shopping
3462,0,20/01/2026,BH Shopping
3532,0,20/01/2026,BH Shopping
3533,2,20/01/2026,BH Shopping
3554,0,20/01/2026,BH Shopping
3555,0,20/01/2026,BH Shopping
3556,0,20/01/2026,BH Shopping
3573,0,20/01/2026,BH Shopping
3746,0,20/01/2026,BH Shopping
3747,3,20/01/2026,BH Shopping
3751,0,20/01/2026,BH Shopping
3800,3,20/01/2026,BH Shopping
3823,0,20/01/2026,BH Shopping
3825,0,20/01/2026,BH Shopping
3871,0,20/01/2026,BH Shopping
3882,0,20/01/2026,BH Shopping
3901,0,20/01/2026,BH Shopping
3904,0,20/01/2026,BH Shopping
3905,0,20/01/2026,BH Shopping
3906,0,20/01/2026,BH Shopping
3969,0,20/01/2026,BH Shopping
4028,0,20/01/2026,BH Shopping
4030,0,20/01/2026,BH Shopping
4031,0,20/01/2026,BH Shopping
4032,0,20/01/2026,BH Shopping
4033,0,20/01/2026,BH Shopping
4034,0,20/01/2026,BH Shopping
4035,0,20/01/2026,BH Shopping
4054,0,20/01/2026,BH Shopping
4111,0,20/01/2026,BH Shopping
4112,0,20/01/2026,BH Shopping
4113,0,20/01/2026,BH Shopping
4114,0,20/01/2026,BH Shopping
4140,0,20/01/2026,BH Shopping
4141,0,20/01/2026,BH Shopping
4147,0,20/01/2026,BH Shopping
4148,0,20/01/2026,BH Shopping
4149,0,20/01/2026,BH Shopping
4160,0,20/01/2026,BH Shopping
4310,0,20/01/2026,BH Shopping
4312,0,20/01/2026,BH Shopping
4325,0,20/01/2026,BH Shopping
4347,0,20/01/2026,BH Shopping
4348,3,20/01/2026,BH Shopping
4349,2,20/01/2026,BH Shopping
4350,0,20/01/2026,BH Shopping
4351,0,20/01/2026,BH Shopping
4352,5,20/01/2026,BH Shopping
4353,5,20/01/2026,BH Shopping
4354,0,20/01/2026,BH Shopping
4355,0,20/01/2026,BH Shopping
4356,0,20/01/2026,BH Shopping
4357,0,20/01/2026,BH Shopping
4358,0,20/01/2026,BH Shopping
4359,0,20/01/2026,BH Shopping
4362,3,20/01/2026,BH Shopping
4363,3,20/01/2026,BH Shopping
4364,0,20/01/2026,BH Shopping
4365,6,20/01/2026,BH Shopping
4366,2,20/01/2026,BH Shopping
4367,2,20/01/2026,BH Shopping
4368,1,20/01/2026,BH Shopping
4372,0,20/01/2026,BH Shopping
4380,1,20/01/2026,BH Shopping
4382,0,20/01/2026,BH Shopping
4395,0,20/01/2026,BH Shopping
4434,3,20/01/2026,BH Shopping
4456,2,20/01/2026,BH Shopping
4457,1,20/01/2026,BH Shopping
4459,0,20/01/2026,BH Shopping
4460,0,20/01/2026,BH Shopping
4497,1,20/01/2026,BH Shopping
4499,0,20/01/2026,BH Shopping
4550,0,20/01/2026,BH Shopping
4600,0,20/01/2026,BH Shopping
4658,2,20/01/2026,BH Shopping
4660,0,20/01/2026,BH Shopping
4687,0,20/01/2026,BH Shopping
4688,0,20/01/2026,BH Shopping
4700,0,20/01/2026,BH Shopping
4725,0,20/01/2026,BH Shopping
4726,0,20/01/2026,BH Shopping
4727,1,20/01/2026,BH Shopping
4728,3,20/01/2026,BH Shopping
4750,0,20/01/2026,BH Shopping
4882,0,20/01/2026,BH Shopping
4980,0,20/01/2026,BH Shopping
4981,2,20/01/2026,BH Shopping
5049,0,20/01/2026,BH Shopping
5702,0,20/01/2026,BH Shopping
5703,0,20/01/2026,BH Shopping
5704,1,20/01/2026,BH Shopping
5705,1,20/01/2026,BH Shopping
6332,0,20/01/2026,BH Shopping
8144,2,20/01/2026,BH Shopping
8145,0,20/01/2026,BH Shopping
8146,0,20/01/2026,BH Shopping
8152,0,20/01/2026,BH Shopping
8153,2,20/01/2026,BH Shopping
8154,2,20/01/2026,BH Shopping
8155,0,20/01/2026,BH Shopping
8156,0,20/01/2026,BH Shopping
8157,3,20/01/2026,BH Shopping
8158,3,20/01/2026,BH Shopping
8159,2,20/01/2026,BH Shopping
8520,0,20/01/2026,BH Shopping
8521,0,20/01/2026,BH Shopping
20715,3,20/01/2026,BH Shopping
20716,0,20/01/2026,BH Shopping
20717,0,20/01/2026,BH Shopping
20718,3,20/01/2026,BH Shopping
20719,1,20/01/2026,BH Shopping
20720,2,20/01/2026,BH Shopping
20721,2,20/01/2026,BH Shopping
20722,3,20/01/2026,BH Shopping
20723,2,20/01/2026,BH Shopping
20737,0,20/01/2026,BH Shopping
20755,0,20/01/2026,BH Shopping
20790,0,20/01/2026,BH Shopping
20791,0,20/01/2026,BH Shopping
20792,0,20/01/2026,BH Shopping
20793,0,20/01/2026,BH Shopping
20833,0,20/01/2026,BH Shopping
20834,0,20/01/2026,BH Shopping
20875,0,20/01/2026,BH Shopping
20877,0,20/01/2026,BH Shopping
20990,2,20/01/2026,BH Shopping
21069,1,20/01/2026,BH Shopping
21080,0,20/01/2026,BH Shopping
21113,0,20/01/2026,BH Shopping
21143,3,20/01/2026,BH Shopping
21144,0,20/01/2026,BH Shopping
21145,0,20/01/2026,BH Shopping
21146,1,20/01/2026,BH Shopping
21147,0,20/01/2026,BH Shopping
21148,0,20/01/2026,BH Shopping
21149,2,20/01/2026,BH Shopping
21190,0,20/01/2026,BH Shopping
21191,0,20/01/2026,BH Shopping
21227,0,20/01/2026,BH Shopping
21255,2,20/01/2026,BH Shopping
21267,2,20/01/2026,BH Shopping
21279,0,20/01/2026,BH Shopping
21286,5,20/01/2026,BH Shopping
21288,0,20/01/2026,BH Shopping
21289,0,20/01/2026,BH Shopping
21290,0,20/01/2026,BH Shopping
21291,0,20/01/2026,BH Shopping
21295,3,20/01/2026,BH Shopping
21296,4,20/01/2026,BH Shopping
21299,0,20/01/2026,BH Shopping
21300,2,20/01/2026,BH Shopping
21309,0,20/01/2026,BH Shopping
21311,0,20/01/2026,BH Shopping
21312,0,20/01/2026,BH Shopping
21313,0,20/01/2026,BH Shopping
21314,0,20/01/2026,BH Shopping
21315,3,20/01/2026,BH Shopping
21316,2,20/01/2026,BH Shopping
21317,0,20/01/2026,BH Shopping
21383,0,20/01/2026,BH Shopping
21414,0,20/01/2026,BH Shopping
21458,2,20/01/2026,BH Shopping
21462,2,20/01/2026,BH Shopping
21463,2,20/01/2026,BH Shopping
21464,2,20/01/2026,BH Shopping
21466,2,20/01/2026,BH Shopping
21467,2,20/01/2026,BH Shopping
21492,0,20/01/2026,BH Shopping
21510,1,20/01/2026,BH Shopping
21511,3,20/01/2026,BH Shopping
21512,3,20/01/2026,BH Shopping
21513,2,20/01/2026,BH Shopping
21514,1,20/01/2026,BH Shopping
21547,3,20/01/2026,BH Shopping
21557,2,20/01/2026,BH Shopping
21574,0,20/01/2026,BH Shopping
21575,0,20/01/2026,BH Shopping
21576,0,20/01/2026,BH Shopping
21581,0,20/01/2026,BH Shopping
21582,0,20/01/2026,BH Shopping
21583,0,20/01/2026,BH Shopping
21601,1,20/01/2026,BH Shopping
21613,0,20/01/2026,BH Shopping
21614,0,20/01/2026,BH Shopping
21682,2,20/01/2026,BH Shopping
21691,2,20/01/2026,BH Shopping
21694,0,20/01/2026,BH Shopping
21696,2,20/01/2026,BH Shopping
21697,0,20/01/2026,BH Shopping
21698,3,20/01/2026,BH Shopping
21703,0,20/01/2026,BH Shopping
21704,0,20/01/2026,BH Shopping
21710,0,20/01/2026,BH Shopping
21717,0,20/01/2026,BH Shopping
21718,0,20/01/2026,BH Shopping
21719,0,20/01/2026,BH Shopping
21875,2,20/01/2026,BH Shopping
21876,2,20/01/2026,BH Shopping
21905,3,20/01/2026,BH Shopping
21909,0,20/01/2026,BH Shopping
21910,2,20/01/2026,BH Shopping
21911,0,20/01/2026,BH Shopping
21912,0,20/01/2026,BH Shopping
21913,0,20/01/2026,BH Shopping
21914,3,20/01/2026,BH Shopping
21915,3,20/01/2026,BH Shopping
21917,0,20/01/2026,BH Shopping
21918,3,20/01/2026,BH Shopping
21919,1,20/01/2026,BH Shopping
21920,2,20/01/2026,BH Shopping
21921,3,20/01/2026,BH Shopping
21923,3,20/01/2026,BH Shopping
21924,0,20/01/2026,BH Shopping
21925,0,20/01/2026,BH Shopping
21926,0,20/01/2026,BH Shopping
21927,0,20/01/2026,BH Shopping
22000,0,20/01/2026,BH Shopping
22001,0,20/01/2026,BH Shopping
22002,0,20/01/2026,BH Shopping
22101,0,20/01/2026,BH Shopping
22102,0,20/01/2026,BH Shopping
22103,0,20/01/2026,BH Shopping
22114,0,20/01/2026,BH Shopping
22191,0,20/01/2026,BH Shopping
22278,0,20/01/2026,BH Shopping
22306,1,20/01/2026,BH Shopping
22307,0,20/01/2026,BH Shopping
22308,0,20/01/2026,BH Shopping
22403,0,20/01/2026,BH Shopping
22417,0,20/01/2026,BH Shopping
22476,0,20/01/2026,BH Shopping
22477,0,20/01/2026,BH Shopping
22482,0,20/01/2026,BH Shopping
22487,0,20/01/2026,BH Shopping
22492,0,20/01/2026,BH Shopping
22504,0,20/01/2026,BH Shopping
22515,2,20/01/2026,BH Shopping
22547,0,20/01/2026,BH Shopping
22578,0,20/01/2026,BH Shopping
22589,2,20/01/2026,BH Shopping
22590,0,20/01/2026,BH Shopping
22595,1,20/01/2026,BH Shopping
22597,2,20/01/2026,BH Shopping
22598,0,20/01/2026,BH Shopping
22642,0,20/01/2026,BH Shopping
22666,1,20/01/2026,BH Shopping
22667,0,20/01/2026,BH Shopping
22668,0,20/01/2026,BH Shopping
22756,3,20/01/2026,BH Shopping
22850,0,20/01/2026,BH Shopping
22854,0,20/01/2026,BH Shopping
22859,3,20/01/2026,BH Shopping
22870,1,20/01/2026,BH Shopping
22883,1,20/01/2026,BH Shopping
22922,1,20/01/2026,BH Shopping
22923,1,20/01/2026,BH Shopping
22980,0,20/01/2026,BH Shopping
22985,0,20/01/2026,BH Shopping
22987,2,20/01/2026,BH Shopping
22988,0,20/01/2026,BH Shopping
22990,0,20/01/2026,BH Shopping
23003,0,20/01/2026,BH Shopping
23004,0,20/01/2026,BH Shopping
23005,1,20/01/2026,BH Shopping
23006,0,20/01/2026,BH Shopping
23007,0,20/01/2026,BH Shopping
23008,0,20/01/2026,BH Shopping
23010,0,20/01/2026,BH Shopping
23011,3,20/01/2026,BH Shopping
23012,0,20/01/2026,BH Shopping
23013,0,20/01/2026,BH Shopping
23014,0,20/01/2026,BH Shopping
23015,0,20/01/2026,BH Shopping
23016,0,20/01/2026,BH Shopping
23017,0,20/01/2026,BH Shopping
23018,0,20/01/2026,BH Shopping
23019,2,20/01/2026,BH Shopping
23020,0,20/01/2026,BH Shopping
23023,0,20/01/2026,BH Shopping
23024,0,20/01/2026,BH Shopping
23061,0,20/01/2026,BH Shopping
23062,0,20/01/2026,BH Shopping
23063,0,20/01/2026,BH Shopping
23064,0,20/01/2026,BH Shopping
23065,0,20/01/2026,BH Shopping
23066,0,20/01/2026,BH Shopping
23067,0,20/01/2026,BH Shopping
23082,1,20/01/2026,BH Shopping
23083,0,20/01/2026,BH Shopping
23158,1,20/01/2026,BH Shopping
23186,0,20/01/2026,BH Shopping
23189,2,20/01/2026,BH Shopping
23217,2,20/01/2026,BH Shopping
23218,3,20/01/2026,BH Shopping
23224,0,20/01/2026,BH Shopping
23234,0,20/01/2026,BH Shopping
23264,0,20/01/2026,BH Shopping
23265,0,20/01/2026,BH Shopping
23266,3,20/01/2026,BH Shopping
23267,0,20/01/2026,BH Shopping
23268,3,20/01/2026,BH Shopping
23269,0,20/01/2026,BH Shopping
23270,0,20/01/2026,BH Shopping
23271,0,20/01/2026,BH Shopping
23273,0,20/01/2026,BH Shopping
23277,0,20/01/2026,BH Shopping
23284,3,20/01/2026,BH Shopping
23285,2,20/01/2026,BH Shopping
23286,4,20/01/2026,BH Shopping
23321,0,20/01/2026,BH Shopping
23323,0,20/01/2026,BH Shopping
23325,0,20/01/2026,BH Shopping
23341,0,20/01/2026,BH Shopping
23342,0,20/01/2026,BH Shopping
23364,0,20/01/2026,BH Shopping
23376,0,20/01/2026,BH Shopping
23397,0,20/01/2026,BH Shopping
23443,0,20/01/2026,BH Shopping
23461,0,20/01/2026,BH Shopping
23472,0,20/01/2026,BH Shopping
23473,0,20/01/2026,BH Shopping
23476,0,20/01/2026,BH Shopping
23590,3,20/01/2026,BH Shopping
23703,0,20/01/2026,BH Shopping
23714,1,20/01/2026,BH Shopping
23715,0,20/01/2026,BH Shopping
23716,2,20/01/2026,BH Shopping
23717,0,20/01/2026,BH Shopping
23718,0,20/01/2026,BH Shopping
23719,0,20/01/2026,BH Shopping
23720,0,20/01/2026,BH Shopping
23725,0,20/01/2026,BH Shopping
23726,0,20/01/2026,BH Shopping
23727,0,20/01/2026,BH Shopping
23728,0,20/01/2026,BH Shopping
23730,0,20/01/2026,BH Shopping
23731,0,20/01/2026,BH Shopping
23737,0,20/01/2026,BH Shopping
23738,0,20/01/2026,BH Shopping
23739,0,20/01/2026,BH Shopping
23740,0,20/01/2026,BH Shopping
23741,0,20/01/2026,BH Shopping
23742,0,20/01/2026,BH Shopping
23744,0,20/01/2026,BH Shopping
23745,0,20/01/2026,BH Shopping
23746,0,20/01/2026,BH Shopping
23747,0,20/01/2026,BH Shopping
23748,0,20/01/2026,BH Shopping
23755,0,20/01/2026,BH Shopping
23807,0,20/01/2026,BH Shopping
23810,0,20/01/2026,BH Shopping
23814,0,20/01/2026,BH Shopping
23817,0,20/01/2026,BH Shopping
23818,0,20/01/2026,BH Shopping
23819,0,20/01/2026,BH Shopping
23820,0,20/01/2026,BH Shopping
23821,0,20/01/2026,BH Shopping
23822,0,20/01/2026,BH Shopping
23827,0,20/01/2026,BH Shopping
23828,0,20/01/2026,BH Shopping
23829,0,20/01/2026,BH Shopping
23830,3,20/01/2026,BH Shopping
23887,0,20/01/2026,BH Shopping
23893,2,20/01/2026,BH Shopping
23894,1,20/01/2026,BH Shopping
23895,2,20/01/2026,BH Shopping
23896,2,20/01/2026,BH Shopping
23897,3,20/01/2026,BH Shopping
23898,0,20/01/2026,BH Shopping
23899,2,20/01/2026,BH Shopping
23900,1,20/01/2026,BH Shopping
23901,1,20/01/2026,BH Shopping
23902,3,20/01/2026,BH Shopping
23903,0,20/01/2026,BH Shopping
23904,2,20/01/2026,BH Shopping
23905,0,20/01/2026,BH Shopping
23906,3,20/01/2026,BH Shopping
23907,2,20/01/2026,BH Shopping
23908,0,20/01/2026,BH Shopping
23909,0,20/01/2026,BH Shopping
23910,2,20/01/2026,BH Shopping
23911,2,20/01/2026,BH Shopping
23912,1,20/01/2026,BH Shopping
23913,0,20/01/2026,BH Shopping
23914,0,20/01/2026,BH Shopping
23915,3,20/01/2026,BH Shopping
23916,0,20/01/2026,BH Shopping
23917,0,20/01/2026,BH Shopping
23918,3,20/01/2026,BH Shopping
23919,1,20/01/2026,BH Shopping
23920,0,20/01/2026,BH Shopping
23921,0,20/01/2026,BH Shopping
23922,1,20/01/2026,BH Shopping
23923,1,20/01/2026,BH Shopping
23924,0,20/01/2026,BH Shopping
23925,0,20/01/2026,BH Shopping
23926,0,20/01/2026,BH Shopping
23927,1,20/01/2026,BH Shopping
23928,2,20/01/2026,BH Shopping
23929,2,20/01/2026,BH Shopping
23930,0,20/01/2026,BH Shopping
23931,0,20/01/2026,BH Shopping
23932,3,20/01/2026,BH Shopping
23934,3,20/01/2026,BH Shopping
23935,0,20/01/2026,BH Shopping
23936,2,20/01/2026,BH Shopping
23937,0,20/01/2026,BH Shopping
23938,1,20/01/2026,BH Shopping
23939,2,20/01/2026,BH Shopping
23940,2,20/01/2026,BH Shopping
23941,0,20/01/2026,BH Shopping
23942,0,20/01/2026,BH Shopping
23943,3,20/01/2026,BH Shopping
23944,0,20/01/2026,BH Shopping
23945,3,20/01/2026,BH Shopping
23946,1,20/01/2026,BH Shopping
23947,0,20/01/2026,BH Shopping
23948,0,20/01/2026,BH Shopping
23949,3,20/01/2026,BH Shopping
23950,3,20/01/2026,BH Shopping
23951,2,20/01/2026,BH Shopping
23952,0,20/01/2026,BH Shopping
23953,0,20/01/2026,BH Shopping
23954,0,20/01/2026,BH Shopping
23955,0,20/01/2026,BH Shopping
23956,3,20/01/2026,BH Shopping
23958,1,20/01/2026,BH Shopping
23960,3,20/01/2026,BH Shopping
23961,0,20/01/2026,BH Shopping
23962,2,20/01/2026,BH Shopping
23963,1,20/01/2026,BH Shopping
23964,0,20/01/2026,BH Shopping
23965,5,20/01/2026,BH Shopping
23966,0,20/01/2026,BH Shopping
23967,0,20/01/2026,BH Shopping
23968,1,20/01/2026,BH Shopping
23969,0,20/01/2026,BH Shopping
23970,0,20/01/2026,BH Shopping
23971,2,20/01/2026,BH Shopping
23972,0,20/01/2026,BH Shopping
23973,9,20/01/2026,BH Shopping
23974,0,20/01/2026,BH Shopping
23975,3,20/01/2026,BH Shopping
23976,2,20/01/2026,BH Shopping
23977,0,20/01/2026,BH Shopping
23978,0,20/01/2026,BH Shopping
23979,0,20/01/2026,BH Shopping
23980,2,20/01/2026,BH Shopping
23981,3,20/01/2026,BH Shopping
23982,1,20/01/2026,BH Shopping
23983,3,20/01/2026,BH Shopping
23984,3,20/01/2026,BH Shopping
23985,1,20/01/2026,BH Shopping
23986,1,20/01/2026,BH Shopping
23987,0,20/01/2026,BH Shopping
23988,2,20/01/2026,BH Shopping
23989,0,20/01/2026,BH Shopping
23990,0,20/01/2026,BH Shopping
23991,0,20/01/2026,BH Shopping
23992,0,20/01/2026,BH Shopping
23993,2,20/01/2026,BH Shopping
23994,1,20/01/2026,BH Shopping
23995,3,20/01/2026,BH Shopping
23996,2,20/01/2026,BH Shopping
23997,0,20/01/2026,BH Shopping
23998,1,20/01/2026,BH Shopping
24000,3,20/01/2026,BH Shopping
24001,2,20/01/2026,BH Shopping
24002,1,20/01/2026,BH Shopping
24003,2,20/01/2026,BH Shopping
24004,1,20/01/2026,BH Shopping
24005,2,20/01/2026,BH Shopping
24006,0,20/01/2026,BH Shopping
24007,1,20/01/2026,BH Shopping
24008,0,20/01/2026,BH Shopping
24009,0,20/01/2026,BH Shopping
24010,0,20/01/2026,BH Shopping
24011,2,20/01/2026,BH Shopping
24012,0,20/01/2026,BH Shopping
24013,0,20/01/2026,BH Shopping
24014,1,20/01/2026,BH Shopping
24015,0,20/01/2026,BH Shopping
24016,1,20/01/2026,BH Shopping
24017,0,20/01/2026,BH Shopping
24018,1,20/01/2026,BH Shopping
24019,0,20/01/2026,BH Shopping
24021,0,20/01/2026,BH Shopping
24022,1,20/01/2026,BH Shopping
24023,1,20/01/2026,BH Shopping
24024,0,20/01/2026,BH Shopping
24025,1,20/01/2026,BH Shopping
24026,1,20/01/2026,BH Shopping
24027,2,20/01/2026,BH Shopping
24028,0,20/01/2026,BH Shopping
24029,3,20/01/2026,BH Shopping
24030,1,20/01/2026,BH Shopping
24031,2,20/01/2026,BH Shopping
24032,0,20/01/2026,BH Shopping
24033,3,20/01/2026,BH Shopping
24036,1,20/01/2026,BH Shopping
24037,0,20/01/2026,BH Shopping
24100,0,20/01/2026,BH Shopping
24101,2,20/01/2026,BH Shopping
24102,2,20/01/2026,BH Shopping
24103,2,20/01/2026,BH Shopping
24104,1,20/01/2026,BH Shopping
24105,3,20/01/2026,BH Shopping
24106,3,20/01/2026,BH Shopping
24107,2,20/01/2026,BH Shopping
24108,3,20/01/2026,BH Shopping
24109,4,20/01/2026,BH Shopping
24110,6,20/01/2026,BH Shopping
24111,2,20/01/2026,BH Shopping
24112,2,20/01/2026,BH Shopping
24113,2,20/01/2026,BH Shopping
24115,3,20/01/2026,BH Shopping
24116,2,20/01/2026,BH Shopping
24117,2,20/01/2026,BH Shopping
24118,3,20/01/2026,BH Shopping
24119,3,20/01/2026,BH Shopping
24120,1,20/01/2026,BH Shopping
24121,3,20/01/2026,BH Shopping
24122,3,20/01/2026,BH Shopping
24123,0,20/01/2026,BH Shopping
24124,0,20/01/2026,BH Shopping
24125,0,20/01/2026,BH Shopping
24126,2,20/01/2026,BH Shopping
24127,2,20/01/2026,BH Shopping
24128,0,20/01/2026,BH Shopping
24129,2,20/01/2026,BH Shopping
24130,0,20/01/2026,BH Shopping
24131,0,20/01/2026,BH Shopping
24134,0,20/01/2026,BH Shopping
24135,2,20/01/2026,BH Shopping
24136,3,20/01/2026,BH Shopping
24137,3,20/01/2026,BH Shopping
24140,2,20/01/2026,BH Shopping
24142,2,20/01/2026,BH Shopping
24149,0,20/01/2026,BH Shopping
24154,0,20/01/2026,BH Shopping
24158,2,20/01/2026,BH Shopping
24159,2,20/01/2026,BH Shopping
24160,3,20/01/2026,BH Shopping
24163,2,20/01/2026,BH Shopping
24164,0,20/01/2026,BH Shopping
24165,0,20/01/2026,BH Shopping
24166,0,20/01/2026,BH Shopping
24167,2,20/01/2026,BH Shopping
24168,2,20/01/2026,BH Shopping
24169,1,20/01/2026,BH Shopping
24170,1,20/01/2026,BH Shopping
24171,0,20/01/2026,BH Shopping
24172,1,20/01/2026,BH Shopping
24173,0,20/01/2026,BH Shopping
24174,0,20/01/2026,BH Shopping
24176,0,20/01/2026,BH Shopping
24177,0,20/01/2026,BH Shopping
24178,0,20/01/2026,BH Shopping
24179,0,20/01/2026,BH Shopping
24180,0,20/01/2026,BH Shopping
24188,0,20/01/2026,BH Shopping
24200,0,20/01/2026,BH Shopping
24204,3,20/01/2026,BH Shopping
24219,0,20/01/2026,BH Shopping
24220,0,20/01/2026,BH Shopping
24221,1,20/01/2026,BH Shopping
24234,0,20/01/2026,BH Shopping
24238,0,20/01/2026,BH Shopping
24324,3,20/01/2026,BH Shopping
24325,2,20/01/2026,BH Shopping
24326,2,20/01/2026,BH Shopping
24327,1,20/01/2026,BH Shopping
24328,2,20/01/2026,BH Shopping
24329,3,20/01/2026,BH Shopping
24330,2,20/01/2026,BH Shopping
24344,2,20/01/2026,BH Shopping
24387,3,20/01/2026,BH Shopping
24401,2,20/01/2026,BH Shopping
24412,0,20/01/2026,BH Shopping
24413,2,20/01/2026,BH Shopping
24415,3,20/01/2026,BH Shopping
24416,2,20/01/2026,BH Shopping
24417,4,20/01/2026,BH Shopping
24418,0,20/01/2026,BH Shopping
24419,3,20/01/2026,BH Shopping
24421,0,20/01/2026,BH Shopping
24422,3,20/01/2026,BH Shopping
24423,3,20/01/2026,BH Shopping
24424,2,20/01/2026,BH Shopping
24426,3,20/01/2026,BH Shopping
24427,3,20/01/2026,BH Shopping
24428,0,20/01/2026,BH Shopping
24429,0,20/01/2026,BH Shopping
24430,0,20/01/2026,BH Shopping
24431,0,20/01/2026,BH Shopping
24432,0,20/01/2026,BH Shopping
24433,3,20/01/2026,BH Shopping
24435,2,20/01/2026,BH Shopping
24436,2,20/01/2026,BH Shopping
24438,2,20/01/2026,BH Shopping
24439,2,20/01/2026,BH Shopping
24442,3,20/01/2026,BH Shopping
24443,0,20/01/2026,BH Shopping
24445,3,20/01/2026,BH Shopping
24446,3,20/01/2026,BH Shopping
24447,1,20/01/2026,BH Shopping
24448,0,20/01/2026,BH Shopping
24449,0,20/01/2026,BH Shopping
24450,0,20/01/2026,BH Shopping
24452,2,20/01/2026,BH Shopping
24454,3,20/01/2026,BH Shopping
24455,3,20/01/2026,BH Shopping
24469,2,20/01/2026,BH Shopping
24470,0,20/01/2026,BH Shopping
24533,0,20/01/2026,BH Shopping
24534,2,20/01/2026,BH Shopping
24579,5,20/01/2026,BH Shopping
24580,0,20/01/2026,BH Shopping
24581,0,20/01/2026,BH Shopping
24582,0,20/01/2026,BH Shopping
24583,0,20/01/2026,BH Shopping
24584,1,20/01/2026,BH Shopping
24585,0,20/01/2026,BH Shopping
24586,3,20/01/2026,BH Shopping
24587,3,20/01/2026,BH Shopping
24588,0,20/01/2026,BH Shopping
24589,3,20/01/2026,BH Shopping
24590,3,20/01/2026,BH Shopping
24591,3,20/01/2026,BH Shopping
24592,0,20/01/2026,BH Shopping
24593,0,20/01/2026,BH Shopping
24594,2,20/01/2026,BH Shopping
24595,2,20/01/2026,BH Shopping
24596,0,20/01/2026,BH Shopping
24597,0,20/01/2026,BH Shopping
24598,0,20/01/2026,BH Shopping
24599,0,20/01/2026,BH Shopping
24600,2,20/01/2026,BH Shopping
24601,0,20/01/2026,BH Shopping
24602,0,20/01/2026,BH Shopping
24603,0,20/01/2026,BH Shopping
24604,1,20/01/2026,BH Shopping
24605,2,20/01/2026,BH Shopping
24606,2,20/01/2026,BH Shopping
24607,1,20/01/2026,BH Shopping
24608,1,20/01/2026,BH Shopping
24609,0,20/01/2026,BH Shopping
24610,0,20/01/2026,BH Shopping
24611,0,20/01/2026,BH Shopping
24612,0,20/01/2026,BH Shopping
24613,0,20/01/2026,BH Shopping
24614,0,20/01/2026,BH Shopping
24615,1,20/01/2026,BH Shopping
24616,1,20/01/2026,BH Shopping
24617,0,20/01/2026,BH Shopping
24618,1,20/01/2026,BH Shopping
24619,1,20/01/2026,BH Shopping
24620,2,20/01/2026,BH Shopping
24621,0,20/01/2026,BH Shopping
24622,0,20/01/2026,BH Shopping
24623,0,20/01/2026,BH Shopping
24624,0,20/01/2026,BH Shopping
24625,1,20/01/2026,BH Shopping
24626,0,20/01/2026,BH Shopping
24627,0,20/01/2026,BH Shopping
24628,1,20/01/2026,BH Shopping
24629,0,20/01/2026,BH Shopping
24630,2,20/01/2026,BH Shopping
24631,0,20/01/2026,BH Shopping
24632,0,20/01/2026,BH Shopping
24633,0,20/01/2026,BH Shopping
24634,0,20/01/2026,BH Shopping
24635,0,20/01/2026,BH Shopping
24653,0,20/01/2026,BH Shopping
24682,0,20/01/2026,BH Shopping
24690,2,20/01/2026,BH Shopping
24693,4,20/01/2026,BH Shopping
24714,2,20/01/2026,BH Shopping
24722,2,20/01/2026,BH Shopping
24739,0,20/01/2026,BH Shopping
24757,0,20/01/2026,BH Shopping
24765,2,20/01/2026,BH Shopping
24766,0,20/01/2026,BH Shopping
24767,0,20/01/2026,BH Shopping
24768,1,20/01/2026,BH Shopping
24786,0,20/01/2026,BH Shopping
24806,0,20/01/2026,BH Shopping
24808,1,20/01/2026,BH Shopping
24809,2,20/01/2026,BH Shopping
24811,2,20/01/2026,BH Shopping
24812,5,20/01/2026,BH Shopping
24814,4,20/01/2026,BH Shopping
24874,0,20/01/2026,BH Shopping
24875,0,20/01/2026,BH Shopping
24876,0,20/01/2026,BH Shopping
24877,0,20/01/2026,BH Shopping
24878,0,20/01/2026,BH Shopping
24879,0,20/01/2026,BH Shopping
24880,0,20/01/2026,BH Shopping
24881,0,20/01/2026,BH Shopping
24882,0,20/01/2026,BH Shopping
24883,1,20/01/2026,BH Shopping
24884,1,20/01/2026,BH Shopping
24885,0,20/01/2026,BH Shopping
24886,0,20/01/2026,BH Shopping
24887,0,20/01/2026,BH Shopping
24888,0,20/01/2026,BH Shopping
24889,0,20/01/2026,BH Shopping
24891,1,20/01/2026,BH Shopping
24892,5,20/01/2026,BH Shopping
24894,4,20/01/2026,BH Shopping
24899,1,20/01/2026,BH Shopping
24900,1,20/01/2026,BH Shopping
24901,1,20/01/2026,BH Shopping
24923,0,20/01/2026,BH Shopping
24924,0,20/01/2026,BH Shopping
24925,0,20/01/2026,BH Shopping
24927,0,20/01/2026,BH Shopping
24928,1,20/01/2026,BH Shopping
24929,0,20/01/2026,BH Shopping
24930,0,20/01/2026,BH Shopping
24932,0,20/01/2026,BH Shopping
24933,0,20/01/2026,BH Shopping
24934,0,20/01/2026,BH Shopping
24935,0,20/01/2026,BH Shopping
24947,0,20/01/2026,BH Shopping
24948,0,20/01/2026,BH Shopping
24949,0,20/01/2026,BH Shopping
24950,0,20/01/2026,BH Shopping
24951,0,20/01/2026,BH Shopping
24952,0,20/01/2026,BH Shopping
24953,0,20/01/2026,BH Shopping
24954,0,20/01/2026,BH Shopping
24955,0,20/01/2026,BH Shopping
24956,0,20/01/2026,BH Shopping
24957,0,20/01/2026,BH Shopping
24958,0,20/01/2026,BH Shopping
24959,0,20/01/2026,BH Shopping
24960,0,20/01/2026,BH Shopping
24961,0,20/01/2026,BH Shopping
24962,0,20/01/2026,BH Shopping
24964,0,20/01/2026,BH Shopping
24965,0,20/01/2026,BH Shopping
24966,0,20/01/2026,BH Shopping
24967,0,20/01/2026,BH Shopping
24968,0,20/01/2026,BH Shopping
24969,0,20/01/2026,BH Shopping
24970,0,20/01/2026,BH Shopping
24971,0,20/01/2026,BH Shopping
24972,0,20/01/2026,BH Shopping
24973,0,20/01/2026,BH Shopping
24974,0,20/01/2026,BH Shopping
24975,0,20/01/2026,BH Shopping
24976,0,20/01/2026,BH Shopping
24977,0,20/01/2026,BH Shopping
24978,0,20/01/2026,BH Shopping
24979,0,20/01/2026,BH Shopping
24980,0,20/01/2026,BH Shopping
24981,0,20/01/2026,BH Shopping
24982,0,20/01/2026,BH Shopping
24983,0,20/01/2026,BH Shopping
24984,0,20/01/2026,BH Shopping
24985,0,20/01/2026,BH Shopping
24987,0,20/01/2026,BH Shopping
25007,0,20/01/2026,BH Shopping
25008,0,20/01/2026,BH Shopping
25011,0,20/01/2026,BH Shopping
25012,0,20/01/2026,BH Shopping
25013,0,20/01/2026,BH Shopping
25015,0,20/01/2026,BH Shopping
25018,0,20/01/2026,BH Shopping
25104,1,20/01/2026,BH Shopping
25160,2,20/01/2026,BH Shopping
25176,8,20/01/2026,BH Shopping
25178,2,20/01/2026,BH Shopping
25227,0,20/01/2026,BH Shopping
25228,3,20/01/2026,BH Shopping
25229,1,20/01/2026,BH Shopping
25232,2,20/01/2026,BH Shopping
25238,3,20/01/2026,BH Shopping
25247,0,20/01/2026,BH Shopping
25248,2,20/01/2026,BH Shopping
25259,0,20/01/2026,BH Shopping
25260,0,20/01/2026,BH Shopping
25261,0,20/01/2026,BH Shopping
25262,0,20/01/2026,BH Shopping
25263,0,20/01/2026,BH Shopping
25264,0,20/01/2026,BH Shopping
25265,3,20/01/2026,BH Shopping
25266,2,20/01/2026,BH Shopping
25267,2,20/01/2026,BH Shopping
25273,0,20/01/2026,BH Shopping
25288,0,20/01/2026,BH Shopping
25289,0,20/01/2026,BH Shopping
25330,0,20/01/2026,BH Shopping
25331,0,20/01/2026,BH Shopping
25368,4,20/01/2026,BH Shopping
25370,0,20/01/2026,BH Shopping
25371,2,20/01/2026,BH Shopping
25373,3,20/01/2026,BH Shopping
25378,1,20/01/2026,BH Shopping
25414,1,20/01/2026,BH Shopping
25415,2,20/01/2026,BH Shopping
25416,0,20/01/2026,BH Shopping
25418,0,20/01/2026,BH Shopping
25419,0,20/01/2026,BH Shopping
25420,0,20/01/2026,BH Shopping
25423,0,20/01/2026,BH Shopping
25424,1,20/01/2026,BH Shopping
25425,0,20/01/2026,BH Shopping
25426,0,20/01/2026,BH Shopping
25427,0,20/01/2026,BH Shopping
25428,1,20/01/2026,BH Shopping
25429,0,20/01/2026,BH Shopping
25430,0,20/01/2026,BH Shopping
25431,0,20/01/2026,BH Shopping
25432,3,20/01/2026,BH Shopping
25433,0,20/01/2026,BH Shopping
25434,1,20/01/2026,BH Shopping
25435,3,20/01/2026,BH Shopping
25437,0,20/01/2026,BH Shopping
25438,0,20/01/2026,BH Shopping
25440,1,20/01/2026,BH Shopping
25441,2,20/01/2026,BH Shopping
25442,2,20/01/2026,BH Shopping
25443,0,20/01/2026,BH Shopping
25444,0,20/01/2026,BH Shopping
25445,0,20/01/2026,BH Shopping
25447,0,20/01/2026,BH Shopping
25448,0,20/01/2026,BH Shopping
25449,1,20/01/2026,BH Shopping
25450,0,20/01/2026,BH Shopping
25451,0,20/01/2026,BH Shopping
25487,2,20/01/2026,BH Shopping
25488,2,20/01/2026,BH Shopping
25489,3,20/01/2026,BH Shopping
25490,0,20/01/2026,BH Shopping
25491,2,20/01/2026,BH Shopping
25492,2,20/01/2026,BH Shopping
25493,1,20/01/2026,BH Shopping
25494,0,20/01/2026,BH Shopping
25495,2,20/01/2026,BH Shopping
25499,0,20/01/2026,BH Shopping
25633,1,20/01/2026,BH Shopping
25634,1,20/01/2026,BH Shopping
25671,1,20/01/2026,BH Shopping
25718,0,20/01/2026,BH Shopping
25719,2,20/01/2026,BH Shopping
25720,4,20/01/2026,BH Shopping
25721,4,20/01/2026,BH Shopping
25722,2,20/01/2026,BH Shopping
25723,3,20/01/2026,BH Shopping
25724,0,20/01/2026,BH Shopping
25725,0,20/01/2026,BH Shopping
25726,1,20/01/2026,BH Shopping
25727,0,20/01/2026,BH Shopping
25728,0,20/01/2026,BH Shopping
25729,1,20/01/2026,BH Shopping
25730,0,20/01/2026,BH Shopping
25731,0,20/01/2026,BH Shopping
25732,1,20/01/2026,BH Shopping
25733,0,20/01/2026,BH Shopping
25734,1,20/01/2026,BH Shopping
25735,0,20/01/2026,BH Shopping
25736,2,20/01/2026,BH Shopping
25737,1,20/01/2026,BH Shopping
25738,0,20/01/2026,BH Shopping
25739,1,20/01/2026,BH Shopping
25740,1,20/01/2026,BH Shopping
25741,1,20/01/2026,BH Shopping
25742,1,20/01/2026,BH Shopping
25743,2,20/01/2026,BH Shopping
25744,2,20/01/2026,BH Shopping
25745,2,20/01/2026,BH Shopping
25746,1,20/01/2026,BH Shopping
25747,1,20/01/2026,BH Shopping
25748,1,20/01/2026,BH Shopping
25749,1,20/01/2026,BH Shopping
25750,2,20/01/2026,BH Shopping
25751,0,20/01/2026,BH Shopping
25752,1,20/01/2026,BH Shopping
25753,0,20/01/2026,BH Shopping
25755,1,20/01/2026,BH Shopping
25756,0,20/01/2026,BH Shopping
25757,1,20/01/2026,BH Shopping
25788,0,20/01/2026,BH Shopping
25796,0,20/01/2026,BH Shopping
25797,0,20/01/2026,BH Shopping
25800,0,20/01/2026,BH Shopping
25808,0,20/01/2026,BH Shopping
25810,0,20/01/2026,BH Shopping
25811,0,20/01/2026,BH Shopping
25812,0,20/01/2026,BH Shopping
25813,0,20/01/2026,BH Shopping
25814,0,20/01/2026,BH Shopping
25815,0,20/01/2026,BH Shopping
25816,0,20/01/2026,BH Shopping
25817,0,20/01/2026,BH Shopping
25818,0,20/01/2026,BH Shopping
25819,0,20/01/2026,BH Shopping
25831,0,20/01/2026,BH Shopping
25838,0,20/01/2026,BH Shopping
25840,0,20/01/2026,BH Shopping
25842,0,20/01/2026,BH Shopping
25846,0,20/01/2026,BH Shopping
25849,0,20/01/2026,BH Shopping
25854,0,20/01/2026,BH Shopping
25855,0,20/01/2026,BH Shopping
25856,0,20/01/2026,BH Shopping
25857,0,20/01/2026,BH Shopping
25858,0,20/01/2026,BH Shopping
25859,0,20/01/2026,BH Shopping
25860,0,20/01/2026,BH Shopping
25862,0,20/01/2026,BH Shopping
25868,0,20/01/2026,BH Shopping
25869,0,20/01/2026,BH Shopping
25880,0,20/01/2026,BH Shopping
25881,0,20/01/2026,BH Shopping
25883,0,20/01/2026,BH Shopping
26056,0,20/01/2026,BH Shopping
26057,0,20/01/2026,BH Shopping
26067,0,20/01/2026,BH Shopping
26092,1,20/01/2026,BH Shopping
26093,1,20/01/2026,BH Shopping
26094,2,20/01/2026,BH Shopping
26101,0,20/01/2026,BH Shopping
26131,0,20/01/2026,BH Shopping
26132,3,20/01/2026,BH Shopping
26139,1,20/01/2026,BH Shopping
26140,1,20/01/2026,BH Shopping
26177,3,20/01/2026,BH Shopping
26178,3,20/01/2026,BH Shopping
26179,2,20/01/2026,BH Shopping
26180,0,20/01/2026,BH Shopping
26181,1,20/01/2026,BH Shopping
26182,4,20/01/2026,BH Shopping
26183,1,20/01/2026,BH Shopping
26184,3,20/01/2026,BH Shopping
26185,0,20/01/2026,BH Shopping
26190,3,20/01/2026,BH Shopping
26202,0,20/01/2026,BH Shopping
26203,2,20/01/2026,BH Shopping
26204,1,20/01/2026,BH Shopping
26205,0,20/01/2026,BH Shopping
26206,2,20/01/2026,BH Shopping
26207,0,20/01/2026,BH Shopping
26208,1,20/01/2026,BH Shopping
26209,1,20/01/2026,BH Shopping
26210,1,20/01/2026,BH Shopping
26211,2,20/01/2026,BH Shopping
26212,2,20/01/2026,BH Shopping
26213,3,20/01/2026,BH Shopping
26214,3,20/01/2026,BH Shopping
26215,5,20/01/2026,BH Shopping
26216,2,20/01/2026,BH Shopping
26217,2,20/01/2026,BH Shopping
26218,4,20/01/2026,BH Shopping
26219,1,20/01/2026,BH Shopping
26220,1,20/01/2026,BH Shopping
26221,0,20/01/2026,BH Shopping
26243,0,20/01/2026,BH Shopping
26244,0,20/01/2026,BH Shopping
26245,1,20/01/2026,BH Shopping
26258,1,20/01/2026,BH Shopping
26260,0,20/01/2026,BH Shopping
26268,5,20/01/2026,BH Shopping
26269,2,20/01/2026,BH Shopping
26270,1,20/01/2026,BH Shopping
26275,1,20/01/2026,BH Shopping
26278,1,20/01/2026,BH Shopping
26294,2,20/01/2026,BH Shopping
26322,0,20/01/2026,BH Shopping
26326,0,20/01/2026,BH Shopping
26365,0,20/01/2026,BH Shopping
26366,2,20/01/2026,BH Shopping
26367,2,20/01/2026,BH Shopping
26368,1,20/01/2026,BH Shopping
26369,0,20/01/2026,BH Shopping
26370,2,20/01/2026,BH Shopping
26371,0,20/01/2026,BH Shopping
26372,0,20/01/2026,BH Shopping
26373,0,20/01/2026,BH Shopping
26374,2,20/01/2026,BH Shopping
26375,4,20/01/2026,BH Shopping
26376,1,20/01/2026,BH Shopping
26377,2,20/01/2026,BH Shopping
26378,1,20/01/2026,BH Shopping
26379,0,20/01/2026,BH Shopping
26380,1,20/01/2026,BH Shopping
26381,4,20/01/2026,BH Shopping
26382,0,20/01/2026,BH Shopping
26383,0,20/01/2026,BH Shopping
26384,0,20/01/2026,BH Shopping
26385,0,20/01/2026,BH Shopping
26386,0,20/01/2026,BH Shopping
26387,0,20/01/2026,BH Shopping
26388,1,20/01/2026,BH Shopping
26389,1,20/01/2026,BH Shopping
26399,0,20/01/2026,BH Shopping
26400,0,20/01/2026,BH Shopping
26401,2,20/01/2026,BH Shopping
26402,0,20/01/2026,BH Shopping
26403,0,20/01/2026,BH Shopping
26404,0,20/01/2026,BH Shopping
26405,0,20/01/2026,BH Shopping
26406,0,20/01/2026,BH Shopping
26407,0,20/01/2026,BH Shopping
26408,0,20/01/2026,BH Shopping
26409,2,20/01/2026,BH Shopping
26410,2,20/01/2026,BH Shopping
26411,0,20/01/2026,BH Shopping
26412,0,20/01/2026,BH Shopping
26413,1,20/01/2026,BH Shopping
26414,1,20/01/2026,BH Shopping
26415,0,20/01/2026,BH Shopping
26450,0,20/01/2026,BH Shopping
26583,0,20/01/2026,BH Shopping
26589,0,20/01/2026,BH Shopping
26590,0,20/01/2026,BH Shopping
26598,1,20/01/2026,BH Shopping
26599,2,20/01/2026,BH Shopping
26600,4,20/01/2026,BH Shopping
26601,2,20/01/2026,BH Shopping
26692,0,20/01/2026,BH Shopping
26721,3,20/01/2026,BH Shopping
26722,3,20/01/2026,BH Shopping
26723,2,20/01/2026,BH Shopping
26745,0,20/01/2026,BH Shopping
26746,0,20/01/2026,BH Shopping
26747,0,20/01/2026,BH Shopping
26748,0,20/01/2026,BH Shopping
26749,0,20/01/2026,BH Shopping
26750,0,20/01/2026,BH Shopping
26751,0,20/01/2026,BH Shopping
26752,0,20/01/2026,BH Shopping
26753,0,20/01/2026,BH Shopping
26754,0,20/01/2026,BH Shopping
26755,0,20/01/2026,BH Shopping
26756,1,20/01/2026,BH Shopping
26757,1,20/01/2026,BH Shopping
26758,0,20/01/2026,BH Shopping
26759,1,20/01/2026,BH Shopping
26760,1,20/01/2026,BH Shopping
26761,1,20/01/2026,BH Shopping
26762,0,20/01/2026,BH Shopping
26764,0,20/01/2026,BH Shopping
26766,3,20/01/2026,BH Shopping
26767,3,20/01/2026,BH Shopping
26768,3,20/01/2026,BH Shopping
26769,0,20/01/2026,BH Shopping
26815,0,20/01/2026,BH Shopping
26829,0,20/01/2026,BH Shopping
26842,2,20/01/2026,BH Shopping
26843,1,20/01/2026,BH Shopping
26844,2,20/01/2026,BH Shopping
26845,2,20/01/2026,BH Shopping
26923,0,20/01/2026,BH Shopping
26931,3,20/01/2026,BH Shopping
26932,2,20/01/2026,BH Shopping
26934,1,20/01/2026,BH Shopping
26935,2,20/01/2026,BH Shopping
26936,2,20/01/2026,BH Shopping
26938,5,20/01/2026,BH Shopping
26940,2,20/01/2026,BH Shopping
26942,2,20/01/2026,BH Shopping
26944,2,20/01/2026,BH Shopping
26945,2,20/01/2026,BH Shopping
26946,2,20/01/2026,BH Shopping
26947,3,20/01/2026,BH Shopping
26948,2,20/01/2026,BH Shopping
26949,1,20/01/2026,BH Shopping
26950,2,20/01/2026,BH Shopping
26951,1,20/01/2026,BH Shopping
26952,1,20/01/2026,BH Shopping
26953,2,20/01/2026,BH Shopping
26954,2,20/01/2026,BH Shopping
26955,2,20/01/2026,BH Shopping
26957,1,20/01/2026,BH Shopping
26958,2,20/01/2026,BH Shopping
26959,3,20/01/2026,BH Shopping
26960,0,20/01/2026,BH Shopping
26975,0,20/01/2026,BH Shopping
26978,0,20/01/2026,BH Shopping
26979,0,20/01/2026,BH Shopping
27003,1,20/01/2026,BH Shopping
27013,0,20/01/2026,BH Shopping
27017,2,20/01/2026,BH Shopping
27027,0,20/01/2026,BH Shopping
27028,0,20/01/2026,BH Shopping
27029,0,20/01/2026,BH Shopping
27030,2,20/01/2026,BH Shopping
27031,2,20/01/2026,BH Shopping
27032,0,20/01/2026,BH Shopping
27055,2,20/01/2026,BH Shopping
27056,2,20/01/2026,BH Shopping
27057,0,20/01/2026,BH Shopping
27058,1,20/01/2026,BH Shopping
27059,1,20/01/2026,BH Shopping
27060,1,20/01/2026,BH Shopping
27061,3,20/01/2026,BH Shopping
27062,1,20/01/2026,BH Shopping
27063,1,20/01/2026,BH Shopping
27064,1,20/01/2026,BH Shopping
27065,3,20/01/2026,BH Shopping
27066,3,20/01/2026,BH Shopping
27067,2,20/01/2026,BH Shopping
27068,1,20/01/2026,BH Shopping
27069,2,20/01/2026,BH Shopping
27070,4,20/01/2026,BH Shopping
27071,3,20/01/2026,BH Shopping
27072,2,20/01/2026,BH Shopping
27090,2,20/01/2026,BH Shopping
27097,2,20/01/2026,BH Shopping
27098,0,20/01/2026,BH Shopping
27108,0,20/01/2026,BH Shopping
27109,2,20/01/2026,BH Shopping
27110,1,20/01/2026,BH Shopping
27111,2,20/01/2026,BH Shopping
27112,2,20/01/2026,BH Shopping
27113,2,20/01/2026,BH Shopping
27114,2,20/01/2026,BH Shopping
27115,0,20/01/2026,BH Shopping
27116,0,20/01/2026,BH Shopping
27125,0,20/01/2026,BH Shopping
27130,0,20/01/2026,BH Shopping
27131,0,20/01/2026,BH Shopping
27132,0,20/01/2026,BH Shopping
27133,0,20/01/2026,BH Shopping
27184,0,20/01/2026,BH Shopping
27188,1,20/01/2026,BH Shopping
27189,1,20/01/2026,BH Shopping
27190,0,20/01/2026,BH Shopping
27191,0,20/01/2026,BH Shopping
27192,0,20/01/2026,BH Shopping
27193,0,20/01/2026,BH Shopping
27211,0,20/01/2026,BH Shopping
27219,0,20/01/2026,BH Shopping
27227,0,20/01/2026,BH Shopping
27229,0,20/01/2026,BH Shopping
27230,0,20/01/2026,BH Shopping
27231,0,20/01/2026,BH Shopping
27233,0,20/01/2026,BH Shopping
27234,0,20/01/2026,BH Shopping
27235,0,20/01/2026,BH Shopping
27238,1,20/01/2026,BH Shopping
27251,1,20/01/2026,BH Shopping
27252,3,20/01/2026,BH Shopping
27253,0,20/01/2026,BH Shopping
27254,0,20/01/2026,BH Shopping
27256,1,20/01/2026,BH Shopping
27257,0,20/01/2026,BH Shopping
27258,1,20/01/2026,BH Shopping
27259,1,20/01/2026,BH Shopping
27260,1,20/01/2026,BH Shopping
27261,7,20/01/2026,BH Shopping
27262,0,20/01/2026,BH Shopping
27263,0,20/01/2026,BH Shopping
27264,1,20/01/2026,BH Shopping
27265,0,20/01/2026,BH Shopping
27273,0,20/01/2026,BH Shopping
27274,0,20/01/2026,BH Shopping
27275,0,20/01/2026,BH Shopping
27276,0,20/01/2026,BH Shopping
27277,0,20/01/2026,BH Shopping
27278,0,20/01/2026,BH Shopping
27279,0,20/01/2026,BH Shopping
27280,0,20/01/2026,BH Shopping
27281,1,20/01/2026,BH Shopping
27282,0,20/01/2026,BH Shopping
27283,0,20/01/2026,BH Shopping
27284,0,20/01/2026,BH Shopping
27285,0,20/01/2026,BH Shopping
27286,0,20/01/2026,BH Shopping
27287,0,20/01/2026,BH Shopping
27449,3,20/01/2026,BH Shopping
27482,0,20/01/2026,BH Shopping
27483,0,20/01/2026,BH Shopping
27491,0,20/01/2026,BH Shopping
27495,2,20/01/2026,BH Shopping
27496,2,20/01/2026,BH Shopping
27497,2,20/01/2026,BH Shopping
27498,2,20/01/2026,BH Shopping
27509,0,20/01/2026,BH Shopping
27510,0,20/01/2026,BH Shopping
27511,0,20/01/2026,BH Shopping
27532,0,20/01/2026,BH Shopping
27533,0,20/01/2026,BH Shopping
27534,0,20/01/2026,BH Shopping
27535,0,20/01/2026,BH Shopping
27537,0,20/01/2026,BH Shopping
27538,0,20/01/2026,BH Shopping
27539,0,20/01/2026,BH Shopping
27540,0,20/01/2026,BH Shopping
27541,0,20/01/2026,BH Shopping
27551,0,20/01/2026,BH Shopping
27634,0,20/01/2026,BH Shopping
27660,2,20/01/2026,BH Shopping
27662,0,20/01/2026,BH Shopping
27669,0,20/01/2026,BH Shopping
27673,0,20/01/2026,BH Shopping
27715,1,20/01/2026,BH Shopping
27716,0,20/01/2026,BH Shopping
313,0,20/01/2026,Maceio Shopping
322,0,20/01/2026,Maceio Shopping
338,0,20/01/2026,Maceio Shopping
341,0,20/01/2026,Maceio Shopping
398,0,20/01/2026,Maceio Shopping
610,0,20/01/2026,Maceio Shopping
674,0,20/01/2026,Maceio Shopping
727,1,20/01/2026,Maceio Shopping
887,0,20/01/2026,Maceio Shopping
888,0,20/01/2026,Maceio Shopping
889,0,20/01/2026,Maceio Shopping
890,0,20/01/2026,Maceio Shopping
1049,0,20/01/2026,Maceio Shopping
1100,0,20/01/2026,Maceio Shopping
1109,0,20/01/2026,Maceio Shopping
1119,0,20/01/2026,Maceio Shopping
1276,0,20/01/2026,Maceio Shopping
1277,0,20/01/2026,Maceio Shopping
1362,0,20/01/2026,Maceio Shopping
1363,0,20/01/2026,Maceio Shopping
1367,0,20/01/2026,Maceio Shopping
1368,0,20/01/2026,Maceio Shopping
1405,0,20/01/2026,Maceio Shopping
1438,0,20/01/2026,Maceio Shopping
1499,0,20/01/2026,Maceio Shopping
1526,0,20/01/2026,Maceio Shopping
1712,0,20/01/2026,Maceio Shopping
1941,0,20/01/2026,Maceio Shopping
2197,0,20/01/2026,Maceio Shopping
2200,0,20/01/2026,Maceio Shopping
2202,0,20/01/2026,Maceio Shopping
2207,0,20/01/2026,Maceio Shopping
2208,0,20/01/2026,Maceio Shopping
2217,0,20/01/2026,Maceio Shopping
2398,0,20/01/2026,Maceio Shopping
2403,0,20/01/2026,Maceio Shopping
2617,0,20/01/2026,Maceio Shopping
2646,0,20/01/2026,Maceio Shopping
2693,0,20/01/2026,Maceio Shopping
2697,0,20/01/2026,Maceio Shopping
2721,0,20/01/2026,Maceio Shopping
2723,0,20/01/2026,Maceio Shopping
2725,0,20/01/2026,Maceio Shopping
2811,0,20/01/2026,Maceio Shopping
2842,0,20/01/2026,Maceio Shopping
2844,0,20/01/2026,Maceio Shopping
2845,0,20/01/2026,Maceio Shopping
2867,0,20/01/2026,Maceio Shopping
2881,0,20/01/2026,Maceio Shopping
2930,0,20/01/2026,Maceio Shopping
3056,0,20/01/2026,Maceio Shopping
3065,0,20/01/2026,Maceio Shopping
3099,0,20/01/2026,Maceio Shopping
3147,0,20/01/2026,Maceio Shopping
3190,0,20/01/2026,Maceio Shopping
3406,0,20/01/2026,Maceio Shopping
3462,0,20/01/2026,Maceio Shopping
3532,0,20/01/2026,Maceio Shopping
3533,1,20/01/2026,Maceio Shopping
3554,0,20/01/2026,Maceio Shopping
3555,0,20/01/2026,Maceio Shopping
3556,0,20/01/2026,Maceio Shopping
3573,0,20/01/2026,Maceio Shopping
3746,0,20/01/2026,Maceio Shopping
3747,2,20/01/2026,Maceio Shopping
3751,0,20/01/2026,Maceio Shopping
3800,0,20/01/2026,Maceio Shopping
3823,0,20/01/2026,Maceio Shopping
3825,0,20/01/2026,Maceio Shopping
3871,0,20/01/2026,Maceio Shopping
3882,0,20/01/2026,Maceio Shopping
3901,0,20/01/2026,Maceio Shopping
3904,0,20/01/2026,Maceio Shopping
3905,0,20/01/2026,Maceio Shopping
3906,0,20/01/2026,Maceio Shopping
3969,0,20/01/2026,Maceio Shopping
4028,0,20/01/2026,Maceio Shopping
4030,0,20/01/2026,Maceio Shopping
4031,0,20/01/2026,Maceio Shopping
4032,0,20/01/2026,Maceio Shopping
4033,0,20/01/2026,Maceio Shopping
4034,0,20/01/2026,Maceio Shopping
4035,0,20/01/2026,Maceio Shopping
4054,0,20/01/2026,Maceio Shopping
4111,0,20/01/2026,Maceio Shopping
4112,0,20/01/2026,Maceio Shopping
4113,0,20/01/2026,Maceio Shopping
4114,0,20/01/2026,Maceio Shopping
4140,0,20/01/2026,Maceio Shopping
4141,0,20/01/2026,Maceio Shopping
4147,0,20/01/2026,Maceio Shopping
4148,0,20/01/2026,Maceio Shopping
4149,0,20/01/2026,Maceio Shopping
4160,0,20/01/2026,Maceio Shopping
4310,0,20/01/2026,Maceio Shopping
4312,1,20/01/2026,Maceio Shopping
4325,0,20/01/2026,Maceio Shopping
4347,0,20/01/2026,Maceio Shopping
4348,0,20/01/2026,Maceio Shopping
4349,0,20/01/2026,Maceio Shopping
4350,0,20/01/2026,Maceio Shopping
4351,0,20/01/2026,Maceio Shopping
4352,0,20/01/2026,Maceio Shopping
4353,0,20/01/2026,Maceio Shopping
4354,0,20/01/2026,Maceio Shopping
4355,0,20/01/2026,Maceio Shopping
4356,0,20/01/2026,Maceio Shopping
4357,0,20/01/2026,Maceio Shopping
4358,0,20/01/2026,Maceio Shopping
4359,0,20/01/2026,Maceio Shopping
4362,0,20/01/2026,Maceio Shopping
4363,0,20/01/2026,Maceio Shopping
4364,0,20/01/2026,Maceio Shopping
4365,0,20/01/2026,Maceio Shopping
4366,0,20/01/2026,Maceio Shopping
4367,0,20/01/2026,Maceio Shopping
4368,0,20/01/2026,Maceio Shopping
4372,0,20/01/2026,Maceio Shopping
4380,2,20/01/2026,Maceio Shopping
4382,0,20/01/2026,Maceio Shopping
4395,0,20/01/2026,Maceio Shopping
4434,0,20/01/2026,Maceio Shopping
4456,0,20/01/2026,Maceio Shopping
4457,0,20/01/2026,Maceio Shopping
4459,0,20/01/2026,Maceio Shopping
4460,0,20/01/2026,Maceio Shopping
4497,3,20/01/2026,Maceio Shopping
4499,0,20/01/2026,Maceio Shopping
4550,0,20/01/2026,Maceio Shopping
4600,0,20/01/2026,Maceio Shopping
4658,0,20/01/2026,Maceio Shopping
4660,0,20/01/2026,Maceio Shopping
4687,0,20/01/2026,Maceio Shopping
4688,0,20/01/2026,Maceio Shopping
4700,0,20/01/2026,Maceio Shopping
4725,0,20/01/2026,Maceio Shopping
4726,0,20/01/2026,Maceio Shopping
4727,1,20/01/2026,Maceio Shopping
4728,2,20/01/2026,Maceio Shopping
4750,0,20/01/2026,Maceio Shopping
4882,0,20/01/2026,Maceio Shopping
4980,0,20/01/2026,Maceio Shopping
4981,0,20/01/2026,Maceio Shopping
5049,0,20/01/2026,Maceio Shopping
5702,0,20/01/2026,Maceio Shopping
5703,0,20/01/2026,Maceio Shopping
5704,0,20/01/2026,Maceio Shopping
5705,1,20/01/2026,Maceio Shopping
6332,0,20/01/2026,Maceio Shopping
8144,0,20/01/2026,Maceio Shopping
8145,0,20/01/2026,Maceio Shopping
8146,0,20/01/2026,Maceio Shopping
8152,0,20/01/2026,Maceio Shopping
8153,0,20/01/2026,Maceio Shopping
8154,0,20/01/2026,Maceio Shopping
8155,0,20/01/2026,Maceio Shopping
8156,0,20/01/2026,Maceio Shopping
8157,3,20/01/2026,Maceio Shopping
8158,0,20/01/2026,Maceio Shopping
8159,0,20/01/2026,Maceio Shopping
8520,0,20/01/2026,Maceio Shopping
8521,1,20/01/2026,Maceio Shopping
20715,0,20/01/2026,Maceio Shopping
20716,0,20/01/2026,Maceio Shopping
20717,0,20/01/2026,Maceio Shopping
20718,0,20/01/2026,Maceio Shopping
20719,0,20/01/2026,Maceio Shopping
20720,0,20/01/2026,Maceio Shopping
20721,0,20/01/2026,Maceio Shopping
20722,0,20/01/2026,Maceio Shopping
20723,0,20/01/2026,Maceio Shopping
20737,0,20/01/2026,Maceio Shopping
20755,0,20/01/2026,Maceio Shopping
20790,0,20/01/2026,Maceio Shopping
20791,0,20/01/2026,Maceio Shopping
20792,0,20/01/2026,Maceio Shopping
20793,0,20/01/2026,Maceio Shopping
20833,0,20/01/2026,Maceio Shopping
20834,0,20/01/2026,Maceio Shopping
20875,0,20/01/2026,Maceio Shopping
20877,0,20/01/2026,Maceio Shopping
20990,0,20/01/2026,Maceio Shopping
21069,0,20/01/2026,Maceio Shopping
21080,0,20/01/2026,Maceio Shopping
21113,0,20/01/2026,Maceio Shopping
21143,0,20/01/2026,Maceio Shopping
21144,0,20/01/2026,Maceio Shopping
21145,0,20/01/2026,Maceio Shopping
21146,0,20/01/2026,Maceio Shopping
21147,0,20/01/2026,Maceio Shopping
21148,0,20/01/2026,Maceio Shopping
21149,0,20/01/2026,Maceio Shopping
21190,0,20/01/2026,Maceio Shopping
21191,0,20/01/2026,Maceio Shopping
21227,0,20/01/2026,Maceio Shopping
21255,0,20/01/2026,Maceio Shopping
21267,0,20/01/2026,Maceio Shopping
21279,0,20/01/2026,Maceio Shopping
21286,0,20/01/2026,Maceio Shopping
21288,0,20/01/2026,Maceio Shopping
21289,0,20/01/2026,Maceio Shopping
21290,0,20/01/2026,Maceio Shopping
21291,0,20/01/2026,Maceio Shopping
21295,0,20/01/2026,Maceio Shopping
21296,1,20/01/2026,Maceio Shopping
21299,0,20/01/2026,Maceio Shopping
21300,0,20/01/2026,Maceio Shopping
21309,0,20/01/2026,Maceio Shopping
21311,0,20/01/2026,Maceio Shopping
21312,1,20/01/2026,Maceio Shopping
21313,0,20/01/2026,Maceio Shopping
21314,0,20/01/2026,Maceio Shopping
21315,0,20/01/2026,Maceio Shopping
21316,0,20/01/2026,Maceio Shopping
21317,0,20/01/2026,Maceio Shopping
21383,0,20/01/2026,Maceio Shopping
21414,0,20/01/2026,Maceio Shopping
21458,0,20/01/2026,Maceio Shopping
21462,1,20/01/2026,Maceio Shopping
21463,0,20/01/2026,Maceio Shopping
21464,1,20/01/2026,Maceio Shopping
21466,0,20/01/2026,Maceio Shopping
21467,0,20/01/2026,Maceio Shopping
21492,0,20/01/2026,Maceio Shopping
21510,1,20/01/2026,Maceio Shopping
21511,0,20/01/2026,Maceio Shopping
21512,1,20/01/2026,Maceio Shopping
21513,3,20/01/2026,Maceio Shopping
21514,2,20/01/2026,Maceio Shopping
21547,0,20/01/2026,Maceio Shopping
21557,0,20/01/2026,Maceio Shopping
21574,0,20/01/2026,Maceio Shopping
21575,0,20/01/2026,Maceio Shopping
21576,0,20/01/2026,Maceio Shopping
21581,0,20/01/2026,Maceio Shopping
21582,0,20/01/2026,Maceio Shopping
21583,0,20/01/2026,Maceio Shopping
21601,0,20/01/2026,Maceio Shopping
21613,0,20/01/2026,Maceio Shopping
21614,0,20/01/2026,Maceio Shopping
21682,0,20/01/2026,Maceio Shopping
21691,2,20/01/2026,Maceio Shopping
21694,0,20/01/2026,Maceio Shopping
21696,1,20/01/2026,Maceio Shopping
21697,0,20/01/2026,Maceio Shopping
21698,0,20/01/2026,Maceio Shopping
21703,0,20/01/2026,Maceio Shopping
21704,0,20/01/2026,Maceio Shopping
21710,0,20/01/2026,Maceio Shopping
21717,0,20/01/2026,Maceio Shopping
21718,0,20/01/2026,Maceio Shopping
21719,0,20/01/2026,Maceio Shopping
21875,0,20/01/2026,Maceio Shopping
21876,0,20/01/2026,Maceio Shopping
21905,0,20/01/2026,Maceio Shopping
21909,0,20/01/2026,Maceio Shopping
21910,0,20/01/2026,Maceio Shopping
21911,0,20/01/2026,Maceio Shopping
21912,0,20/01/2026,Maceio Shopping
21913,0,20/01/2026,Maceio Shopping
21914,0,20/01/2026,Maceio Shopping
21915,0,20/01/2026,Maceio Shopping
21917,0,20/01/2026,Maceio Shopping
21918,0,20/01/2026,Maceio Shopping
21919,0,20/01/2026,Maceio Shopping
21920,0,20/01/2026,Maceio Shopping
21921,0,20/01/2026,Maceio Shopping
21923,0,20/01/2026,Maceio Shopping
21924,0,20/01/2026,Maceio Shopping
21925,0,20/01/2026,Maceio Shopping
21926,0,20/01/2026,Maceio Shopping
21927,0,20/01/2026,Maceio Shopping
22000,0,20/01/2026,Maceio Shopping
22001,0,20/01/2026,Maceio Shopping
22002,0,20/01/2026,Maceio Shopping
22101,0,20/01/2026,Maceio Shopping
22102,0,20/01/2026,Maceio Shopping
22103,0,20/01/2026,Maceio Shopping
22114,0,20/01/2026,Maceio Shopping
22191,0,20/01/2026,Maceio Shopping
22278,0,20/01/2026,Maceio Shopping
22306,0,20/01/2026,Maceio Shopping
22307,0,20/01/2026,Maceio Shopping
22308,0,20/01/2026,Maceio Shopping
22403,0,20/01/2026,Maceio Shopping
22417,0,20/01/2026,Maceio Shopping
22476,0,20/01/2026,Maceio Shopping
22477,0,20/01/2026,Maceio Shopping
22482,0,20/01/2026,Maceio Shopping
22487,0,20/01/2026,Maceio Shopping
22492,0,20/01/2026,Maceio Shopping
22504,0,20/01/2026,Maceio Shopping
22515,0,20/01/2026,Maceio Shopping
22547,0,20/01/2026,Maceio Shopping
22578,0,20/01/2026,Maceio Shopping
22589,0,20/01/2026,Maceio Shopping
22590,0,20/01/2026,Maceio Shopping
22595,0,20/01/2026,Maceio Shopping
22597,0,20/01/2026,Maceio Shopping
22598,0,20/01/2026,Maceio Shopping
22642,0,20/01/2026,Maceio Shopping
22666,0,20/01/2026,Maceio Shopping
22667,0,20/01/2026,Maceio Shopping
22668,0,20/01/2026,Maceio Shopping
22756,3,20/01/2026,Maceio Shopping
22850,0,20/01/2026,Maceio Shopping
22854,0,20/01/2026,Maceio Shopping
22859,0,20/01/2026,Maceio Shopping
22870,0,20/01/2026,Maceio Shopping
22883,0,20/01/2026,Maceio Shopping
22922,0,20/01/2026,Maceio Shopping
22923,0,20/01/2026,Maceio Shopping
22980,0,20/01/2026,Maceio Shopping
22985,0,20/01/2026,Maceio Shopping
22987,0,20/01/2026,Maceio Shopping
22988,0,20/01/2026,Maceio Shopping
22990,0,20/01/2026,Maceio Shopping
23003,2,20/01/2026,Maceio Shopping
23004,0,20/01/2026,Maceio Shopping
23005,0,20/01/2026,Maceio Shopping
23006,0,20/01/2026,Maceio Shopping
23007,0,20/01/2026,Maceio Shopping
23008,0,20/01/2026,Maceio Shopping
23010,0,20/01/2026,Maceio Shopping
23011,0,20/01/2026,Maceio Shopping
23012,0,20/01/2026,Maceio Shopping
23013,0,20/01/2026,Maceio Shopping
23014,0,20/01/2026,Maceio Shopping
23015,0,20/01/2026,Maceio Shopping
23016,0,20/01/2026,Maceio Shopping
23017,0,20/01/2026,Maceio Shopping
23018,0,20/01/2026,Maceio Shopping
23019,0,20/01/2026,Maceio Shopping
23020,0,20/01/2026,Maceio Shopping
23023,0,20/01/2026,Maceio Shopping
23024,0,20/01/2026,Maceio Shopping
23061,0,20/01/2026,Maceio Shopping
23062,0,20/01/2026,Maceio Shopping
23063,0,20/01/2026,Maceio Shopping
23064,0,20/01/2026,Maceio Shopping
23065,0,20/01/2026,Maceio Shopping
23066,0,20/01/2026,Maceio Shopping
23067,0,20/01/2026,Maceio Shopping
23082,0,20/01/2026,Maceio Shopping
23083,0,20/01/2026,Maceio Shopping
23158,0,20/01/2026,Maceio Shopping
23186,0,20/01/2026,Maceio Shopping
23189,0,20/01/2026,Maceio Shopping
23217,0,20/01/2026,Maceio Shopping
23218,0,20/01/2026,Maceio Shopping
23224,0,20/01/2026,Maceio Shopping
23234,0,20/01/2026,Maceio Shopping
23264,0,20/01/2026,Maceio Shopping
23265,0,20/01/2026,Maceio Shopping
23266,0,20/01/2026,Maceio Shopping
23267,0,20/01/2026,Maceio Shopping
23268,0,20/01/2026,Maceio Shopping
23269,0,20/01/2026,Maceio Shopping
23270,0,20/01/2026,Maceio Shopping
23271,0,20/01/2026,Maceio Shopping
23273,0,20/01/2026,Maceio Shopping
23277,0,20/01/2026,Maceio Shopping
23284,0,20/01/2026,Maceio Shopping
23285,0,20/01/2026,Maceio Shopping
23286,0,20/01/2026,Maceio Shopping
23321,0,20/01/2026,Maceio Shopping
23323,0,20/01/2026,Maceio Shopping
23325,0,20/01/2026,Maceio Shopping
23341,0,20/01/2026,Maceio Shopping
23342,0,20/01/2026,Maceio Shopping
23364,0,20/01/2026,Maceio Shopping
23376,0,20/01/2026,Maceio Shopping
23397,0,20/01/2026,Maceio Shopping
23443,0,20/01/2026,Maceio Shopping
23461,0,20/01/2026,Maceio Shopping
23472,0,20/01/2026,Maceio Shopping
23473,0,20/01/2026,Maceio Shopping
23476,0,20/01/2026,Maceio Shopping
23590,3,20/01/2026,Maceio Shopping
23703,0,20/01/2026,Maceio Shopping
23714,0,20/01/2026,Maceio Shopping
23715,0,20/01/2026,Maceio Shopping
23716,0,20/01/2026,Maceio Shopping
23717,0,20/01/2026,Maceio Shopping
23718,0,20/01/2026,Maceio Shopping
23719,0,20/01/2026,Maceio Shopping
23720,0,20/01/2026,Maceio Shopping
23725,0,20/01/2026,Maceio Shopping
23726,0,20/01/2026,Maceio Shopping
23727,0,20/01/2026,Maceio Shopping
23728,0,20/01/2026,Maceio Shopping
23730,0,20/01/2026,Maceio Shopping
23731,0,20/01/2026,Maceio Shopping
23737,0,20/01/2026,Maceio Shopping
23738,0,20/01/2026,Maceio Shopping
23739,0,20/01/2026,Maceio Shopping
23740,0,20/01/2026,Maceio Shopping
23741,0,20/01/2026,Maceio Shopping
23742,0,20/01/2026,Maceio Shopping
23744,0,20/01/2026,Maceio Shopping
23745,0,20/01/2026,Maceio Shopping
23746,0,20/01/2026,Maceio Shopping
23747,0,20/01/2026,Maceio Shopping
23748,0,20/01/2026,Maceio Shopping
23755,0,20/01/2026,Maceio Shopping
23807,0,20/01/2026,Maceio Shopping
23810,0,20/01/2026,Maceio Shopping
23814,0,20/01/2026,Maceio Shopping
23817,0,20/01/2026,Maceio Shopping
23818,0,20/01/2026,Maceio Shopping
23819,0,20/01/2026,Maceio Shopping
23820,0,20/01/2026,Maceio Shopping
23821,0,20/01/2026,Maceio Shopping
23822,0,20/01/2026,Maceio Shopping
23827,0,20/01/2026,Maceio Shopping
23828,0,20/01/2026,Maceio Shopping
23829,0,20/01/2026,Maceio Shopping
23830,0,20/01/2026,Maceio Shopping
23887,0,20/01/2026,Maceio Shopping
23893,0,20/01/2026,Maceio Shopping
23894,0,20/01/2026,Maceio Shopping
23895,3,20/01/2026,Maceio Shopping
23896,0,20/01/2026,Maceio Shopping
23897,1,20/01/2026,Maceio Shopping
23898,0,20/01/2026,Maceio Shopping
23899,0,20/01/2026,Maceio Shopping
23900,0,20/01/2026,Maceio Shopping
23901,0,20/01/2026,Maceio Shopping
23902,0,20/01/2026,Maceio Shopping
23903,0,20/01/2026,Maceio Shopping
23904,0,20/01/2026,Maceio Shopping
23905,0,20/01/2026,Maceio Shopping
23906,1,20/01/2026,Maceio Shopping
23907,0,20/01/2026,Maceio Shopping
23908,0,20/01/2026,Maceio Shopping
23909,0,20/01/2026,Maceio Shopping
23910,1,20/01/2026,Maceio Shopping
23911,2,20/01/2026,Maceio Shopping
23912,0,20/01/2026,Maceio Shopping
23913,0,20/01/2026,Maceio Shopping
23914,0,20/01/2026,Maceio Shopping
23915,1,20/01/2026,Maceio Shopping
23916,0,20/01/2026,Maceio Shopping
23917,0,20/01/2026,Maceio Shopping
23918,0,20/01/2026,Maceio Shopping
23919,0,20/01/2026,Maceio Shopping
23920,1,20/01/2026,Maceio Shopping
23921,0,20/01/2026,Maceio Shopping
23922,0,20/01/2026,Maceio Shopping
23923,0,20/01/2026,Maceio Shopping
23924,1,20/01/2026,Maceio Shopping
23925,0,20/01/2026,Maceio Shopping
23926,0,20/01/2026,Maceio Shopping
23927,0,20/01/2026,Maceio Shopping
23928,0,20/01/2026,Maceio Shopping
23929,2,20/01/2026,Maceio Shopping
23930,0,20/01/2026,Maceio Shopping
23931,0,20/01/2026,Maceio Shopping
23932,0,20/01/2026,Maceio Shopping
23934,0,20/01/2026,Maceio Shopping
23935,0,20/01/2026,Maceio Shopping
23936,0,20/01/2026,Maceio Shopping
23937,0,20/01/2026,Maceio Shopping
23938,0,20/01/2026,Maceio Shopping
23939,0,20/01/2026,Maceio Shopping
23940,0,20/01/2026,Maceio Shopping
23941,0,20/01/2026,Maceio Shopping
23942,0,20/01/2026,Maceio Shopping
23943,0,20/01/2026,Maceio Shopping
23944,0,20/01/2026,Maceio Shopping
23945,0,20/01/2026,Maceio Shopping
23946,2,20/01/2026,Maceio Shopping
23947,0,20/01/2026,Maceio Shopping
23948,0,20/01/2026,Maceio Shopping
23949,0,20/01/2026,Maceio Shopping
23950,0,20/01/2026,Maceio Shopping
23951,0,20/01/2026,Maceio Shopping
23952,0,20/01/2026,Maceio Shopping
23953,0,20/01/2026,Maceio Shopping
23954,0,20/01/2026,Maceio Shopping
23955,0,20/01/2026,Maceio Shopping
23956,0,20/01/2026,Maceio Shopping
23958,1,20/01/2026,Maceio Shopping
23960,0,20/01/2026,Maceio Shopping
23961,0,20/01/2026,Maceio Shopping
23962,0,20/01/2026,Maceio Shopping
23963,0,20/01/2026,Maceio Shopping
23964,0,20/01/2026,Maceio Shopping
23965,0,20/01/2026,Maceio Shopping
23966,0,20/01/2026,Maceio Shopping
23967,0,20/01/2026,Maceio Shopping
23968,1,20/01/2026,Maceio Shopping
23969,0,20/01/2026,Maceio Shopping
23970,0,20/01/2026,Maceio Shopping
23971,0,20/01/2026,Maceio Shopping
23972,0,20/01/2026,Maceio Shopping
23973,0,20/01/2026,Maceio Shopping
23974,0,20/01/2026,Maceio Shopping
23975,0,20/01/2026,Maceio Shopping
23976,0,20/01/2026,Maceio Shopping
23977,1,20/01/2026,Maceio Shopping
23978,0,20/01/2026,Maceio Shopping
23979,0,20/01/2026,Maceio Shopping
23980,2,20/01/2026,Maceio Shopping
23981,0,20/01/2026,Maceio Shopping
23982,2,20/01/2026,Maceio Shopping
23983,1,20/01/2026,Maceio Shopping
23984,0,20/01/2026,Maceio Shopping
23985,0,20/01/2026,Maceio Shopping
23986,0,20/01/2026,Maceio Shopping
23987,0,20/01/2026,Maceio Shopping
23988,0,20/01/2026,Maceio Shopping
23989,0,20/01/2026,Maceio Shopping
23990,2,20/01/2026,Maceio Shopping
23991,0,20/01/2026,Maceio Shopping
23992,0,20/01/2026,Maceio Shopping
23993,2,20/01/2026,Maceio Shopping
23994,0,20/01/2026,Maceio Shopping
23995,0,20/01/2026,Maceio Shopping
23996,0,20/01/2026,Maceio Shopping
23997,0,20/01/2026,Maceio Shopping
23998,1,20/01/2026,Maceio Shopping
24000,0,20/01/2026,Maceio Shopping
24001,3,20/01/2026,Maceio Shopping
24002,0,20/01/2026,Maceio Shopping
24003,1,20/01/2026,Maceio Shopping
24004,1,20/01/2026,Maceio Shopping
24005,0,20/01/2026,Maceio Shopping
24006,0,20/01/2026,Maceio Shopping
24007,2,20/01/2026,Maceio Shopping
24008,0,20/01/2026,Maceio Shopping
24009,0,20/01/2026,Maceio Shopping
24010,1,20/01/2026,Maceio Shopping
24011,0,20/01/2026,Maceio Shopping
24012,0,20/01/2026,Maceio Shopping
24013,0,20/01/2026,Maceio Shopping
24014,0,20/01/2026,Maceio Shopping
24015,0,20/01/2026,Maceio Shopping
24016,0,20/01/2026,Maceio Shopping
24017,0,20/01/2026,Maceio Shopping
24018,0,20/01/2026,Maceio Shopping
24019,0,20/01/2026,Maceio Shopping
24021,1,20/01/2026,Maceio Shopping
24022,0,20/01/2026,Maceio Shopping
24023,0,20/01/2026,Maceio Shopping
24024,0,20/01/2026,Maceio Shopping
24025,0,20/01/2026,Maceio Shopping
24026,1,20/01/2026,Maceio Shopping
24027,0,20/01/2026,Maceio Shopping
24028,0,20/01/2026,Maceio Shopping
24029,0,20/01/2026,Maceio Shopping
24030,0,20/01/2026,Maceio Shopping
24031,0,20/01/2026,Maceio Shopping
24032,0,20/01/2026,Maceio Shopping
24033,0,20/01/2026,Maceio Shopping
24036,0,20/01/2026,Maceio Shopping
24037,0,20/01/2026,Maceio Shopping
24100,2,20/01/2026,Maceio Shopping
24101,3,20/01/2026,Maceio Shopping
24102,0,20/01/2026,Maceio Shopping
24103,1,20/01/2026,Maceio Shopping
24104,2,20/01/2026,Maceio Shopping
24105,1,20/01/2026,Maceio Shopping
24106,0,20/01/2026,Maceio Shopping
24107,1,20/01/2026,Maceio Shopping
24108,2,20/01/2026,Maceio Shopping
24109,1,20/01/2026,Maceio Shopping
24110,0,20/01/2026,Maceio Shopping
24111,1,20/01/2026,Maceio Shopping
24112,2,20/01/2026,Maceio Shopping
24113,1,20/01/2026,Maceio Shopping
24115,0,20/01/2026,Maceio Shopping
24116,1,20/01/2026,Maceio Shopping
24117,0,20/01/2026,Maceio Shopping
24118,0,20/01/2026,Maceio Shopping
24119,0,20/01/2026,Maceio Shopping
24120,0,20/01/2026,Maceio Shopping
24121,0,20/01/2026,Maceio Shopping
24122,0,20/01/2026,Maceio Shopping
24123,0,20/01/2026,Maceio Shopping
24124,0,20/01/2026,Maceio Shopping
24125,0,20/01/2026,Maceio Shopping
24126,0,20/01/2026,Maceio Shopping
24127,0,20/01/2026,Maceio Shopping
24128,0,20/01/2026,Maceio Shopping
24129,0,20/01/2026,Maceio Shopping
24130,0,20/01/2026,Maceio Shopping
24131,0,20/01/2026,Maceio Shopping
24134,0,20/01/2026,Maceio Shopping
24135,0,20/01/2026,Maceio Shopping
24136,0,20/01/2026,Maceio Shopping
24137,0,20/01/2026,Maceio Shopping
24140,0,20/01/2026,Maceio Shopping
24142,0,20/01/2026,Maceio Shopping
24149,0,20/01/2026,Maceio Shopping
24154,0,20/01/2026,Maceio Shopping
24158,0,20/01/2026,Maceio Shopping
24159,0,20/01/2026,Maceio Shopping
24160,0,20/01/2026,Maceio Shopping
24163,0,20/01/2026,Maceio Shopping
24164,0,20/01/2026,Maceio Shopping
24165,0,20/01/2026,Maceio Shopping
24166,0,20/01/2026,Maceio Shopping
24167,0,20/01/2026,Maceio Shopping
24168,0,20/01/2026,Maceio Shopping
24169,0,20/01/2026,Maceio Shopping
24170,2,20/01/2026,Maceio Shopping
24171,0,20/01/2026,Maceio Shopping
24172,0,20/01/2026,Maceio Shopping
24173,0,20/01/2026,Maceio Shopping
24174,0,20/01/2026,Maceio Shopping
24176,0,20/01/2026,Maceio Shopping
24177,0,20/01/2026,Maceio Shopping
24178,0,20/01/2026,Maceio Shopping
24179,0,20/01/2026,Maceio Shopping
24180,0,20/01/2026,Maceio Shopping
24188,0,20/01/2026,Maceio Shopping
24200,0,20/01/2026,Maceio Shopping
24204,2,20/01/2026,Maceio Shopping
24219,0,20/01/2026,Maceio Shopping
24220,0,20/01/2026,Maceio Shopping
24221,0,20/01/2026,Maceio Shopping
24234,0,20/01/2026,Maceio Shopping
24238,0,20/01/2026,Maceio Shopping
24324,1,20/01/2026,Maceio Shopping
24325,1,20/01/2026,Maceio Shopping
24326,3,20/01/2026,Maceio Shopping
24327,0,20/01/2026,Maceio Shopping
24328,2,20/01/2026,Maceio Shopping
24329,0,20/01/2026,Maceio Shopping
24330,1,20/01/2026,Maceio Shopping
24344,0,20/01/2026,Maceio Shopping
24387,0,20/01/2026,Maceio Shopping
24401,0,20/01/2026,Maceio Shopping
24412,0,20/01/2026,Maceio Shopping
24413,0,20/01/2026,Maceio Shopping
24415,0,20/01/2026,Maceio Shopping
24416,0,20/01/2026,Maceio Shopping
24417,0,20/01/2026,Maceio Shopping
24418,0,20/01/2026,Maceio Shopping
24419,0,20/01/2026,Maceio Shopping
24421,0,20/01/2026,Maceio Shopping
24422,0,20/01/2026,Maceio Shopping
24423,0,20/01/2026,Maceio Shopping
24424,0,20/01/2026,Maceio Shopping
24426,0,20/01/2026,Maceio Shopping
24427,0,20/01/2026,Maceio Shopping
24428,0,20/01/2026,Maceio Shopping
24429,0,20/01/2026,Maceio Shopping
24430,1,20/01/2026,Maceio Shopping
24431,0,20/01/2026,Maceio Shopping
24432,0,20/01/2026,Maceio Shopping
24433,0,20/01/2026,Maceio Shopping
24435,0,20/01/2026,Maceio Shopping
24436,0,20/01/2026,Maceio Shopping
24438,0,20/01/2026,Maceio Shopping
24439,0,20/01/2026,Maceio Shopping
24442,0,20/01/2026,Maceio Shopping
24443,0,20/01/2026,Maceio Shopping
24445,0,20/01/2026,Maceio Shopping
24446,0,20/01/2026,Maceio Shopping
24447,0,20/01/2026,Maceio Shopping
24448,0,20/01/2026,Maceio Shopping
24449,0,20/01/2026,Maceio Shopping
24450,0,20/01/2026,Maceio Shopping
24452,0,20/01/2026,Maceio Shopping
24454,2,20/01/2026,Maceio Shopping
24455,0,20/01/2026,Maceio Shopping
24469,0,20/01/2026,Maceio Shopping
24470,0,20/01/2026,Maceio Shopping
24533,0,20/01/2026,Maceio Shopping
24534,0,20/01/2026,Maceio Shopping
24579,1,20/01/2026,Maceio Shopping
24580,0,20/01/2026,Maceio Shopping
24581,0,20/01/2026,Maceio Shopping
24582,0,20/01/2026,Maceio Shopping
24583,0,20/01/2026,Maceio Shopping
24584,0,20/01/2026,Maceio Shopping
24585,0,20/01/2026,Maceio Shopping
24586,0,20/01/2026,Maceio Shopping
24587,0,20/01/2026,Maceio Shopping
24588,0,20/01/2026,Maceio Shopping
24589,0,20/01/2026,Maceio Shopping
24590,0,20/01/2026,Maceio Shopping
24591,0,20/01/2026,Maceio Shopping
24592,0,20/01/2026,Maceio Shopping
24593,0,20/01/2026,Maceio Shopping
24594,0,20/01/2026,Maceio Shopping
24595,0,20/01/2026,Maceio Shopping
24596,0,20/01/2026,Maceio Shopping
24597,0,20/01/2026,Maceio Shopping
24598,0,20/01/2026,Maceio Shopping
24599,0,20/01/2026,Maceio Shopping
24600,0,20/01/2026,Maceio Shopping
24601,0,20/01/2026,Maceio Shopping
24602,0,20/01/2026,Maceio Shopping
24603,0,20/01/2026,Maceio Shopping
24604,0,20/01/2026,Maceio Shopping
24605,0,20/01/2026,Maceio Shopping
24606,0,20/01/2026,Maceio Shopping
24607,0,20/01/2026,Maceio Shopping
24608,0,20/01/2026,Maceio Shopping
24609,0,20/01/2026,Maceio Shopping
24610,0,20/01/2026,Maceio Shopping
24611,0,20/01/2026,Maceio Shopping
24612,0,20/01/2026,Maceio Shopping
24613,1,20/01/2026,Maceio Shopping
24614,0,20/01/2026,Maceio Shopping
24615,0,20/01/2026,Maceio Shopping
24616,0,20/01/2026,Maceio Shopping
24617,1,20/01/2026,Maceio Shopping
24618,1,20/01/2026,Maceio Shopping
24619,0,20/01/2026,Maceio Shopping
24620,0,20/01/2026,Maceio Shopping
24621,0,20/01/2026,Maceio Shopping
24622,0,20/01/2026,Maceio Shopping
24623,0,20/01/2026,Maceio Shopping
24624,0,20/01/2026,Maceio Shopping
24625,0,20/01/2026,Maceio Shopping
24626,0,20/01/2026,Maceio Shopping
24627,0,20/01/2026,Maceio Shopping
24628,0,20/01/2026,Maceio Shopping
24629,0,20/01/2026,Maceio Shopping
24630,0,20/01/2026,Maceio Shopping
24631,0,20/01/2026,Maceio Shopping
24632,0,20/01/2026,Maceio Shopping
24633,0,20/01/2026,Maceio Shopping
24634,0,20/01/2026,Maceio Shopping
24635,0,20/01/2026,Maceio Shopping
24653,0,20/01/2026,Maceio Shopping
24682,0,20/01/2026,Maceio Shopping
24690,0,20/01/2026,Maceio Shopping
24693,0,20/01/2026,Maceio Shopping
24714,0,20/01/2026,Maceio Shopping
24722,0,20/01/2026,Maceio Shopping
24739,0,20/01/2026,Maceio Shopping
24757,0,20/01/2026,Maceio Shopping
24765,1,20/01/2026,Maceio Shopping
24766,0,20/01/2026,Maceio Shopping
24767,0,20/01/2026,Maceio Shopping
24768,1,20/01/2026,Maceio Shopping
24786,2,20/01/2026,Maceio Shopping
24806,0,20/01/2026,Maceio Shopping
24808,1,20/01/2026,Maceio Shopping
24809,0,20/01/2026,Maceio Shopping
24811,0,20/01/2026,Maceio Shopping
24812,0,20/01/2026,Maceio Shopping
24814,0,20/01/2026,Maceio Shopping
24874,0,20/01/2026,Maceio Shopping
24875,0,20/01/2026,Maceio Shopping
24876,1,20/01/2026,Maceio Shopping
24877,0,20/01/2026,Maceio Shopping
24878,0,20/01/2026,Maceio Shopping
24879,0,20/01/2026,Maceio Shopping
24880,1,20/01/2026,Maceio Shopping
24881,0,20/01/2026,Maceio Shopping
24882,0,20/01/2026,Maceio Shopping
24883,0,20/01/2026,Maceio Shopping
24884,1,20/01/2026,Maceio Shopping
24885,0,20/01/2026,Maceio Shopping
24886,0,20/01/2026,Maceio Shopping
24887,0,20/01/2026,Maceio Shopping
24888,0,20/01/2026,Maceio Shopping
24889,0,20/01/2026,Maceio Shopping
24891,0,20/01/2026,Maceio Shopping
24892,0,20/01/2026,Maceio Shopping
24894,0,20/01/2026,Maceio Shopping
24899,1,20/01/2026,Maceio Shopping
24900,0,20/01/2026,Maceio Shopping
24901,0,20/01/2026,Maceio Shopping
24923,0,20/01/2026,Maceio Shopping
24924,0,20/01/2026,Maceio Shopping
24925,0,20/01/2026,Maceio Shopping
24927,0,20/01/2026,Maceio Shopping
24928,0,20/01/2026,Maceio Shopping
24929,0,20/01/2026,Maceio Shopping
24930,0,20/01/2026,Maceio Shopping
24932,0,20/01/2026,Maceio Shopping
24933,0,20/01/2026,Maceio Shopping
24934,0,20/01/2026,Maceio Shopping
24935,0,20/01/2026,Maceio Shopping
24947,0,20/01/2026,Maceio Shopping
24948,0,20/01/2026,Maceio Shopping
24949,0,20/01/2026,Maceio Shopping
24950,0,20/01/2026,Maceio Shopping
24951,0,20/01/2026,Maceio Shopping
24952,0,20/01/2026,Maceio Shopping
24953,0,20/01/2026,Maceio Shopping
24954,0,20/01/2026,Maceio Shopping
24955,0,20/01/2026,Maceio Shopping
24956,0,20/01/2026,Maceio Shopping
24957,0,20/01/2026,Maceio Shopping
24958,0,20/01/2026,Maceio Shopping
24959,0,20/01/2026,Maceio Shopping
24960,0,20/01/2026,Maceio Shopping
24961,0,20/01/2026,Maceio Shopping
24962,0,20/01/2026,Maceio Shopping
24964,0,20/01/2026,Maceio Shopping
24965,0,20/01/2026,Maceio Shopping
24966,0,20/01/2026,Maceio Shopping
24967,0,20/01/2026,Maceio Shopping
24968,0,20/01/2026,Maceio Shopping
24969,0,20/01/2026,Maceio Shopping
24970,0,20/01/2026,Maceio Shopping
24971,0,20/01/2026,Maceio Shopping
24972,0,20/01/2026,Maceio Shopping
24973,0,20/01/2026,Maceio Shopping
24974,0,20/01/2026,Maceio Shopping
24975,0,20/01/2026,Maceio Shopping
24976,0,20/01/2026,Maceio Shopping
24977,0,20/01/2026,Maceio Shopping
24978,0,20/01/2026,Maceio Shopping
24979,0,20/01/2026,Maceio Shopping
24980,0,20/01/2026,Maceio Shopping
24981,0,20/01/2026,Maceio Shopping
24982,0,20/01/2026,Maceio Shopping
24983,0,20/01/2026,Maceio Shopping
24984,0,20/01/2026,Maceio Shopping
24985,0,20/01/2026,Maceio Shopping
24987,0,20/01/2026,Maceio Shopping
25007,0,20/01/2026,Maceio Shopping
25008,0,20/01/2026,Maceio Shopping
25011,0,20/01/2026,Maceio Shopping
25012,0,20/01/2026,Maceio Shopping
25013,0,20/01/2026,Maceio Shopping
25015,0,20/01/2026,Maceio Shopping
25018,0,20/01/2026,Maceio Shopping
25104,0,20/01/2026,Maceio Shopping
25160,2,20/01/2026,Maceio Shopping
25176,0,20/01/2026,Maceio Shopping
25178,0,20/01/2026,Maceio Shopping
25227,0,20/01/2026,Maceio Shopping
25228,0,20/01/2026,Maceio Shopping
25229,0,20/01/2026,Maceio Shopping
25232,0,20/01/2026,Maceio Shopping
25238,0,20/01/2026,Maceio Shopping
25247,0,20/01/2026,Maceio Shopping
25248,0,20/01/2026,Maceio Shopping
25259,0,20/01/2026,Maceio Shopping
25260,0,20/01/2026,Maceio Shopping
25261,0,20/01/2026,Maceio Shopping
25262,0,20/01/2026,Maceio Shopping
25263,1,20/01/2026,Maceio Shopping
25264,0,20/01/2026,Maceio Shopping
25265,0,20/01/2026,Maceio Shopping
25266,0,20/01/2026,Maceio Shopping
25267,0,20/01/2026,Maceio Shopping
25273,0,20/01/2026,Maceio Shopping
25288,0,20/01/2026,Maceio Shopping
25289,0,20/01/2026,Maceio Shopping
25330,0,20/01/2026,Maceio Shopping
25331,0,20/01/2026,Maceio Shopping
25368,0,20/01/2026,Maceio Shopping
25370,0,20/01/2026,Maceio Shopping
25371,0,20/01/2026,Maceio Shopping
25373,0,20/01/2026,Maceio Shopping
25378,0,20/01/2026,Maceio Shopping
25414,0,20/01/2026,Maceio Shopping
25415,0,20/01/2026,Maceio Shopping
25416,0,20/01/2026,Maceio Shopping
25418,0,20/01/2026,Maceio Shopping
25419,0,20/01/2026,Maceio Shopping
25420,0,20/01/2026,Maceio Shopping
25423,0,20/01/2026,Maceio Shopping
25424,0,20/01/2026,Maceio Shopping
25425,0,20/01/2026,Maceio Shopping
25426,0,20/01/2026,Maceio Shopping
25427,0,20/01/2026,Maceio Shopping
25428,0,20/01/2026,Maceio Shopping
25429,0,20/01/2026,Maceio Shopping
25430,0,20/01/2026,Maceio Shopping
25431,0,20/01/2026,Maceio Shopping
25432,0,20/01/2026,Maceio Shopping
25433,0,20/01/2026,Maceio Shopping
25434,0,20/01/2026,Maceio Shopping
25435,0,20/01/2026,Maceio Shopping
25437,0,20/01/2026,Maceio Shopping
25438,0,20/01/2026,Maceio Shopping
25440,0,20/01/2026,Maceio Shopping
25441,0,20/01/2026,Maceio Shopping
25442,0,20/01/2026,Maceio Shopping
25443,0,20/01/2026,Maceio Shopping
25444,0,20/01/2026,Maceio Shopping
25445,0,20/01/2026,Maceio Shopping
25447,0,20/01/2026,Maceio Shopping
25448,0,20/01/2026,Maceio Shopping
25449,1,20/01/2026,Maceio Shopping
25450,0,20/01/2026,Maceio Shopping
25451,0,20/01/2026,Maceio Shopping
25487,0,20/01/2026,Maceio Shopping
25488,0,20/01/2026,Maceio Shopping
25489,0,20/01/2026,Maceio Shopping
25490,0,20/01/2026,Maceio Shopping
25491,0,20/01/2026,Maceio Shopping
25492,3,20/01/2026,Maceio Shopping
25493,0,20/01/2026,Maceio Shopping
25494,0,20/01/2026,Maceio Shopping
25495,0,20/01/2026,Maceio Shopping
25499,0,20/01/2026,Maceio Shopping
25633,0,20/01/2026,Maceio Shopping
25634,0,20/01/2026,Maceio Shopping
25671,1,20/01/2026,Maceio Shopping
25718,0,20/01/2026,Maceio Shopping
25719,0,20/01/2026,Maceio Shopping
25720,0,20/01/2026,Maceio Shopping
25721,0,20/01/2026,Maceio Shopping
25722,0,20/01/2026,Maceio Shopping
25723,0,20/01/2026,Maceio Shopping
25724,0,20/01/2026,Maceio Shopping
25725,0,20/01/2026,Maceio Shopping
25726,0,20/01/2026,Maceio Shopping
25727,0,20/01/2026,Maceio Shopping
25728,0,20/01/2026,Maceio Shopping
25729,0,20/01/2026,Maceio Shopping
25730,0,20/01/2026,Maceio Shopping
25731,0,20/01/2026,Maceio Shopping
25732,0,20/01/2026,Maceio Shopping
25733,0,20/01/2026,Maceio Shopping
25734,0,20/01/2026,Maceio Shopping
25735,0,20/01/2026,Maceio Shopping
25736,0,20/01/2026,Maceio Shopping
25737,0,20/01/2026,Maceio Shopping
25738,0,20/01/2026,Maceio Shopping
25739,0,20/01/2026,Maceio Shopping
25740,0,20/01/2026,Maceio Shopping
25741,0,20/01/2026,Maceio Shopping
25742,0,20/01/2026,Maceio Shopping
25743,0,20/01/2026,Maceio Shopping
25744,0,20/01/2026,Maceio Shopping
25745,0,20/01/2026,Maceio Shopping
25746,0,20/01/2026,Maceio Shopping
25747,0,20/01/2026,Maceio Shopping
25748,0,20/01/2026,Maceio Shopping
25749,0,20/01/2026,Maceio Shopping
25750,0,20/01/2026,Maceio Shopping
25751,0,20/01/2026,Maceio Shopping
25752,0,20/01/2026,Maceio Shopping
25753,0,20/01/2026,Maceio Shopping
25755,0,20/01/2026,Maceio Shopping
25756,0,20/01/2026,Maceio Shopping
25757,0,20/01/2026,Maceio Shopping
25788,0,20/01/2026,Maceio Shopping
25796,0,20/01/2026,Maceio Shopping
25797,1,20/01/2026,Maceio Shopping
25800,0,20/01/2026,Maceio Shopping
25808,0,20/01/2026,Maceio Shopping
25810,0,20/01/2026,Maceio Shopping
25811,0,20/01/2026,Maceio Shopping
25812,0,20/01/2026,Maceio Shopping
25813,0,20/01/2026,Maceio Shopping
25814,0,20/01/2026,Maceio Shopping
25815,0,20/01/2026,Maceio Shopping
25816,0,20/01/2026,Maceio Shopping
25817,0,20/01/2026,Maceio Shopping
25818,0,20/01/2026,Maceio Shopping
25819,0,20/01/2026,Maceio Shopping
25831,0,20/01/2026,Maceio Shopping
25838,0,20/01/2026,Maceio Shopping
25840,0,20/01/2026,Maceio Shopping
25842,0,20/01/2026,Maceio Shopping
25846,0,20/01/2026,Maceio Shopping
25849,0,20/01/2026,Maceio Shopping
25854,0,20/01/2026,Maceio Shopping
25855,0,20/01/2026,Maceio Shopping
25856,0,20/01/2026,Maceio Shopping
25857,0,20/01/2026,Maceio Shopping
25858,0,20/01/2026,Maceio Shopping
25859,0,20/01/2026,Maceio Shopping
25860,0,20/01/2026,Maceio Shopping
25862,0,20/01/2026,Maceio Shopping
25868,0,20/01/2026,Maceio Shopping
25869,0,20/01/2026,Maceio Shopping
25880,0,20/01/2026,Maceio Shopping
25881,0,20/01/2026,Maceio Shopping
25883,0,20/01/2026,Maceio Shopping
26056,0,20/01/2026,Maceio Shopping
26057,0,20/01/2026,Maceio Shopping
26067,0,20/01/2026,Maceio Shopping
26092,0,20/01/2026,Maceio Shopping
26093,0,20/01/2026,Maceio Shopping
26094,1,20/01/2026,Maceio Shopping
26101,0,20/01/2026,Maceio Shopping
26131,0,20/01/2026,Maceio Shopping
26132,0,20/01/2026,Maceio Shopping
26139,0,20/01/2026,Maceio Shopping
26140,0,20/01/2026,Maceio Shopping
26177,0,20/01/2026,Maceio Shopping
26178,0,20/01/2026,Maceio Shopping
26179,0,20/01/2026,Maceio Shopping
26180,0,20/01/2026,Maceio Shopping
26181,0,20/01/2026,Maceio Shopping
26182,0,20/01/2026,Maceio Shopping
26183,0,20/01/2026,Maceio Shopping
26184,0,20/01/2026,Maceio Shopping
26185,0,20/01/2026,Maceio Shopping
26190,0,20/01/2026,Maceio Shopping
26202,0,20/01/2026,Maceio Shopping
26203,0,20/01/2026,Maceio Shopping
26204,0,20/01/2026,Maceio Shopping
26205,0,20/01/2026,Maceio Shopping
26206,0,20/01/2026,Maceio Shopping
26207,0,20/01/2026,Maceio Shopping
26208,0,20/01/2026,Maceio Shopping
26209,0,20/01/2026,Maceio Shopping
26210,0,20/01/2026,Maceio Shopping
26211,0,20/01/2026,Maceio Shopping
26212,0,20/01/2026,Maceio Shopping
26213,0,20/01/2026,Maceio Shopping
26214,0,20/01/2026,Maceio Shopping
26215,0,20/01/2026,Maceio Shopping
26216,0,20/01/2026,Maceio Shopping
26217,0,20/01/2026,Maceio Shopping
26218,0,20/01/2026,Maceio Shopping
26219,0,20/01/2026,Maceio Shopping
26220,0,20/01/2026,Maceio Shopping
26221,0,20/01/2026,Maceio Shopping
26243,0,20/01/2026,Maceio Shopping
26244,0,20/01/2026,Maceio Shopping
26245,0,20/01/2026,Maceio Shopping
26258,0,20/01/2026,Maceio Shopping
26260,0,20/01/2026,Maceio Shopping
26268,0,20/01/2026,Maceio Shopping
26269,0,20/01/2026,Maceio Shopping
26270,0,20/01/2026,Maceio Shopping
26275,0,20/01/2026,Maceio Shopping
26278,1,20/01/2026,Maceio Shopping
26294,0,20/01/2026,Maceio Shopping
26322,0,20/01/2026,Maceio Shopping
26326,0,20/01/2026,Maceio Shopping
26365,0,20/01/2026,Maceio Shopping
26366,0,20/01/2026,Maceio Shopping
26367,0,20/01/2026,Maceio Shopping
26368,0,20/01/2026,Maceio Shopping
26369,0,20/01/2026,Maceio Shopping
26370,0,20/01/2026,Maceio Shopping
26371,0,20/01/2026,Maceio Shopping
26372,0,20/01/2026,Maceio Shopping
26373,0,20/01/2026,Maceio Shopping
26374,1,20/01/2026,Maceio Shopping
26375,0,20/01/2026,Maceio Shopping
26376,0,20/01/2026,Maceio Shopping
26377,0,20/01/2026,Maceio Shopping
26378,0,20/01/2026,Maceio Shopping
26379,0,20/01/2026,Maceio Shopping
26380,0,20/01/2026,Maceio Shopping
26381,0,20/01/2026,Maceio Shopping
26382,0,20/01/2026,Maceio Shopping
26383,0,20/01/2026,Maceio Shopping
26384,0,20/01/2026,Maceio Shopping
26385,0,20/01/2026,Maceio Shopping
26386,0,20/01/2026,Maceio Shopping
26387,0,20/01/2026,Maceio Shopping
26388,0,20/01/2026,Maceio Shopping
26389,0,20/01/2026,Maceio Shopping
26399,0,20/01/2026,Maceio Shopping
26400,0,20/01/2026,Maceio Shopping
26401,0,20/01/2026,Maceio Shopping
26402,0,20/01/2026,Maceio Shopping
26403,0,20/01/2026,Maceio Shopping
26404,0,20/01/2026,Maceio Shopping
26405,0,20/01/2026,Maceio Shopping
26406,0,20/01/2026,Maceio Shopping
26407,0,20/01/2026,Maceio Shopping
26408,0,20/01/2026,Maceio Shopping
26409,0,20/01/2026,Maceio Shopping
26410,0,20/01/2026,Maceio Shopping
26411,0,20/01/2026,Maceio Shopping
26412,0,20/01/2026,Maceio Shopping
26413,0,20/01/2026,Maceio Shopping
26414,0,20/01/2026,Maceio Shopping
26415,0,20/01/2026,Maceio Shopping
26450,0,20/01/2026,Maceio Shopping
26583,0,20/01/2026,Maceio Shopping
26589,0,20/01/2026,Maceio Shopping
26590,0,20/01/2026,Maceio Shopping
26598,0,20/01/2026,Maceio Shopping
26599,0,20/01/2026,Maceio Shopping
26600,0,20/01/2026,Maceio Shopping
26601,0,20/01/2026,Maceio Shopping
26692,0,20/01/2026,Maceio Shopping
26721,0,20/01/2026,Maceio Shopping
26722,0,20/01/2026,Maceio Shopping
26723,0,20/01/2026,Maceio Shopping
26745,0,20/01/2026,Maceio Shopping
26746,0,20/01/2026,Maceio Shopping
26747,0,20/01/2026,Maceio Shopping
26748,0,20/01/2026,Maceio Shopping
26749,0,20/01/2026,Maceio Shopping
26750,0,20/01/2026,Maceio Shopping
26751,0,20/01/2026,Maceio Shopping
26752,0,20/01/2026,Maceio Shopping
26753,0,20/01/2026,Maceio Shopping
26754,0,20/01/2026,Maceio Shopping
26755,0,20/01/2026,Maceio Shopping
26756,0,20/01/2026,Maceio Shopping
26757,0,20/01/2026,Maceio Shopping
26758,0,20/01/2026,Maceio Shopping
26759,0,20/01/2026,Maceio Shopping
26760,0,20/01/2026,Maceio Shopping
26761,0,20/01/2026,Maceio Shopping
26762,0,20/01/2026,Maceio Shopping
26764,0,20/01/2026,Maceio Shopping
26766,0,20/01/2026,Maceio Shopping
26767,0,20/01/2026,Maceio Shopping
26768,0,20/01/2026,Maceio Shopping
26769,0,20/01/2026,Maceio Shopping
26815,0,20/01/2026,Maceio Shopping
26829,0,20/01/2026,Maceio Shopping
26842,1,20/01/2026,Maceio Shopping
26843,0,20/01/2026,Maceio Shopping
26844,0,20/01/2026,Maceio Shopping
26845,0,20/01/2026,Maceio Shopping
26923,0,20/01/2026,Maceio Shopping
26931,0,20/01/2026,Maceio Shopping
26932,0,20/01/2026,Maceio Shopping
26934,0,20/01/2026,Maceio Shopping
26935,0,20/01/2026,Maceio Shopping
26936,0,20/01/2026,Maceio Shopping
26938,0,20/01/2026,Maceio Shopping
26940,0,20/01/2026,Maceio Shopping
26942,0,20/01/2026,Maceio Shopping
26944,0,20/01/2026,Maceio Shopping
26945,0,20/01/2026,Maceio Shopping
26946,0,20/01/2026,Maceio Shopping
26947,0,20/01/2026,Maceio Shopping
26948,0,20/01/2026,Maceio Shopping
26949,0,20/01/2026,Maceio Shopping
26950,0,20/01/2026,Maceio Shopping
26951,0,20/01/2026,Maceio Shopping
26952,0,20/01/2026,Maceio Shopping
26953,0,20/01/2026,Maceio Shopping
26954,0,20/01/2026,Maceio Shopping
26955,0,20/01/2026,Maceio Shopping
26957,0,20/01/2026,Maceio Shopping
26958,0,20/01/2026,Maceio Shopping
26959,0,20/01/2026,Maceio Shopping
26960,0,20/01/2026,Maceio Shopping
26975,0,20/01/2026,Maceio Shopping
26978,0,20/01/2026,Maceio Shopping
26979,0,20/01/2026,Maceio Shopping
27003,0,20/01/2026,Maceio Shopping
27013,0,20/01/2026,Maceio Shopping
27017,0,20/01/2026,Maceio Shopping
27027,0,20/01/2026,Maceio Shopping
27028,0,20/01/2026,Maceio Shopping
27029,0,20/01/2026,Maceio Shopping
27030,0,20/01/2026,Maceio Shopping
27031,0,20/01/2026,Maceio Shopping
27032,0,20/01/2026,Maceio Shopping
27055,0,20/01/2026,Maceio Shopping
27056,0,20/01/2026,Maceio Shopping
27057,0,20/01/2026,Maceio Shopping
27058,0,20/01/2026,Maceio Shopping
27059,0,20/01/2026,Maceio Shopping
27060,0,20/01/2026,Maceio Shopping
27061,0,20/01/2026,Maceio Shopping
27062,0,20/01/2026,Maceio Shopping
27063,0,20/01/2026,Maceio Shopping
27064,0,20/01/2026,Maceio Shopping
27065,0,20/01/2026,Maceio Shopping
27066,0,20/01/2026,Maceio Shopping
27067,0,20/01/2026,Maceio Shopping
27068,0,20/01/2026,Maceio Shopping
27069,0,20/01/2026,Maceio Shopping
27070,0,20/01/2026,Maceio Shopping
27071,0,20/01/2026,Maceio Shopping
27072,0,20/01/2026,Maceio Shopping
27090,0,20/01/2026,Maceio Shopping
27097,0,20/01/2026,Maceio Shopping
27098,0,20/01/2026,Maceio Shopping
27108,0,20/01/2026,Maceio Shopping
27109,0,20/01/2026,Maceio Shopping
27110,0,20/01/2026,Maceio Shopping
27111,0,20/01/2026,Maceio Shopping
27112,0,20/01/2026,Maceio Shopping
27113,0,20/01/2026,Maceio Shopping
27114,0,20/01/2026,Maceio Shopping
27115,0,20/01/2026,Maceio Shopping
27116,0,20/01/2026,Maceio Shopping
27125,0,20/01/2026,Maceio Shopping
27130,0,20/01/2026,Maceio Shopping
27131,0,20/01/2026,Maceio Shopping
27132,0,20/01/2026,Maceio Shopping
27133,0,20/01/2026,Maceio Shopping
27184,0,20/01/2026,Maceio Shopping
27188,0,20/01/2026,Maceio Shopping
27189,0,20/01/2026,Maceio Shopping
27190,0,20/01/2026,Maceio Shopping
27191,0,20/01/2026,Maceio Shopping
27192,0,20/01/2026,Maceio Shopping
27193,0,20/01/2026,Maceio Shopping
27211,0,20/01/2026,Maceio Shopping
27219,0,20/01/2026,Maceio Shopping
27227,0,20/01/2026,Maceio Shopping
27229,0,20/01/2026,Maceio Shopping
27230,0,20/01/2026,Maceio Shopping
27231,0,20/01/2026,Maceio Shopping
27233,0,20/01/2026,Maceio Shopping
27234,0,20/01/2026,Maceio Shopping
27235,0,20/01/2026,Maceio Shopping
27238,0,20/01/2026,Maceio Shopping
27251,0,20/01/2026,Maceio Shopping
27252,0,20/01/2026,Maceio Shopping
27253,0,20/01/2026,Maceio Shopping
27254,0,20/01/2026,Maceio Shopping
27256,0,20/01/2026,Maceio Shopping
27257,0,20/01/2026,Maceio Shopping
27258,0,20/01/2026,Maceio Shopping
27259,0,20/01/2026,Maceio Shopping
27260,0,20/01/2026,Maceio Shopping
27261,0,20/01/2026,Maceio Shopping
27262,0,20/01/2026,Maceio Shopping
27263,0,20/01/2026,Maceio Shopping
27264,0,20/01/2026,Maceio Shopping
27265,0,20/01/2026,Maceio Shopping
27273,0,20/01/2026,Maceio Shopping
27274,0,20/01/2026,Maceio Shopping
27275,0,20/01/2026,Maceio Shopping
27276,0,20/01/2026,Maceio Shopping
27277,0,20/01/2026,Maceio Shopping
27278,0,20/01/2026,Maceio Shopping
27279,0,20/01/2026,Maceio Shopping
27280,0,20/01/2026,Maceio Shopping
27281,0,20/01/2026,Maceio Shopping
27282,0,20/01/2026,Maceio Shopping
27283,0,20/01/2026,Maceio Shopping
27284,0,20/01/2026,Maceio Shopping
27285,0,20/01/2026,Maceio Shopping
27286,0,20/01/2026,Maceio Shopping
27287,0,20/01/2026,Maceio Shopping
27449,0,20/01/2026,Maceio Shopping
27482,0,20/01/2026,Maceio Shopping
27483,0,20/01/2026,Maceio Shopping
27491,0,20/01/2026,Maceio Shopping
27495,0,20/01/2026,Maceio Shopping
27496,0,20/01/2026,Maceio Shopping
27497,0,20/01/2026,Maceio Shopping
27498,0,20/01/2026,Maceio Shopping
27509,0,20/01/2026,Maceio Shopping
27510,0,20/01/2026,Maceio Shopping
27511,0,20/01/2026,Maceio Shopping
27532,0,20/01/2026,Maceio Shopping
27533,0,20/01/2026,Maceio Shopping
27534,0,20/01/2026,Maceio Shopping
27535,0,20/01/2026,Maceio Shopping
27537,0,20/01/2026,Maceio Shopping
27538,0,20/01/2026,Maceio Shopping
27539,0,20/01/2026,Maceio Shopping
27540,0,20/01/2026,Maceio Shopping
27541,0,20/01/2026,Maceio Shopping
27551,0,20/01/2026,Maceio Shopping
27634,0,20/01/2026,Maceio Shopping
27660,0,20/01/2026,Maceio Shopping
27662,0,20/01/2026,Maceio Shopping
27669,0,20/01/2026,Maceio Shopping
27673,0,20/01/2026,Maceio Shopping
27715,0,20/01/2026,Maceio Shopping
27716,0,20/01/2026,Maceio Shopping
313,0,20/01/2026,Parque Shopping Bahia
322,0,20/01/2026,Parque Shopping Bahia
338,0,20/01/2026,Parque Shopping Bahia
341,0,20/01/2026,Parque Shopping Bahia
398,0,20/01/2026,Parque Shopping Bahia
610,0,20/01/2026,Parque Shopping Bahia
674,0,20/01/2026,Parque Shopping Bahia
727,0,20/01/2026,Parque Shopping Bahia
887,0,20/01/2026,Parque Shopping Bahia
888,0,20/01/2026,Parque Shopping Bahia
889,0,20/01/2026,Parque Shopping Bahia
890,0,20/01/2026,Parque Shopping Bahia
1049,0,20/01/2026,Parque Shopping Bahia
1100,0,20/01/2026,Parque Shopping Bahia
1109,2,20/01/2026,Parque Shopping Bahia
1119,0,20/01/2026,Parque Shopping Bahia
1276,0,20/01/2026,Parque Shopping Bahia
1277,0,20/01/2026,Parque Shopping Bahia
1362,0,20/01/2026,Parque Shopping Bahia
1363,0,20/01/2026,Parque Shopping Bahia
1367,0,20/01/2026,Parque Shopping Bahia
1368,0,20/01/2026,Parque Shopping Bahia
1405,3,20/01/2026,Parque Shopping Bahia
1438,0,20/01/2026,Parque Shopping Bahia
1499,0,20/01/2026,Parque Shopping Bahia
1526,0,20/01/2026,Parque Shopping Bahia
1712,0,20/01/2026,Parque Shopping Bahia
1941,0,20/01/2026,Parque Shopping Bahia
2197,0,20/01/2026,Parque Shopping Bahia
2200,0,20/01/2026,Parque Shopping Bahia
2202,0,20/01/2026,Parque Shopping Bahia
2207,0,20/01/2026,Parque Shopping Bahia
2208,0,20/01/2026,Parque Shopping Bahia
2217,0,20/01/2026,Parque Shopping Bahia
2398,0,20/01/2026,Parque Shopping Bahia
2403,0,20/01/2026,Parque Shopping Bahia
2617,0,20/01/2026,Parque Shopping Bahia
2646,0,20/01/2026,Parque Shopping Bahia
2693,0,20/01/2026,Parque Shopping Bahia
2697,0,20/01/2026,Parque Shopping Bahia
2721,0,20/01/2026,Parque Shopping Bahia
2723,0,20/01/2026,Parque Shopping Bahia
2725,0,20/01/2026,Parque Shopping Bahia
2811,0,20/01/2026,Parque Shopping Bahia
2842,0,20/01/2026,Parque Shopping Bahia
2844,0,20/01/2026,Parque Shopping Bahia
2845,0,20/01/2026,Parque Shopping Bahia
2867,0,20/01/2026,Parque Shopping Bahia
2881,0,20/01/2026,Parque Shopping Bahia
2930,0,20/01/2026,Parque Shopping Bahia
3056,1,20/01/2026,Parque Shopping Bahia
3065,0,20/01/2026,Parque Shopping Bahia
3099,0,20/01/2026,Parque Shopping Bahia
3147,0,20/01/2026,Parque Shopping Bahia
3190,0,20/01/2026,Parque Shopping Bahia
3406,0,20/01/2026,Parque Shopping Bahia
3462,0,20/01/2026,Parque Shopping Bahia
3532,0,20/01/2026,Parque Shopping Bahia
3533,3,20/01/2026,Parque Shopping Bahia
3554,0,20/01/2026,Parque Shopping Bahia
3555,2,20/01/2026,Parque Shopping Bahia
3556,0,20/01/2026,Parque Shopping Bahia
3573,0,20/01/2026,Parque Shopping Bahia
3746,0,20/01/2026,Parque Shopping Bahia
3747,0,20/01/2026,Parque Shopping Bahia
3751,0,20/01/2026,Parque Shopping Bahia
3800,2,20/01/2026,Parque Shopping Bahia
3823,0,20/01/2026,Parque Shopping Bahia
3825,0,20/01/2026,Parque Shopping Bahia
3871,0,20/01/2026,Parque Shopping Bahia
3882,2,20/01/2026,Parque Shopping Bahia
3901,0,20/01/2026,Parque Shopping Bahia
3904,0,20/01/2026,Parque Shopping Bahia
3905,0,20/01/2026,Parque Shopping Bahia
3906,0,20/01/2026,Parque Shopping Bahia
3969,2,20/01/2026,Parque Shopping Bahia
4028,2,20/01/2026,Parque Shopping Bahia
4030,0,20/01/2026,Parque Shopping Bahia
4031,0,20/01/2026,Parque Shopping Bahia
4032,0,20/01/2026,Parque Shopping Bahia
4033,0,20/01/2026,Parque Shopping Bahia
4034,0,20/01/2026,Parque Shopping Bahia
4035,0,20/01/2026,Parque Shopping Bahia
4054,0,20/01/2026,Parque Shopping Bahia
4111,0,20/01/2026,Parque Shopping Bahia
4112,0,20/01/2026,Parque Shopping Bahia
4113,0,20/01/2026,Parque Shopping Bahia
4114,0,20/01/2026,Parque Shopping Bahia
4140,0,20/01/2026,Parque Shopping Bahia
4141,0,20/01/2026,Parque Shopping Bahia
4147,0,20/01/2026,Parque Shopping Bahia
4148,0,20/01/2026,Parque Shopping Bahia
4149,0,20/01/2026,Parque Shopping Bahia
4160,0,20/01/2026,Parque Shopping Bahia
4310,0,20/01/2026,Parque Shopping Bahia
4312,1,20/01/2026,Parque Shopping Bahia
4325,0,20/01/2026,Parque Shopping Bahia
4347,0,20/01/2026,Parque Shopping Bahia
4348,1,20/01/2026,Parque Shopping Bahia
4349,3,20/01/2026,Parque Shopping Bahia
4350,0,20/01/2026,Parque Shopping Bahia
4351,0,20/01/2026,Parque Shopping Bahia
4352,2,20/01/2026,Parque Shopping Bahia
4353,2,20/01/2026,Parque Shopping Bahia
4354,0,20/01/2026,Parque Shopping Bahia
4355,0,20/01/2026,Parque Shopping Bahia
4356,0,20/01/2026,Parque Shopping Bahia
4357,0,20/01/2026,Parque Shopping Bahia
4358,0,20/01/2026,Parque Shopping Bahia
4359,0,20/01/2026,Parque Shopping Bahia
4362,2,20/01/2026,Parque Shopping Bahia
4363,2,20/01/2026,Parque Shopping Bahia
4364,0,20/01/2026,Parque Shopping Bahia
4365,2,20/01/2026,Parque Shopping Bahia
4366,0,20/01/2026,Parque Shopping Bahia
4367,2,20/01/2026,Parque Shopping Bahia
4368,0,20/01/2026,Parque Shopping Bahia
4372,0,20/01/2026,Parque Shopping Bahia
4380,1,20/01/2026,Parque Shopping Bahia
4382,0,20/01/2026,Parque Shopping Bahia
4395,2,20/01/2026,Parque Shopping Bahia
4434,0,20/01/2026,Parque Shopping Bahia
4456,1,20/01/2026,Parque Shopping Bahia
4457,0,20/01/2026,Parque Shopping Bahia
4459,0,20/01/2026,Parque Shopping Bahia
4460,2,20/01/2026,Parque Shopping Bahia
4497,2,20/01/2026,Parque Shopping Bahia
4499,0,20/01/2026,Parque Shopping Bahia
4550,0,20/01/2026,Parque Shopping Bahia
4600,0,20/01/2026,Parque Shopping Bahia
4658,2,20/01/2026,Parque Shopping Bahia
4660,0,20/01/2026,Parque Shopping Bahia
4687,0,20/01/2026,Parque Shopping Bahia
4688,0,20/01/2026,Parque Shopping Bahia
4700,0,20/01/2026,Parque Shopping Bahia
4725,1,20/01/2026,Parque Shopping Bahia
4726,1,20/01/2026,Parque Shopping Bahia
4727,1,20/01/2026,Parque Shopping Bahia
4728,2,20/01/2026,Parque Shopping Bahia
4750,0,20/01/2026,Parque Shopping Bahia
4882,0,20/01/2026,Parque Shopping Bahia
4980,0,20/01/2026,Parque Shopping Bahia
4981,2,20/01/2026,Parque Shopping Bahia
5049,1,20/01/2026,Parque Shopping Bahia
5702,1,20/01/2026,Parque Shopping Bahia
5703,0,20/01/2026,Parque Shopping Bahia
5704,1,20/01/2026,Parque Shopping Bahia
5705,0,20/01/2026,Parque Shopping Bahia
6332,0,20/01/2026,Parque Shopping Bahia
8144,1,20/01/2026,Parque Shopping Bahia
8145,0,20/01/2026,Parque Shopping Bahia
8146,1,20/01/2026,Parque Shopping Bahia
8152,0,20/01/2026,Parque Shopping Bahia
8153,2,20/01/2026,Parque Shopping Bahia
8154,3,20/01/2026,Parque Shopping Bahia
8155,0,20/01/2026,Parque Shopping Bahia
8156,0,20/01/2026,Parque Shopping Bahia
8157,3,20/01/2026,Parque Shopping Bahia
8158,2,20/01/2026,Parque Shopping Bahia
8159,0,20/01/2026,Parque Shopping Bahia
8520,1,20/01/2026,Parque Shopping Bahia
8521,1,20/01/2026,Parque Shopping Bahia
20715,0,20/01/2026,Parque Shopping Bahia
20716,0,20/01/2026,Parque Shopping Bahia
20717,0,20/01/2026,Parque Shopping Bahia
20718,0,20/01/2026,Parque Shopping Bahia
20719,0,20/01/2026,Parque Shopping Bahia
20720,0,20/01/2026,Parque Shopping Bahia
20721,0,20/01/2026,Parque Shopping Bahia
20722,3,20/01/2026,Parque Shopping Bahia
20723,2,20/01/2026,Parque Shopping Bahia
20737,2,20/01/2026,Parque Shopping Bahia
20755,1,20/01/2026,Parque Shopping Bahia
20790,0,20/01/2026,Parque Shopping Bahia
20791,0,20/01/2026,Parque Shopping Bahia
20792,0,20/01/2026,Parque Shopping Bahia
20793,0,20/01/2026,Parque Shopping Bahia
20833,0,20/01/2026,Parque Shopping Bahia
20834,0,20/01/2026,Parque Shopping Bahia
20875,2,20/01/2026,Parque Shopping Bahia
20877,0,20/01/2026,Parque Shopping Bahia
20990,0,20/01/2026,Parque Shopping Bahia
21069,2,20/01/2026,Parque Shopping Bahia
21080,0,20/01/2026,Parque Shopping Bahia
21113,0,20/01/2026,Parque Shopping Bahia
21143,0,20/01/2026,Parque Shopping Bahia
21144,0,20/01/2026,Parque Shopping Bahia
21145,0,20/01/2026,Parque Shopping Bahia
21146,0,20/01/2026,Parque Shopping Bahia
21147,0,20/01/2026,Parque Shopping Bahia
21148,0,20/01/2026,Parque Shopping Bahia
21149,2,20/01/2026,Parque Shopping Bahia
21190,0,20/01/2026,Parque Shopping Bahia
21191,0,20/01/2026,Parque Shopping Bahia
21227,0,20/01/2026,Parque Shopping Bahia
21255,0,20/01/2026,Parque Shopping Bahia
21267,2,20/01/2026,Parque Shopping Bahia
21279,0,20/01/2026,Parque Shopping Bahia
21286,2,20/01/2026,Parque Shopping Bahia
21288,0,20/01/2026,Parque Shopping Bahia
21289,0,20/01/2026,Parque Shopping Bahia
21290,2,20/01/2026,Parque Shopping Bahia
21291,0,20/01/2026,Parque Shopping Bahia
21295,3,20/01/2026,Parque Shopping Bahia
21296,2,20/01/2026,Parque Shopping Bahia
21299,1,20/01/2026,Parque Shopping Bahia
21300,0,20/01/2026,Parque Shopping Bahia
21309,1,20/01/2026,Parque Shopping Bahia
21311,1,20/01/2026,Parque Shopping Bahia
21312,1,20/01/2026,Parque Shopping Bahia
21313,0,20/01/2026,Parque Shopping Bahia
21314,2,20/01/2026,Parque Shopping Bahia
21315,2,20/01/2026,Parque Shopping Bahia
21316,3,20/01/2026,Parque Shopping Bahia
21317,2,20/01/2026,Parque Shopping Bahia
21383,0,20/01/2026,Parque Shopping Bahia
21414,1,20/01/2026,Parque Shopping Bahia
21458,1,20/01/2026,Parque Shopping Bahia
21462,1,20/01/2026,Parque Shopping Bahia
21463,0,20/01/2026,Parque Shopping Bahia
21464,1,20/01/2026,Parque Shopping Bahia
21466,0,20/01/2026,Parque Shopping Bahia
21467,1,20/01/2026,Parque Shopping Bahia
21492,0,20/01/2026,Parque Shopping Bahia
21510,2,20/01/2026,Parque Shopping Bahia
21511,3,20/01/2026,Parque Shopping Bahia
21512,1,20/01/2026,Parque Shopping Bahia
21513,3,20/01/2026,Parque Shopping Bahia
21514,1,20/01/2026,Parque Shopping Bahia
21547,0,20/01/2026,Parque Shopping Bahia
21557,3,20/01/2026,Parque Shopping Bahia
21574,0,20/01/2026,Parque Shopping Bahia
21575,0,20/01/2026,Parque Shopping Bahia
21576,0,20/01/2026,Parque Shopping Bahia
21581,0,20/01/2026,Parque Shopping Bahia
21582,0,20/01/2026,Parque Shopping Bahia
21583,2,20/01/2026,Parque Shopping Bahia
21601,0,20/01/2026,Parque Shopping Bahia
21613,0,20/01/2026,Parque Shopping Bahia
21614,0,20/01/2026,Parque Shopping Bahia
21682,0,20/01/2026,Parque Shopping Bahia
21691,2,20/01/2026,Parque Shopping Bahia
21694,0,20/01/2026,Parque Shopping Bahia
21696,2,20/01/2026,Parque Shopping Bahia
21697,0,20/01/2026,Parque Shopping Bahia
21698,4,20/01/2026,Parque Shopping Bahia
21703,0,20/01/2026,Parque Shopping Bahia
21704,0,20/01/2026,Parque Shopping Bahia
21710,0,20/01/2026,Parque Shopping Bahia
21717,0,20/01/2026,Parque Shopping Bahia
21718,0,20/01/2026,Parque Shopping Bahia
21719,0,20/01/2026,Parque Shopping Bahia
21875,0,20/01/2026,Parque Shopping Bahia
21876,0,20/01/2026,Parque Shopping Bahia
21905,1,20/01/2026,Parque Shopping Bahia
21909,0,20/01/2026,Parque Shopping Bahia
21910,0,20/01/2026,Parque Shopping Bahia
21911,0,20/01/2026,Parque Shopping Bahia
21912,1,20/01/2026,Parque Shopping Bahia
21913,2,20/01/2026,Parque Shopping Bahia
21914,1,20/01/2026,Parque Shopping Bahia
21915,3,20/01/2026,Parque Shopping Bahia
21917,0,20/01/2026,Parque Shopping Bahia
21918,0,20/01/2026,Parque Shopping Bahia
21919,0,20/01/2026,Parque Shopping Bahia
21920,2,20/01/2026,Parque Shopping Bahia
21921,2,20/01/2026,Parque Shopping Bahia
21923,2,20/01/2026,Parque Shopping Bahia
21924,0,20/01/2026,Parque Shopping Bahia
21925,0,20/01/2026,Parque Shopping Bahia
21926,0,20/01/2026,Parque Shopping Bahia
21927,1,20/01/2026,Parque Shopping Bahia
22000,0,20/01/2026,Parque Shopping Bahia
22001,0,20/01/2026,Parque Shopping Bahia
22002,0,20/01/2026,Parque Shopping Bahia
22101,0,20/01/2026,Parque Shopping Bahia
22102,0,20/01/2026,Parque Shopping Bahia
22103,0,20/01/2026,Parque Shopping Bahia
22114,2,20/01/2026,Parque Shopping Bahia
22191,2,20/01/2026,Parque Shopping Bahia
22278,0,20/01/2026,Parque Shopping Bahia
22306,0,20/01/2026,Parque Shopping Bahia
22307,0,20/01/2026,Parque Shopping Bahia
22308,0,20/01/2026,Parque Shopping Bahia
22403,0,20/01/2026,Parque Shopping Bahia
22417,0,20/01/2026,Parque Shopping Bahia
22476,0,20/01/2026,Parque Shopping Bahia
22477,0,20/01/2026,Parque Shopping Bahia
22482,0,20/01/2026,Parque Shopping Bahia
22487,0,20/01/2026,Parque Shopping Bahia
22492,0,20/01/2026,Parque Shopping Bahia
22504,0,20/01/2026,Parque Shopping Bahia
22515,0,20/01/2026,Parque Shopping Bahia
22547,0,20/01/2026,Parque Shopping Bahia
22578,0,20/01/2026,Parque Shopping Bahia
22589,0,20/01/2026,Parque Shopping Bahia
22590,0,20/01/2026,Parque Shopping Bahia
22595,0,20/01/2026,Parque Shopping Bahia
22597,0,20/01/2026,Parque Shopping Bahia
22598,0,20/01/2026,Parque Shopping Bahia
22642,0,20/01/2026,Parque Shopping Bahia
22666,0,20/01/2026,Parque Shopping Bahia
22667,1,20/01/2026,Parque Shopping Bahia
22668,0,20/01/2026,Parque Shopping Bahia
22756,3,20/01/2026,Parque Shopping Bahia
22850,0,20/01/2026,Parque Shopping Bahia
22854,0,20/01/2026,Parque Shopping Bahia
22859,2,20/01/2026,Parque Shopping Bahia
22870,0,20/01/2026,Parque Shopping Bahia
22883,0,20/01/2026,Parque Shopping Bahia
22922,0,20/01/2026,Parque Shopping Bahia
22923,0,20/01/2026,Parque Shopping Bahia
22980,0,20/01/2026,Parque Shopping Bahia
22985,0,20/01/2026,Parque Shopping Bahia
22987,0,20/01/2026,Parque Shopping Bahia
22988,0,20/01/2026,Parque Shopping Bahia
22990,0,20/01/2026,Parque Shopping Bahia
23003,1,20/01/2026,Parque Shopping Bahia
23004,0,20/01/2026,Parque Shopping Bahia
23005,0,20/01/2026,Parque Shopping Bahia
23006,0,20/01/2026,Parque Shopping Bahia
23007,0,20/01/2026,Parque Shopping Bahia
23008,0,20/01/2026,Parque Shopping Bahia
23010,0,20/01/2026,Parque Shopping Bahia
23011,0,20/01/2026,Parque Shopping Bahia
23012,0,20/01/2026,Parque Shopping Bahia
23013,0,20/01/2026,Parque Shopping Bahia
23014,0,20/01/2026,Parque Shopping Bahia
23015,0,20/01/2026,Parque Shopping Bahia
23016,0,20/01/2026,Parque Shopping Bahia
23017,0,20/01/2026,Parque Shopping Bahia
23018,0,20/01/2026,Parque Shopping Bahia
23019,0,20/01/2026,Parque Shopping Bahia
23020,0,20/01/2026,Parque Shopping Bahia
23023,0,20/01/2026,Parque Shopping Bahia
23024,0,20/01/2026,Parque Shopping Bahia
23061,0,20/01/2026,Parque Shopping Bahia
23062,0,20/01/2026,Parque Shopping Bahia
23063,2,20/01/2026,Parque Shopping Bahia
23064,0,20/01/2026,Parque Shopping Bahia
23065,2,20/01/2026,Parque Shopping Bahia
23066,0,20/01/2026,Parque Shopping Bahia
23067,2,20/01/2026,Parque Shopping Bahia
23082,0,20/01/2026,Parque Shopping Bahia
23083,2,20/01/2026,Parque Shopping Bahia
23158,0,20/01/2026,Parque Shopping Bahia
23186,0,20/01/2026,Parque Shopping Bahia
23189,2,20/01/2026,Parque Shopping Bahia
23217,0,20/01/2026,Parque Shopping Bahia
23218,0,20/01/2026,Parque Shopping Bahia
23224,0,20/01/2026,Parque Shopping Bahia
23234,0,20/01/2026,Parque Shopping Bahia
23264,0,20/01/2026,Parque Shopping Bahia
23265,0,20/01/2026,Parque Shopping Bahia
23266,0,20/01/2026,Parque Shopping Bahia
23267,0,20/01/2026,Parque Shopping Bahia
23268,0,20/01/2026,Parque Shopping Bahia
23269,0,20/01/2026,Parque Shopping Bahia
23270,0,20/01/2026,Parque Shopping Bahia
23271,0,20/01/2026,Parque Shopping Bahia
23273,0,20/01/2026,Parque Shopping Bahia
23277,0,20/01/2026,Parque Shopping Bahia
23284,3,20/01/2026,Parque Shopping Bahia
23285,3,20/01/2026,Parque Shopping Bahia
23286,2,20/01/2026,Parque Shopping Bahia
23321,0,20/01/2026,Parque Shopping Bahia
23323,0,20/01/2026,Parque Shopping Bahia
23325,0,20/01/2026,Parque Shopping Bahia
23341,2,20/01/2026,Parque Shopping Bahia
23342,2,20/01/2026,Parque Shopping Bahia
23364,0,20/01/2026,Parque Shopping Bahia
23376,0,20/01/2026,Parque Shopping Bahia
23397,0,20/01/2026,Parque Shopping Bahia
23443,0,20/01/2026,Parque Shopping Bahia
23461,0,20/01/2026,Parque Shopping Bahia
23472,0,20/01/2026,Parque Shopping Bahia
23473,0,20/01/2026,Parque Shopping Bahia
23476,0,20/01/2026,Parque Shopping Bahia
23590,2,20/01/2026,Parque Shopping Bahia
23703,0,20/01/2026,Parque Shopping Bahia
23714,0,20/01/2026,Parque Shopping Bahia
23715,0,20/01/2026,Parque Shopping Bahia
23716,0,20/01/2026,Parque Shopping Bahia
23717,0,20/01/2026,Parque Shopping Bahia
23718,0,20/01/2026,Parque Shopping Bahia
23719,0,20/01/2026,Parque Shopping Bahia
23720,0,20/01/2026,Parque Shopping Bahia
23725,0,20/01/2026,Parque Shopping Bahia
23726,0,20/01/2026,Parque Shopping Bahia
23727,0,20/01/2026,Parque Shopping Bahia
23728,0,20/01/2026,Parque Shopping Bahia
23730,0,20/01/2026,Parque Shopping Bahia
23731,0,20/01/2026,Parque Shopping Bahia
23737,0,20/01/2026,Parque Shopping Bahia
23738,0,20/01/2026,Parque Shopping Bahia
23739,0,20/01/2026,Parque Shopping Bahia
23740,0,20/01/2026,Parque Shopping Bahia
23741,0,20/01/2026,Parque Shopping Bahia
23742,0,20/01/2026,Parque Shopping Bahia
23744,0,20/01/2026,Parque Shopping Bahia
23745,0,20/01/2026,Parque Shopping Bahia
23746,0,20/01/2026,Parque Shopping Bahia
23747,0,20/01/2026,Parque Shopping Bahia
23748,0,20/01/2026,Parque Shopping Bahia
23755,0,20/01/2026,Parque Shopping Bahia
23807,0,20/01/2026,Parque Shopping Bahia
23810,0,20/01/2026,Parque Shopping Bahia
23814,0,20/01/2026,Parque Shopping Bahia
23817,0,20/01/2026,Parque Shopping Bahia
23818,0,20/01/2026,Parque Shopping Bahia
23819,0,20/01/2026,Parque Shopping Bahia
23820,0,20/01/2026,Parque Shopping Bahia
23821,0,20/01/2026,Parque Shopping Bahia
23822,0,20/01/2026,Parque Shopping Bahia
23827,0,20/01/2026,Parque Shopping Bahia
23828,0,20/01/2026,Parque Shopping Bahia
23829,0,20/01/2026,Parque Shopping Bahia
23830,0,20/01/2026,Parque Shopping Bahia
23887,0,20/01/2026,Parque Shopping Bahia
23893,0,20/01/2026,Parque Shopping Bahia
23894,0,20/01/2026,Parque Shopping Bahia
23895,2,20/01/2026,Parque Shopping Bahia
23896,0,20/01/2026,Parque Shopping Bahia
23897,1,20/01/2026,Parque Shopping Bahia
23898,1,20/01/2026,Parque Shopping Bahia
23899,1,20/01/2026,Parque Shopping Bahia
23900,1,20/01/2026,Parque Shopping Bahia
23901,1,20/01/2026,Parque Shopping Bahia
23902,0,20/01/2026,Parque Shopping Bahia
23903,1,20/01/2026,Parque Shopping Bahia
23904,0,20/01/2026,Parque Shopping Bahia
23905,1,20/01/2026,Parque Shopping Bahia
23906,2,20/01/2026,Parque Shopping Bahia
23907,2,20/01/2026,Parque Shopping Bahia
23908,0,20/01/2026,Parque Shopping Bahia
23909,2,20/01/2026,Parque Shopping Bahia
23910,2,20/01/2026,Parque Shopping Bahia
23911,2,20/01/2026,Parque Shopping Bahia
23912,2,20/01/2026,Parque Shopping Bahia
23913,0,20/01/2026,Parque Shopping Bahia
23914,1,20/01/2026,Parque Shopping Bahia
23915,3,20/01/2026,Parque Shopping Bahia
23916,1,20/01/2026,Parque Shopping Bahia
23917,0,20/01/2026,Parque Shopping Bahia
23918,2,20/01/2026,Parque Shopping Bahia
23919,0,20/01/2026,Parque Shopping Bahia
23920,0,20/01/2026,Parque Shopping Bahia
23921,1,20/01/2026,Parque Shopping Bahia
23922,2,20/01/2026,Parque Shopping Bahia
23923,2,20/01/2026,Parque Shopping Bahia
23924,2,20/01/2026,Parque Shopping Bahia
23925,1,20/01/2026,Parque Shopping Bahia
23926,2,20/01/2026,Parque Shopping Bahia
23927,0,20/01/2026,Parque Shopping Bahia
23928,2,20/01/2026,Parque Shopping Bahia
23929,2,20/01/2026,Parque Shopping Bahia
23930,0,20/01/2026,Parque Shopping Bahia
23931,0,20/01/2026,Parque Shopping Bahia
23932,0,20/01/2026,Parque Shopping Bahia
23934,1,20/01/2026,Parque Shopping Bahia
23935,0,20/01/2026,Parque Shopping Bahia
23936,2,20/01/2026,Parque Shopping Bahia
23937,0,20/01/2026,Parque Shopping Bahia
23938,1,20/01/2026,Parque Shopping Bahia
23939,0,20/01/2026,Parque Shopping Bahia
23940,2,20/01/2026,Parque Shopping Bahia
23941,0,20/01/2026,Parque Shopping Bahia
23942,1,20/01/2026,Parque Shopping Bahia
23943,2,20/01/2026,Parque Shopping Bahia
23944,1,20/01/2026,Parque Shopping Bahia
23945,3,20/01/2026,Parque Shopping Bahia
23946,1,20/01/2026,Parque Shopping Bahia
23947,0,20/01/2026,Parque Shopping Bahia
23948,1,20/01/2026,Parque Shopping Bahia
23949,1,20/01/2026,Parque Shopping Bahia
23950,2,20/01/2026,Parque Shopping Bahia
23951,1,20/01/2026,Parque Shopping Bahia
23952,0,20/01/2026,Parque Shopping Bahia
23953,0,20/01/2026,Parque Shopping Bahia
23954,0,20/01/2026,Parque Shopping Bahia
23955,3,20/01/2026,Parque Shopping Bahia
23956,2,20/01/2026,Parque Shopping Bahia
23958,0,20/01/2026,Parque Shopping Bahia
23960,2,20/01/2026,Parque Shopping Bahia
23961,1,20/01/2026,Parque Shopping Bahia
23962,2,20/01/2026,Parque Shopping Bahia
23963,1,20/01/2026,Parque Shopping Bahia
23964,1,20/01/2026,Parque Shopping Bahia
23965,1,20/01/2026,Parque Shopping Bahia
23966,2,20/01/2026,Parque Shopping Bahia
23967,0,20/01/2026,Parque Shopping Bahia
23968,1,20/01/2026,Parque Shopping Bahia
23969,0,20/01/2026,Parque Shopping Bahia
23970,1,20/01/2026,Parque Shopping Bahia
23971,1,20/01/2026,Parque Shopping Bahia
23972,2,20/01/2026,Parque Shopping Bahia
23973,2,20/01/2026,Parque Shopping Bahia
23974,2,20/01/2026,Parque Shopping Bahia
23975,1,20/01/2026,Parque Shopping Bahia
23976,1,20/01/2026,Parque Shopping Bahia
23977,1,20/01/2026,Parque Shopping Bahia
23978,2,20/01/2026,Parque Shopping Bahia
23979,0,20/01/2026,Parque Shopping Bahia
23980,3,20/01/2026,Parque Shopping Bahia
23981,2,20/01/2026,Parque Shopping Bahia
23982,2,20/01/2026,Parque Shopping Bahia
23983,2,20/01/2026,Parque Shopping Bahia
23984,0,20/01/2026,Parque Shopping Bahia
23985,3,20/01/2026,Parque Shopping Bahia
23986,0,20/01/2026,Parque Shopping Bahia
23987,0,20/01/2026,Parque Shopping Bahia
23988,2,20/01/2026,Parque Shopping Bahia
23989,0,20/01/2026,Parque Shopping Bahia
23990,1,20/01/2026,Parque Shopping Bahia
23991,0,20/01/2026,Parque Shopping Bahia
23992,0,20/01/2026,Parque Shopping Bahia
23993,2,20/01/2026,Parque Shopping Bahia
23994,1,20/01/2026,Parque Shopping Bahia
23995,0,20/01/2026,Parque Shopping Bahia
23996,1,20/01/2026,Parque Shopping Bahia
23997,2,20/01/2026,Parque Shopping Bahia
23998,1,20/01/2026,Parque Shopping Bahia
24000,0,20/01/2026,Parque Shopping Bahia
24001,1,20/01/2026,Parque Shopping Bahia
24002,0,20/01/2026,Parque Shopping Bahia
24003,1,20/01/2026,Parque Shopping Bahia
24004,1,20/01/2026,Parque Shopping Bahia
24005,1,20/01/2026,Parque Shopping Bahia
24006,0,20/01/2026,Parque Shopping Bahia
24007,0,20/01/2026,Parque Shopping Bahia
24008,0,20/01/2026,Parque Shopping Bahia
24009,0,20/01/2026,Parque Shopping Bahia
24010,0,20/01/2026,Parque Shopping Bahia
24011,3,20/01/2026,Parque Shopping Bahia
24012,0,20/01/2026,Parque Shopping Bahia
24013,0,20/01/2026,Parque Shopping Bahia
24014,0,20/01/2026,Parque Shopping Bahia
24015,0,20/01/2026,Parque Shopping Bahia
24016,1,20/01/2026,Parque Shopping Bahia
24017,0,20/01/2026,Parque Shopping Bahia
24018,0,20/01/2026,Parque Shopping Bahia
24019,0,20/01/2026,Parque Shopping Bahia
24021,1,20/01/2026,Parque Shopping Bahia
24022,0,20/01/2026,Parque Shopping Bahia
24023,0,20/01/2026,Parque Shopping Bahia
24024,1,20/01/2026,Parque Shopping Bahia
24025,2,20/01/2026,Parque Shopping Bahia
24026,1,20/01/2026,Parque Shopping Bahia
24027,1,20/01/2026,Parque Shopping Bahia
24028,0,20/01/2026,Parque Shopping Bahia
24029,2,20/01/2026,Parque Shopping Bahia
24030,1,20/01/2026,Parque Shopping Bahia
24031,2,20/01/2026,Parque Shopping Bahia
24032,0,20/01/2026,Parque Shopping Bahia
24033,3,20/01/2026,Parque Shopping Bahia
24036,0,20/01/2026,Parque Shopping Bahia
24037,0,20/01/2026,Parque Shopping Bahia
24100,0,20/01/2026,Parque Shopping Bahia
24101,2,20/01/2026,Parque Shopping Bahia
24102,1,20/01/2026,Parque Shopping Bahia
24103,2,20/01/2026,Parque Shopping Bahia
24104,2,20/01/2026,Parque Shopping Bahia
24105,1,20/01/2026,Parque Shopping Bahia
24106,2,20/01/2026,Parque Shopping Bahia
24107,2,20/01/2026,Parque Shopping Bahia
24108,2,20/01/2026,Parque Shopping Bahia
24109,2,20/01/2026,Parque Shopping Bahia
24110,3,20/01/2026,Parque Shopping Bahia
24111,2,20/01/2026,Parque Shopping Bahia
24112,2,20/01/2026,Parque Shopping Bahia
24113,2,20/01/2026,Parque Shopping Bahia
24115,0,20/01/2026,Parque Shopping Bahia
24116,1,20/01/2026,Parque Shopping Bahia
24117,1,20/01/2026,Parque Shopping Bahia
24118,0,20/01/2026,Parque Shopping Bahia
24119,0,20/01/2026,Parque Shopping Bahia
24120,2,20/01/2026,Parque Shopping Bahia
24121,2,20/01/2026,Parque Shopping Bahia
24122,2,20/01/2026,Parque Shopping Bahia
24123,1,20/01/2026,Parque Shopping Bahia
24124,0,20/01/2026,Parque Shopping Bahia
24125,1,20/01/2026,Parque Shopping Bahia
24126,0,20/01/2026,Parque Shopping Bahia
24127,0,20/01/2026,Parque Shopping Bahia
24128,0,20/01/2026,Parque Shopping Bahia
24129,0,20/01/2026,Parque Shopping Bahia
24130,0,20/01/2026,Parque Shopping Bahia
24131,0,20/01/2026,Parque Shopping Bahia
24134,0,20/01/2026,Parque Shopping Bahia
24135,0,20/01/2026,Parque Shopping Bahia
24136,1,20/01/2026,Parque Shopping Bahia
24137,3,20/01/2026,Parque Shopping Bahia
24140,1,20/01/2026,Parque Shopping Bahia
24142,0,20/01/2026,Parque Shopping Bahia
24149,0,20/01/2026,Parque Shopping Bahia
24154,1,20/01/2026,Parque Shopping Bahia
24158,0,20/01/2026,Parque Shopping Bahia
24159,0,20/01/2026,Parque Shopping Bahia
24160,1,20/01/2026,Parque Shopping Bahia
24163,0,20/01/2026,Parque Shopping Bahia
24164,0,20/01/2026,Parque Shopping Bahia
24165,0,20/01/2026,Parque Shopping Bahia
24166,1,20/01/2026,Parque Shopping Bahia
24167,0,20/01/2026,Parque Shopping Bahia
24168,0,20/01/2026,Parque Shopping Bahia
24169,1,20/01/2026,Parque Shopping Bahia
24170,2,20/01/2026,Parque Shopping Bahia
24171,0,20/01/2026,Parque Shopping Bahia
24172,0,20/01/2026,Parque Shopping Bahia
24173,0,20/01/2026,Parque Shopping Bahia
24174,0,20/01/2026,Parque Shopping Bahia
24176,0,20/01/2026,Parque Shopping Bahia
24177,0,20/01/2026,Parque Shopping Bahia
24178,0,20/01/2026,Parque Shopping Bahia
24179,0,20/01/2026,Parque Shopping Bahia
24180,0,20/01/2026,Parque Shopping Bahia
24188,0,20/01/2026,Parque Shopping Bahia
24200,0,20/01/2026,Parque Shopping Bahia
24204,1,20/01/2026,Parque Shopping Bahia
24219,0,20/01/2026,Parque Shopping Bahia
24220,0,20/01/2026,Parque Shopping Bahia
24221,0,20/01/2026,Parque Shopping Bahia
24234,0,20/01/2026,Parque Shopping Bahia
24238,0,20/01/2026,Parque Shopping Bahia
24324,3,20/01/2026,Parque Shopping Bahia
24325,3,20/01/2026,Parque Shopping Bahia
24326,2,20/01/2026,Parque Shopping Bahia
24327,1,20/01/2026,Parque Shopping Bahia
24328,1,20/01/2026,Parque Shopping Bahia
24329,1,20/01/2026,Parque Shopping Bahia
24330,0,20/01/2026,Parque Shopping Bahia
24344,0,20/01/2026,Parque Shopping Bahia
24387,2,20/01/2026,Parque Shopping Bahia
24401,3,20/01/2026,Parque Shopping Bahia
24412,0,20/01/2026,Parque Shopping Bahia
24413,2,20/01/2026,Parque Shopping Bahia
24415,0,20/01/2026,Parque Shopping Bahia
24416,0,20/01/2026,Parque Shopping Bahia
24417,0,20/01/2026,Parque Shopping Bahia
24418,0,20/01/2026,Parque Shopping Bahia
24419,0,20/01/2026,Parque Shopping Bahia
24421,2,20/01/2026,Parque Shopping Bahia
24422,0,20/01/2026,Parque Shopping Bahia
24423,0,20/01/2026,Parque Shopping Bahia
24424,0,20/01/2026,Parque Shopping Bahia
24426,1,20/01/2026,Parque Shopping Bahia
24427,0,20/01/2026,Parque Shopping Bahia
24428,0,20/01/2026,Parque Shopping Bahia
24429,0,20/01/2026,Parque Shopping Bahia
24430,1,20/01/2026,Parque Shopping Bahia
24431,3,20/01/2026,Parque Shopping Bahia
24432,1,20/01/2026,Parque Shopping Bahia
24433,0,20/01/2026,Parque Shopping Bahia
24435,1,20/01/2026,Parque Shopping Bahia
24436,0,20/01/2026,Parque Shopping Bahia
24438,3,20/01/2026,Parque Shopping Bahia
24439,0,20/01/2026,Parque Shopping Bahia
24442,0,20/01/2026,Parque Shopping Bahia
24443,0,20/01/2026,Parque Shopping Bahia
24445,0,20/01/2026,Parque Shopping Bahia
24446,0,20/01/2026,Parque Shopping Bahia
24447,2,20/01/2026,Parque Shopping Bahia
24448,0,20/01/2026,Parque Shopping Bahia
24449,0,20/01/2026,Parque Shopping Bahia
24450,0,20/01/2026,Parque Shopping Bahia
24452,0,20/01/2026,Parque Shopping Bahia
24454,1,20/01/2026,Parque Shopping Bahia
24455,0,20/01/2026,Parque Shopping Bahia
24469,0,20/01/2026,Parque Shopping Bahia
24470,0,20/01/2026,Parque Shopping Bahia
24533,2,20/01/2026,Parque Shopping Bahia
24534,2,20/01/2026,Parque Shopping Bahia
24579,2,20/01/2026,Parque Shopping Bahia
24580,0,20/01/2026,Parque Shopping Bahia
24581,0,20/01/2026,Parque Shopping Bahia
24582,1,20/01/2026,Parque Shopping Bahia
24583,1,20/01/2026,Parque Shopping Bahia
24584,0,20/01/2026,Parque Shopping Bahia
24585,0,20/01/2026,Parque Shopping Bahia
24586,2,20/01/2026,Parque Shopping Bahia
24587,1,20/01/2026,Parque Shopping Bahia
24588,2,20/01/2026,Parque Shopping Bahia
24589,2,20/01/2026,Parque Shopping Bahia
24590,1,20/01/2026,Parque Shopping Bahia
24591,0,20/01/2026,Parque Shopping Bahia
24592,0,20/01/2026,Parque Shopping Bahia
24593,0,20/01/2026,Parque Shopping Bahia
24594,0,20/01/2026,Parque Shopping Bahia
24595,0,20/01/2026,Parque Shopping Bahia
24596,1,20/01/2026,Parque Shopping Bahia
24597,0,20/01/2026,Parque Shopping Bahia
24598,0,20/01/2026,Parque Shopping Bahia
24599,0,20/01/2026,Parque Shopping Bahia
24600,0,20/01/2026,Parque Shopping Bahia
24601,0,20/01/2026,Parque Shopping Bahia
24602,0,20/01/2026,Parque Shopping Bahia
24603,0,20/01/2026,Parque Shopping Bahia
24604,1,20/01/2026,Parque Shopping Bahia
24605,1,20/01/2026,Parque Shopping Bahia
24606,0,20/01/2026,Parque Shopping Bahia
24607,0,20/01/2026,Parque Shopping Bahia
24608,2,20/01/2026,Parque Shopping Bahia
24609,1,20/01/2026,Parque Shopping Bahia
24610,1,20/01/2026,Parque Shopping Bahia
24611,1,20/01/2026,Parque Shopping Bahia
24612,1,20/01/2026,Parque Shopping Bahia
24613,1,20/01/2026,Parque Shopping Bahia
24614,1,20/01/2026,Parque Shopping Bahia
24615,1,20/01/2026,Parque Shopping Bahia
24616,1,20/01/2026,Parque Shopping Bahia
24617,1,20/01/2026,Parque Shopping Bahia
24618,1,20/01/2026,Parque Shopping Bahia
24619,2,20/01/2026,Parque Shopping Bahia
24620,2,20/01/2026,Parque Shopping Bahia
24621,2,20/01/2026,Parque Shopping Bahia
24622,0,20/01/2026,Parque Shopping Bahia
24623,0,20/01/2026,Parque Shopping Bahia
24624,0,20/01/2026,Parque Shopping Bahia
24625,1,20/01/2026,Parque Shopping Bahia
24626,0,20/01/2026,Parque Shopping Bahia
24627,0,20/01/2026,Parque Shopping Bahia
24628,0,20/01/2026,Parque Shopping Bahia
24629,0,20/01/2026,Parque Shopping Bahia
24630,0,20/01/2026,Parque Shopping Bahia
24631,1,20/01/2026,Parque Shopping Bahia
24632,1,20/01/2026,Parque Shopping Bahia
24633,0,20/01/2026,Parque Shopping Bahia
24634,0,20/01/2026,Parque Shopping Bahia
24635,0,20/01/2026,Parque Shopping Bahia
24653,0,20/01/2026,Parque Shopping Bahia
24682,0,20/01/2026,Parque Shopping Bahia
24690,1,20/01/2026,Parque Shopping Bahia
24693,2,20/01/2026,Parque Shopping Bahia
24714,1,20/01/2026,Parque Shopping Bahia
24722,0,20/01/2026,Parque Shopping Bahia
24739,0,20/01/2026,Parque Shopping Bahia
24757,0,20/01/2026,Parque Shopping Bahia
24765,0,20/01/2026,Parque Shopping Bahia
24766,0,20/01/2026,Parque Shopping Bahia
24767,0,20/01/2026,Parque Shopping Bahia
24768,1,20/01/2026,Parque Shopping Bahia
24786,3,20/01/2026,Parque Shopping Bahia
24806,2,20/01/2026,Parque Shopping Bahia
24808,2,20/01/2026,Parque Shopping Bahia
24809,1,20/01/2026,Parque Shopping Bahia
24811,2,20/01/2026,Parque Shopping Bahia
24812,1,20/01/2026,Parque Shopping Bahia
24814,2,20/01/2026,Parque Shopping Bahia
24874,0,20/01/2026,Parque Shopping Bahia
24875,0,20/01/2026,Parque Shopping Bahia
24876,0,20/01/2026,Parque Shopping Bahia
24877,0,20/01/2026,Parque Shopping Bahia
24878,0,20/01/2026,Parque Shopping Bahia
24879,0,20/01/2026,Parque Shopping Bahia
24880,0,20/01/2026,Parque Shopping Bahia
24881,0,20/01/2026,Parque Shopping Bahia
24882,0,20/01/2026,Parque Shopping Bahia
24883,0,20/01/2026,Parque Shopping Bahia
24884,0,20/01/2026,Parque Shopping Bahia
24885,0,20/01/2026,Parque Shopping Bahia
24886,0,20/01/2026,Parque Shopping Bahia
24887,0,20/01/2026,Parque Shopping Bahia
24888,1,20/01/2026,Parque Shopping Bahia
24889,0,20/01/2026,Parque Shopping Bahia
24891,1,20/01/2026,Parque Shopping Bahia
24892,0,20/01/2026,Parque Shopping Bahia
24894,2,20/01/2026,Parque Shopping Bahia
24899,3,20/01/2026,Parque Shopping Bahia
24900,1,20/01/2026,Parque Shopping Bahia
24901,2,20/01/2026,Parque Shopping Bahia
24923,0,20/01/2026,Parque Shopping Bahia
24924,2,20/01/2026,Parque Shopping Bahia
24925,1,20/01/2026,Parque Shopping Bahia
24927,1,20/01/2026,Parque Shopping Bahia
24928,1,20/01/2026,Parque Shopping Bahia
24929,1,20/01/2026,Parque Shopping Bahia
24930,2,20/01/2026,Parque Shopping Bahia
24932,2,20/01/2026,Parque Shopping Bahia
24933,2,20/01/2026,Parque Shopping Bahia
24934,2,20/01/2026,Parque Shopping Bahia
24935,2,20/01/2026,Parque Shopping Bahia
24947,2,20/01/2026,Parque Shopping Bahia
24948,2,20/01/2026,Parque Shopping Bahia
24949,1,20/01/2026,Parque Shopping Bahia
24950,2,20/01/2026,Parque Shopping Bahia
24951,1,20/01/2026,Parque Shopping Bahia
24952,2,20/01/2026,Parque Shopping Bahia
24953,2,20/01/2026,Parque Shopping Bahia
24954,2,20/01/2026,Parque Shopping Bahia
24955,2,20/01/2026,Parque Shopping Bahia
24956,2,20/01/2026,Parque Shopping Bahia
24957,2,20/01/2026,Parque Shopping Bahia
24958,2,20/01/2026,Parque Shopping Bahia
24959,1,20/01/2026,Parque Shopping Bahia
24960,2,20/01/2026,Parque Shopping Bahia
24961,1,20/01/2026,Parque Shopping Bahia
24962,0,20/01/2026,Parque Shopping Bahia
24964,2,20/01/2026,Parque Shopping Bahia
24965,2,20/01/2026,Parque Shopping Bahia
24966,2,20/01/2026,Parque Shopping Bahia
24967,2,20/01/2026,Parque Shopping Bahia
24968,1,20/01/2026,Parque Shopping Bahia
24969,1,20/01/2026,Parque Shopping Bahia
24970,2,20/01/2026,Parque Shopping Bahia
24971,2,20/01/2026,Parque Shopping Bahia
24972,2,20/01/2026,Parque Shopping Bahia
24973,1,20/01/2026,Parque Shopping Bahia
24974,1,20/01/2026,Parque Shopping Bahia
24975,1,20/01/2026,Parque Shopping Bahia
24976,2,20/01/2026,Parque Shopping Bahia
24977,2,20/01/2026,Parque Shopping Bahia
24978,2,20/01/2026,Parque Shopping Bahia
24979,1,20/01/2026,Parque Shopping Bahia
24980,2,20/01/2026,Parque Shopping Bahia
24981,1,20/01/2026,Parque Shopping Bahia
24982,2,20/01/2026,Parque Shopping Bahia
24983,2,20/01/2026,Parque Shopping Bahia
24984,2,20/01/2026,Parque Shopping Bahia
24985,0,20/01/2026,Parque Shopping Bahia
24987,0,20/01/2026,Parque Shopping Bahia
25007,0,20/01/2026,Parque Shopping Bahia
25008,0,20/01/2026,Parque Shopping Bahia
25011,0,20/01/2026,Parque Shopping Bahia
25012,0,20/01/2026,Parque Shopping Bahia
25013,0,20/01/2026,Parque Shopping Bahia
25015,0,20/01/2026,Parque Shopping Bahia
25018,0,20/01/2026,Parque Shopping Bahia
25104,3,20/01/2026,Parque Shopping Bahia
25160,1,20/01/2026,Parque Shopping Bahia
25176,2,20/01/2026,Parque Shopping Bahia
25178,2,20/01/2026,Parque Shopping Bahia
25227,0,20/01/2026,Parque Shopping Bahia
25228,2,20/01/2026,Parque Shopping Bahia
25229,1,20/01/2026,Parque Shopping Bahia
25232,0,20/01/2026,Parque Shopping Bahia
25238,1,20/01/2026,Parque Shopping Bahia
25247,3,20/01/2026,Parque Shopping Bahia
25248,2,20/01/2026,Parque Shopping Bahia
25259,0,20/01/2026,Parque Shopping Bahia
25260,1,20/01/2026,Parque Shopping Bahia
25261,0,20/01/2026,Parque Shopping Bahia
25262,0,20/01/2026,Parque Shopping Bahia
25263,1,20/01/2026,Parque Shopping Bahia
25264,0,20/01/2026,Parque Shopping Bahia
25265,1,20/01/2026,Parque Shopping Bahia
25266,0,20/01/2026,Parque Shopping Bahia
25267,0,20/01/2026,Parque Shopping Bahia
25273,0,20/01/2026,Parque Shopping Bahia
25288,0,20/01/2026,Parque Shopping Bahia
25289,0,20/01/2026,Parque Shopping Bahia
25330,0,20/01/2026,Parque Shopping Bahia
25331,0,20/01/2026,Parque Shopping Bahia
25368,1,20/01/2026,Parque Shopping Bahia
25370,2,20/01/2026,Parque Shopping Bahia
25371,1,20/01/2026,Parque Shopping Bahia
25373,2,20/01/2026,Parque Shopping Bahia
25378,1,20/01/2026,Parque Shopping Bahia
25414,0,20/01/2026,Parque Shopping Bahia
25415,2,20/01/2026,Parque Shopping Bahia
25416,1,20/01/2026,Parque Shopping Bahia
25418,0,20/01/2026,Parque Shopping Bahia
25419,0,20/01/2026,Parque Shopping Bahia
25420,1,20/01/2026,Parque Shopping Bahia
25423,0,20/01/2026,Parque Shopping Bahia
25424,1,20/01/2026,Parque Shopping Bahia
25425,0,20/01/2026,Parque Shopping Bahia
25426,2,20/01/2026,Parque Shopping Bahia
25427,1,20/01/2026,Parque Shopping Bahia
25428,2,20/01/2026,Parque Shopping Bahia
25429,0,20/01/2026,Parque Shopping Bahia
25430,0,20/01/2026,Parque Shopping Bahia
25431,0,20/01/2026,Parque Shopping Bahia
25432,1,20/01/2026,Parque Shopping Bahia
25433,0,20/01/2026,Parque Shopping Bahia
25434,0,20/01/2026,Parque Shopping Bahia
25435,2,20/01/2026,Parque Shopping Bahia
25437,0,20/01/2026,Parque Shopping Bahia
25438,0,20/01/2026,Parque Shopping Bahia
25440,1,20/01/2026,Parque Shopping Bahia
25441,0,20/01/2026,Parque Shopping Bahia
25442,4,20/01/2026,Parque Shopping Bahia
25443,1,20/01/2026,Parque Shopping Bahia
25444,2,20/01/2026,Parque Shopping Bahia
25445,0,20/01/2026,Parque Shopping Bahia
25447,1,20/01/2026,Parque Shopping Bahia
25448,0,20/01/2026,Parque Shopping Bahia
25449,0,20/01/2026,Parque Shopping Bahia
25450,0,20/01/2026,Parque Shopping Bahia
25451,2,20/01/2026,Parque Shopping Bahia
25487,1,20/01/2026,Parque Shopping Bahia
25488,0,20/01/2026,Parque Shopping Bahia
25489,0,20/01/2026,Parque Shopping Bahia
25490,0,20/01/2026,Parque Shopping Bahia
25491,0,20/01/2026,Parque Shopping Bahia
25492,2,20/01/2026,Parque Shopping Bahia
25493,2,20/01/2026,Parque Shopping Bahia
25494,2,20/01/2026,Parque Shopping Bahia
25495,1,20/01/2026,Parque Shopping Bahia
25499,1,20/01/2026,Parque Shopping Bahia
25633,0,20/01/2026,Parque Shopping Bahia
25634,1,20/01/2026,Parque Shopping Bahia
25671,0,20/01/2026,Parque Shopping Bahia
25718,1,20/01/2026,Parque Shopping Bahia
25719,1,20/01/2026,Parque Shopping Bahia
25720,1,20/01/2026,Parque Shopping Bahia
25721,0,20/01/2026,Parque Shopping Bahia
25722,1,20/01/2026,Parque Shopping Bahia
25723,0,20/01/2026,Parque Shopping Bahia
25724,1,20/01/2026,Parque Shopping Bahia
25725,0,20/01/2026,Parque Shopping Bahia
25726,1,20/01/2026,Parque Shopping Bahia
25727,1,20/01/2026,Parque Shopping Bahia
25728,0,20/01/2026,Parque Shopping Bahia
25729,0,20/01/2026,Parque Shopping Bahia
25730,0,20/01/2026,Parque Shopping Bahia
25731,0,20/01/2026,Parque Shopping Bahia
25732,0,20/01/2026,Parque Shopping Bahia
25733,0,20/01/2026,Parque Shopping Bahia
25734,1,20/01/2026,Parque Shopping Bahia
25735,0,20/01/2026,Parque Shopping Bahia
25736,1,20/01/2026,Parque Shopping Bahia
25737,1,20/01/2026,Parque Shopping Bahia
25738,1,20/01/2026,Parque Shopping Bahia
25739,1,20/01/2026,Parque Shopping Bahia
25740,1,20/01/2026,Parque Shopping Bahia
25741,1,20/01/2026,Parque Shopping Bahia
25742,1,20/01/2026,Parque Shopping Bahia
25743,2,20/01/2026,Parque Shopping Bahia
25744,2,20/01/2026,Parque Shopping Bahia
25745,1,20/01/2026,Parque Shopping Bahia
25746,1,20/01/2026,Parque Shopping Bahia
25747,1,20/01/2026,Parque Shopping Bahia
25748,1,20/01/2026,Parque Shopping Bahia
25749,2,20/01/2026,Parque Shopping Bahia
25750,0,20/01/2026,Parque Shopping Bahia
25751,0,20/01/2026,Parque Shopping Bahia
25752,0,20/01/2026,Parque Shopping Bahia
25753,0,20/01/2026,Parque Shopping Bahia
25755,0,20/01/2026,Parque Shopping Bahia
25756,0,20/01/2026,Parque Shopping Bahia
25757,0,20/01/2026,Parque Shopping Bahia
25788,0,20/01/2026,Parque Shopping Bahia
25796,0,20/01/2026,Parque Shopping Bahia
25797,0,20/01/2026,Parque Shopping Bahia
25800,0,20/01/2026,Parque Shopping Bahia
25808,1,20/01/2026,Parque Shopping Bahia
25810,0,20/01/2026,Parque Shopping Bahia
25811,0,20/01/2026,Parque Shopping Bahia
25812,1,20/01/2026,Parque Shopping Bahia
25813,0,20/01/2026,Parque Shopping Bahia
25814,0,20/01/2026,Parque Shopping Bahia
25815,1,20/01/2026,Parque Shopping Bahia
25816,0,20/01/2026,Parque Shopping Bahia
25817,0,20/01/2026,Parque Shopping Bahia
25818,0,20/01/2026,Parque Shopping Bahia
25819,0,20/01/2026,Parque Shopping Bahia
25831,0,20/01/2026,Parque Shopping Bahia
25838,0,20/01/2026,Parque Shopping Bahia
25840,0,20/01/2026,Parque Shopping Bahia
25842,0,20/01/2026,Parque Shopping Bahia
25846,0,20/01/2026,Parque Shopping Bahia
25849,0,20/01/2026,Parque Shopping Bahia
25854,0,20/01/2026,Parque Shopping Bahia
25855,0,20/01/2026,Parque Shopping Bahia
25856,0,20/01/2026,Parque Shopping Bahia
25857,0,20/01/2026,Parque Shopping Bahia
25858,0,20/01/2026,Parque Shopping Bahia
25859,0,20/01/2026,Parque Shopping Bahia
25860,1,20/01/2026,Parque Shopping Bahia
25862,0,20/01/2026,Parque Shopping Bahia
25868,0,20/01/2026,Parque Shopping Bahia
25869,0,20/01/2026,Parque Shopping Bahia
25880,0,20/01/2026,Parque Shopping Bahia
25881,0,20/01/2026,Parque Shopping Bahia
25883,0,20/01/2026,Parque Shopping Bahia
26056,0,20/01/2026,Parque Shopping Bahia
26057,0,20/01/2026,Parque Shopping Bahia
26067,0,20/01/2026,Parque Shopping Bahia
26092,0,20/01/2026,Parque Shopping Bahia
26093,3,20/01/2026,Parque Shopping Bahia
26094,2,20/01/2026,Parque Shopping Bahia
26101,0,20/01/2026,Parque Shopping Bahia
26131,0,20/01/2026,Parque Shopping Bahia
26132,1,20/01/2026,Parque Shopping Bahia
26139,2,20/01/2026,Parque Shopping Bahia
26140,2,20/01/2026,Parque Shopping Bahia
26177,2,20/01/2026,Parque Shopping Bahia
26178,1,20/01/2026,Parque Shopping Bahia
26179,1,20/01/2026,Parque Shopping Bahia
26180,1,20/01/2026,Parque Shopping Bahia
26181,2,20/01/2026,Parque Shopping Bahia
26182,1,20/01/2026,Parque Shopping Bahia
26183,1,20/01/2026,Parque Shopping Bahia
26184,0,20/01/2026,Parque Shopping Bahia
26185,0,20/01/2026,Parque Shopping Bahia
26190,0,20/01/2026,Parque Shopping Bahia
26202,0,20/01/2026,Parque Shopping Bahia
26203,0,20/01/2026,Parque Shopping Bahia
26204,0,20/01/2026,Parque Shopping Bahia
26205,0,20/01/2026,Parque Shopping Bahia
26206,1,20/01/2026,Parque Shopping Bahia
26207,0,20/01/2026,Parque Shopping Bahia
26208,1,20/01/2026,Parque Shopping Bahia
26209,1,20/01/2026,Parque Shopping Bahia
26210,1,20/01/2026,Parque Shopping Bahia
26211,1,20/01/2026,Parque Shopping Bahia
26212,1,20/01/2026,Parque Shopping Bahia
26213,1,20/01/2026,Parque Shopping Bahia
26214,1,20/01/2026,Parque Shopping Bahia
26215,1,20/01/2026,Parque Shopping Bahia
26216,2,20/01/2026,Parque Shopping Bahia
26217,1,20/01/2026,Parque Shopping Bahia
26218,1,20/01/2026,Parque Shopping Bahia
26219,1,20/01/2026,Parque Shopping Bahia
26220,2,20/01/2026,Parque Shopping Bahia
26221,0,20/01/2026,Parque Shopping Bahia
26243,0,20/01/2026,Parque Shopping Bahia
26244,0,20/01/2026,Parque Shopping Bahia
26245,0,20/01/2026,Parque Shopping Bahia
26258,2,20/01/2026,Parque Shopping Bahia
26260,0,20/01/2026,Parque Shopping Bahia
26268,3,20/01/2026,Parque Shopping Bahia
26269,3,20/01/2026,Parque Shopping Bahia
26270,3,20/01/2026,Parque Shopping Bahia
26275,0,20/01/2026,Parque Shopping Bahia
26278,0,20/01/2026,Parque Shopping Bahia
26294,1,20/01/2026,Parque Shopping Bahia
26322,0,20/01/2026,Parque Shopping Bahia
26326,0,20/01/2026,Parque Shopping Bahia
26365,0,20/01/2026,Parque Shopping Bahia
26366,1,20/01/2026,Parque Shopping Bahia
26367,0,20/01/2026,Parque Shopping Bahia
26368,0,20/01/2026,Parque Shopping Bahia
26369,0,20/01/2026,Parque Shopping Bahia
26370,0,20/01/2026,Parque Shopping Bahia
26371,1,20/01/2026,Parque Shopping Bahia
26372,0,20/01/2026,Parque Shopping Bahia
26373,0,20/01/2026,Parque Shopping Bahia
26374,0,20/01/2026,Parque Shopping Bahia
26375,2,20/01/2026,Parque Shopping Bahia
26376,1,20/01/2026,Parque Shopping Bahia
26377,2,20/01/2026,Parque Shopping Bahia
26378,2,20/01/2026,Parque Shopping Bahia
26379,0,20/01/2026,Parque Shopping Bahia
26380,0,20/01/2026,Parque Shopping Bahia
26381,0,20/01/2026,Parque Shopping Bahia
26382,0,20/01/2026,Parque Shopping Bahia
26383,0,20/01/2026,Parque Shopping Bahia
26384,0,20/01/2026,Parque Shopping Bahia
26385,0,20/01/2026,Parque Shopping Bahia
26386,0,20/01/2026,Parque Shopping Bahia
26387,0,20/01/2026,Parque Shopping Bahia
26388,0,20/01/2026,Parque Shopping Bahia
26389,0,20/01/2026,Parque Shopping Bahia
26399,0,20/01/2026,Parque Shopping Bahia
26400,0,20/01/2026,Parque Shopping Bahia
26401,1,20/01/2026,Parque Shopping Bahia
26402,0,20/01/2026,Parque Shopping Bahia
26403,2,20/01/2026,Parque Shopping Bahia
26404,2,20/01/2026,Parque Shopping Bahia
26405,0,20/01/2026,Parque Shopping Bahia
26406,2,20/01/2026,Parque Shopping Bahia
26407,2,20/01/2026,Parque Shopping Bahia
26408,2,20/01/2026,Parque Shopping Bahia
26409,0,20/01/2026,Parque Shopping Bahia
26410,1,20/01/2026,Parque Shopping Bahia
26411,1,20/01/2026,Parque Shopping Bahia
26412,0,20/01/2026,Parque Shopping Bahia
26413,0,20/01/2026,Parque Shopping Bahia
26414,1,20/01/2026,Parque Shopping Bahia
26415,2,20/01/2026,Parque Shopping Bahia
26450,0,20/01/2026,Parque Shopping Bahia
26583,0,20/01/2026,Parque Shopping Bahia
26589,0,20/01/2026,Parque Shopping Bahia
26590,0,20/01/2026,Parque Shopping Bahia
26598,1,20/01/2026,Parque Shopping Bahia
26599,2,20/01/2026,Parque Shopping Bahia
26600,1,20/01/2026,Parque Shopping Bahia
26601,2,20/01/2026,Parque Shopping Bahia
26692,0,20/01/2026,Parque Shopping Bahia
26721,3,20/01/2026,Parque Shopping Bahia
26722,2,20/01/2026,Parque Shopping Bahia
26723,2,20/01/2026,Parque Shopping Bahia
26745,0,20/01/2026,Parque Shopping Bahia
26746,0,20/01/2026,Parque Shopping Bahia
26747,0,20/01/2026,Parque Shopping Bahia
26748,0,20/01/2026,Parque Shopping Bahia
26749,0,20/01/2026,Parque Shopping Bahia
26750,0,20/01/2026,Parque Shopping Bahia
26751,0,20/01/2026,Parque Shopping Bahia
26752,0,20/01/2026,Parque Shopping Bahia
26753,0,20/01/2026,Parque Shopping Bahia
26754,0,20/01/2026,Parque Shopping Bahia
26755,0,20/01/2026,Parque Shopping Bahia
26756,0,20/01/2026,Parque Shopping Bahia
26757,0,20/01/2026,Parque Shopping Bahia
26758,0,20/01/2026,Parque Shopping Bahia
26759,0,20/01/2026,Parque Shopping Bahia
26760,0,20/01/2026,Parque Shopping Bahia
26761,0,20/01/2026,Parque Shopping Bahia
26762,1,20/01/2026,Parque Shopping Bahia
26764,0,20/01/2026,Parque Shopping Bahia
26766,2,20/01/2026,Parque Shopping Bahia
26767,0,20/01/2026,Parque Shopping Bahia
26768,4,20/01/2026,Parque Shopping Bahia
26769,2,20/01/2026,Parque Shopping Bahia
26815,0,20/01/2026,Parque Shopping Bahia
26829,1,20/01/2026,Parque Shopping Bahia
26842,0,20/01/2026,Parque Shopping Bahia
26843,0,20/01/2026,Parque Shopping Bahia
26844,2,20/01/2026,Parque Shopping Bahia
26845,1,20/01/2026,Parque Shopping Bahia
26923,0,20/01/2026,Parque Shopping Bahia
26931,0,20/01/2026,Parque Shopping Bahia
26932,0,20/01/2026,Parque Shopping Bahia
26934,0,20/01/2026,Parque Shopping Bahia
26935,0,20/01/2026,Parque Shopping Bahia
26936,0,20/01/2026,Parque Shopping Bahia
26938,0,20/01/2026,Parque Shopping Bahia
26940,0,20/01/2026,Parque Shopping Bahia
26942,0,20/01/2026,Parque Shopping Bahia
26944,1,20/01/2026,Parque Shopping Bahia
26945,1,20/01/2026,Parque Shopping Bahia
26946,2,20/01/2026,Parque Shopping Bahia
26947,2,20/01/2026,Parque Shopping Bahia
26948,1,20/01/2026,Parque Shopping Bahia
26949,2,20/01/2026,Parque Shopping Bahia
26950,2,20/01/2026,Parque Shopping Bahia
26951,1,20/01/2026,Parque Shopping Bahia
26952,1,20/01/2026,Parque Shopping Bahia
313,0,20/01/2026,Parque Shopping Maceio
322,0,20/01/2026,Parque Shopping Maceio
338,0,20/01/2026,Parque Shopping Maceio
341,0,20/01/2026,Parque Shopping Maceio
398,0,20/01/2026,Parque Shopping Maceio
610,0,20/01/2026,Parque Shopping Maceio
674,0,20/01/2026,Parque Shopping Maceio
727,3,20/01/2026,Parque Shopping Maceio
887,0,20/01/2026,Parque Shopping Maceio
888,4,20/01/2026,Parque Shopping Maceio
889,0,20/01/2026,Parque Shopping Maceio
890,2,20/01/2026,Parque Shopping Maceio
1049,0,20/01/2026,Parque Shopping Maceio
1100,0,20/01/2026,Parque Shopping Maceio
1109,2,20/01/2026,Parque Shopping Maceio
1119,0,20/01/2026,Parque Shopping Maceio
1276,0,20/01/2026,Parque Shopping Maceio
1277,0,20/01/2026,Parque Shopping Maceio
1362,0,20/01/2026,Parque Shopping Maceio
1363,0,20/01/2026,Parque Shopping Maceio
1367,0,20/01/2026,Parque Shopping Maceio
1368,0,20/01/2026,Parque Shopping Maceio
1405,2,20/01/2026,Parque Shopping Maceio
1438,0,20/01/2026,Parque Shopping Maceio
1499,0,20/01/2026,Parque Shopping Maceio
1526,0,20/01/2026,Parque Shopping Maceio
1712,0,20/01/2026,Parque Shopping Maceio
1941,0,20/01/2026,Parque Shopping Maceio
2197,0,20/01/2026,Parque Shopping Maceio
2200,0,20/01/2026,Parque Shopping Maceio
2202,0,20/01/2026,Parque Shopping Maceio
2207,0,20/01/2026,Parque Shopping Maceio
2208,0,20/01/2026,Parque Shopping Maceio
2217,3,20/01/2026,Parque Shopping Maceio
2398,1,20/01/2026,Parque Shopping Maceio
2403,2,20/01/2026,Parque Shopping Maceio
2617,5,20/01/2026,Parque Shopping Maceio
2646,0,20/01/2026,Parque Shopping Maceio
2693,0,20/01/2026,Parque Shopping Maceio
2697,0,20/01/2026,Parque Shopping Maceio
2721,0,20/01/2026,Parque Shopping Maceio
2723,0,20/01/2026,Parque Shopping Maceio
2725,0,20/01/2026,Parque Shopping Maceio
2811,0,20/01/2026,Parque Shopping Maceio
2842,2,20/01/2026,Parque Shopping Maceio
2844,1,20/01/2026,Parque Shopping Maceio
2845,2,20/01/2026,Parque Shopping Maceio
2867,1,20/01/2026,Parque Shopping Maceio
2881,0,20/01/2026,Parque Shopping Maceio
2930,0,20/01/2026,Parque Shopping Maceio
3056,0,20/01/2026,Parque Shopping Maceio
3065,2,20/01/2026,Parque Shopping Maceio
3099,0,20/01/2026,Parque Shopping Maceio
3147,3,20/01/2026,Parque Shopping Maceio
3190,0,20/01/2026,Parque Shopping Maceio
3406,0,20/01/2026,Parque Shopping Maceio
3462,0,20/01/2026,Parque Shopping Maceio
3532,0,20/01/2026,Parque Shopping Maceio
3533,0,20/01/2026,Parque Shopping Maceio
3554,3,20/01/2026,Parque Shopping Maceio
3555,2,20/01/2026,Parque Shopping Maceio
3556,2,20/01/2026,Parque Shopping Maceio
3573,0,20/01/2026,Parque Shopping Maceio
3746,4,20/01/2026,Parque Shopping Maceio
3747,2,20/01/2026,Parque Shopping Maceio
3751,6,20/01/2026,Parque Shopping Maceio
3800,4,20/01/2026,Parque Shopping Maceio
3823,1,20/01/2026,Parque Shopping Maceio
3825,3,20/01/2026,Parque Shopping Maceio
3871,0,20/01/2026,Parque Shopping Maceio
3882,5,20/01/2026,Parque Shopping Maceio
3901,0,20/01/2026,Parque Shopping Maceio
3904,3,20/01/2026,Parque Shopping Maceio
3905,0,20/01/2026,Parque Shopping Maceio
3906,1,20/01/2026,Parque Shopping Maceio
3969,5,20/01/2026,Parque Shopping Maceio
4028,2,20/01/2026,Parque Shopping Maceio
4030,2,20/01/2026,Parque Shopping Maceio
4031,0,20/01/2026,Parque Shopping Maceio
4032,0,20/01/2026,Parque Shopping Maceio
4033,0,20/01/2026,Parque Shopping Maceio
4034,0,20/01/2026,Parque Shopping Maceio
4035,0,20/01/2026,Parque Shopping Maceio
4054,0,20/01/2026,Parque Shopping Maceio
4111,0,20/01/2026,Parque Shopping Maceio
4112,0,20/01/2026,Parque Shopping Maceio
4113,0,20/01/2026,Parque Shopping Maceio
4114,0,20/01/2026,Parque Shopping Maceio
4140,0,20/01/2026,Parque Shopping Maceio
4141,0,20/01/2026,Parque Shopping Maceio
4147,0,20/01/2026,Parque Shopping Maceio
4148,2,20/01/2026,Parque Shopping Maceio
4149,2,20/01/2026,Parque Shopping Maceio
4160,1,20/01/2026,Parque Shopping Maceio
4310,1,20/01/2026,Parque Shopping Maceio
4312,1,20/01/2026,Parque Shopping Maceio
4325,0,20/01/2026,Parque Shopping Maceio
4347,0,20/01/2026,Parque Shopping Maceio
4348,2,20/01/2026,Parque Shopping Maceio
4349,3,20/01/2026,Parque Shopping Maceio
4350,3,20/01/2026,Parque Shopping Maceio
4351,4,20/01/2026,Parque Shopping Maceio
4352,2,20/01/2026,Parque Shopping Maceio
4353,5,20/01/2026,Parque Shopping Maceio
4354,2,20/01/2026,Parque Shopping Maceio
4355,2,20/01/2026,Parque Shopping Maceio
4356,0,20/01/2026,Parque Shopping Maceio
4357,2,20/01/2026,Parque Shopping Maceio
4358,0,20/01/2026,Parque Shopping Maceio
4359,2,20/01/2026,Parque Shopping Maceio
4362,1,20/01/2026,Parque Shopping Maceio
4363,3,20/01/2026,Parque Shopping Maceio
4364,2,20/01/2026,Parque Shopping Maceio
4365,5,20/01/2026,Parque Shopping Maceio
4366,4,20/01/2026,Parque Shopping Maceio
4367,3,20/01/2026,Parque Shopping Maceio
4368,0,20/01/2026,Parque Shopping Maceio
4372,0,20/01/2026,Parque Shopping Maceio
4380,3,20/01/2026,Parque Shopping Maceio
4382,0,20/01/2026,Parque Shopping Maceio
4395,5,20/01/2026,Parque Shopping Maceio
4434,4,20/01/2026,Parque Shopping Maceio
4456,2,20/01/2026,Parque Shopping Maceio
4457,1,20/01/2026,Parque Shopping Maceio
4459,3,20/01/2026,Parque Shopping Maceio
4460,4,20/01/2026,Parque Shopping Maceio
4497,2,20/01/2026,Parque Shopping Maceio
4499,0,20/01/2026,Parque Shopping Maceio
4550,0,20/01/2026,Parque Shopping Maceio
4600,0,20/01/2026,Parque Shopping Maceio
4658,2,20/01/2026,Parque Shopping Maceio
4660,0,20/01/2026,Parque Shopping Maceio
4687,0,20/01/2026,Parque Shopping Maceio
4688,0,20/01/2026,Parque Shopping Maceio
4700,3,20/01/2026,Parque Shopping Maceio
4725,1,20/01/2026,Parque Shopping Maceio
4726,1,20/01/2026,Parque Shopping Maceio
4727,2,20/01/2026,Parque Shopping Maceio
4728,3,20/01/2026,Parque Shopping Maceio
4750,0,20/01/2026,Parque Shopping Maceio
4882,0,20/01/2026,Parque Shopping Maceio
4980,0,20/01/2026,Parque Shopping Maceio
4981,0,20/01/2026,Parque Shopping Maceio
5049,1,20/01/2026,Parque Shopping Maceio
5702,1,20/01/2026,Parque Shopping Maceio
5703,1,20/01/2026,Parque Shopping Maceio
5704,1,20/01/2026,Parque Shopping Maceio
5705,1,20/01/2026,Parque Shopping Maceio
6332,0,20/01/2026,Parque Shopping Maceio
8144,2,20/01/2026,Parque Shopping Maceio
8145,0,20/01/2026,Parque Shopping Maceio
8146,2,20/01/2026,Parque Shopping Maceio
8152,0,20/01/2026,Parque Shopping Maceio
8153,2,20/01/2026,Parque Shopping Maceio
8154,2,20/01/2026,Parque Shopping Maceio
8155,2,20/01/2026,Parque Shopping Maceio
8156,3,20/01/2026,Parque Shopping Maceio
8157,3,20/01/2026,Parque Shopping Maceio
8158,1,20/01/2026,Parque Shopping Maceio
8159,3,20/01/2026,Parque Shopping Maceio
8520,1,20/01/2026,Parque Shopping Maceio
8521,1,20/01/2026,Parque Shopping Maceio
20715,1,20/01/2026,Parque Shopping Maceio
20716,0,20/01/2026,Parque Shopping Maceio
20717,0,20/01/2026,Parque Shopping Maceio
20718,5,20/01/2026,Parque Shopping Maceio
20719,2,20/01/2026,Parque Shopping Maceio
20720,1,20/01/2026,Parque Shopping Maceio
20721,2,20/01/2026,Parque Shopping Maceio
20722,5,20/01/2026,Parque Shopping Maceio
20723,2,20/01/2026,Parque Shopping Maceio
20737,4,20/01/2026,Parque Shopping Maceio
20755,0,20/01/2026,Parque Shopping Maceio
20790,0,20/01/2026,Parque Shopping Maceio
20791,0,20/01/2026,Parque Shopping Maceio
20792,0,20/01/2026,Parque Shopping Maceio
20793,0,20/01/2026,Parque Shopping Maceio
20833,1,20/01/2026,Parque Shopping Maceio
20834,0,20/01/2026,Parque Shopping Maceio
20875,0,20/01/2026,Parque Shopping Maceio
20877,2,20/01/2026,Parque Shopping Maceio
20990,0,20/01/2026,Parque Shopping Maceio
21069,1,20/01/2026,Parque Shopping Maceio
21080,2,20/01/2026,Parque Shopping Maceio
21113,1,20/01/2026,Parque Shopping Maceio
21143,5,20/01/2026,Parque Shopping Maceio
21144,6,20/01/2026,Parque Shopping Maceio
21145,3,20/01/2026,Parque Shopping Maceio
21146,2,20/01/2026,Parque Shopping Maceio
21147,2,20/01/2026,Parque Shopping Maceio
21148,0,20/01/2026,Parque Shopping Maceio
21149,2,20/01/2026,Parque Shopping Maceio
21190,0,20/01/2026,Parque Shopping Maceio
21191,0,20/01/2026,Parque Shopping Maceio
21227,4,20/01/2026,Parque Shopping Maceio
21255,0,20/01/2026,Parque Shopping Maceio
21267,3,20/01/2026,Parque Shopping Maceio
21279,1,20/01/2026,Parque Shopping Maceio
21286,2,20/01/2026,Parque Shopping Maceio
21288,0,20/01/2026,Parque Shopping Maceio
21289,2,20/01/2026,Parque Shopping Maceio
21290,2,20/01/2026,Parque Shopping Maceio
21291,1,20/01/2026,Parque Shopping Maceio
21295,2,20/01/2026,Parque Shopping Maceio
21296,3,20/01/2026,Parque Shopping Maceio
21299,0,20/01/2026,Parque Shopping Maceio
21300,0,20/01/2026,Parque Shopping Maceio
21309,1,20/01/2026,Parque Shopping Maceio
21311,1,20/01/2026,Parque Shopping Maceio
21312,0,20/01/2026,Parque Shopping Maceio
21313,1,20/01/2026,Parque Shopping Maceio
21314,0,20/01/2026,Parque Shopping Maceio
21315,2,20/01/2026,Parque Shopping Maceio
21316,1,20/01/2026,Parque Shopping Maceio
21317,0,20/01/2026,Parque Shopping Maceio
21383,0,20/01/2026,Parque Shopping Maceio
21414,1,20/01/2026,Parque Shopping Maceio
21458,1,20/01/2026,Parque Shopping Maceio
21462,1,20/01/2026,Parque Shopping Maceio
21463,0,20/01/2026,Parque Shopping Maceio
21464,1,20/01/2026,Parque Shopping Maceio
21466,0,20/01/2026,Parque Shopping Maceio
21467,2,20/01/2026,Parque Shopping Maceio
21492,1,20/01/2026,Parque Shopping Maceio
21510,3,20/01/2026,Parque Shopping Maceio
21511,1,20/01/2026,Parque Shopping Maceio
21512,0,20/01/2026,Parque Shopping Maceio
21513,2,20/01/2026,Parque Shopping Maceio
21514,3,20/01/2026,Parque Shopping Maceio
21547,1,20/01/2026,Parque Shopping Maceio
21557,2,20/01/2026,Parque Shopping Maceio
21574,3,20/01/2026,Parque Shopping Maceio
21575,2,20/01/2026,Parque Shopping Maceio
21576,2,20/01/2026,Parque Shopping Maceio
21581,0,20/01/2026,Parque Shopping Maceio
21582,0,20/01/2026,Parque Shopping Maceio
21583,4,20/01/2026,Parque Shopping Maceio
21601,2,20/01/2026,Parque Shopping Maceio
21613,0,20/01/2026,Parque Shopping Maceio
21614,0,20/01/2026,Parque Shopping Maceio
21682,0,20/01/2026,Parque Shopping Maceio
21691,2,20/01/2026,Parque Shopping Maceio
21694,0,20/01/2026,Parque Shopping Maceio
21696,2,20/01/2026,Parque Shopping Maceio
21697,2,20/01/2026,Parque Shopping Maceio
21698,2,20/01/2026,Parque Shopping Maceio
21703,1,20/01/2026,Parque Shopping Maceio
21704,0,20/01/2026,Parque Shopping Maceio
21710,1,20/01/2026,Parque Shopping Maceio
21717,1,20/01/2026,Parque Shopping Maceio
21718,0,20/01/2026,Parque Shopping Maceio
21719,0,20/01/2026,Parque Shopping Maceio
21875,0,20/01/2026,Parque Shopping Maceio
21876,0,20/01/2026,Parque Shopping Maceio
21905,2,20/01/2026,Parque Shopping Maceio
21909,0,20/01/2026,Parque Shopping Maceio
21910,0,20/01/2026,Parque Shopping Maceio
21911,3,20/01/2026,Parque Shopping Maceio
21912,3,20/01/2026,Parque Shopping Maceio
21913,0,20/01/2026,Parque Shopping Maceio
21914,0,20/01/2026,Parque Shopping Maceio
21915,3,20/01/2026,Parque Shopping Maceio
21917,2,20/01/2026,Parque Shopping Maceio
21918,3,20/01/2026,Parque Shopping Maceio
21919,2,20/01/2026,Parque Shopping Maceio
21920,2,20/01/2026,Parque Shopping Maceio
21921,2,20/01/2026,Parque Shopping Maceio
21923,2,20/01/2026,Parque Shopping Maceio
21924,0,20/01/2026,Parque Shopping Maceio
21925,2,20/01/2026,Parque Shopping Maceio
21926,0,20/01/2026,Parque Shopping Maceio
21927,1,20/01/2026,Parque Shopping Maceio
22000,1,20/01/2026,Parque Shopping Maceio
22001,1,20/01/2026,Parque Shopping Maceio
22002,1,20/01/2026,Parque Shopping Maceio
22101,0,20/01/2026,Parque Shopping Maceio
22102,0,20/01/2026,Parque Shopping Maceio
22103,0,20/01/2026,Parque Shopping Maceio
22114,0,20/01/2026,Parque Shopping Maceio
22191,0,20/01/2026,Parque Shopping Maceio
22278,0,20/01/2026,Parque Shopping Maceio
22306,1,20/01/2026,Parque Shopping Maceio
22307,1,20/01/2026,Parque Shopping Maceio
22308,2,20/01/2026,Parque Shopping Maceio
22403,0,20/01/2026,Parque Shopping Maceio
22417,0,20/01/2026,Parque Shopping Maceio
22476,0,20/01/2026,Parque Shopping Maceio
22477,0,20/01/2026,Parque Shopping Maceio
22482,0,20/01/2026,Parque Shopping Maceio
22487,2,20/01/2026,Parque Shopping Maceio
22492,3,20/01/2026,Parque Shopping Maceio
22504,0,20/01/2026,Parque Shopping Maceio
22515,2,20/01/2026,Parque Shopping Maceio
22547,2,20/01/2026,Parque Shopping Maceio
22578,2,20/01/2026,Parque Shopping Maceio
22589,0,20/01/2026,Parque Shopping Maceio
22590,0,20/01/2026,Parque Shopping Maceio
22595,0,20/01/2026,Parque Shopping Maceio
22597,3,20/01/2026,Parque Shopping Maceio
22598,0,20/01/2026,Parque Shopping Maceio
22642,0,20/01/2026,Parque Shopping Maceio
22666,1,20/01/2026,Parque Shopping Maceio
22667,2,20/01/2026,Parque Shopping Maceio
22668,2,20/01/2026,Parque Shopping Maceio
22756,3,20/01/2026,Parque Shopping Maceio
22850,0,20/01/2026,Parque Shopping Maceio
22854,1,20/01/2026,Parque Shopping Maceio
22859,0,20/01/2026,Parque Shopping Maceio
22870,1,20/01/2026,Parque Shopping Maceio
22883,0,20/01/2026,Parque Shopping Maceio
22922,1,20/01/2026,Parque Shopping Maceio
22923,0,20/01/2026,Parque Shopping Maceio
22980,2,20/01/2026,Parque Shopping Maceio
22985,0,20/01/2026,Parque Shopping Maceio
22987,0,20/01/2026,Parque Shopping Maceio
22988,0,20/01/2026,Parque Shopping Maceio
22990,0,20/01/2026,Parque Shopping Maceio
23003,1,20/01/2026,Parque Shopping Maceio
23004,1,20/01/2026,Parque Shopping Maceio
23005,1,20/01/2026,Parque Shopping Maceio
23006,0,20/01/2026,Parque Shopping Maceio
23007,0,20/01/2026,Parque Shopping Maceio
23008,1,20/01/2026,Parque Shopping Maceio
23010,0,20/01/2026,Parque Shopping Maceio
23011,2,20/01/2026,Parque Shopping Maceio
23012,0,20/01/2026,Parque Shopping Maceio
23013,0,20/01/2026,Parque Shopping Maceio
23014,1,20/01/2026,Parque Shopping Maceio
23015,0,20/01/2026,Parque Shopping Maceio
23016,1,20/01/2026,Parque Shopping Maceio
23017,1,20/01/2026,Parque Shopping Maceio
23018,2,20/01/2026,Parque Shopping Maceio
23019,1,20/01/2026,Parque Shopping Maceio
23020,1,20/01/2026,Parque Shopping Maceio
23023,0,20/01/2026,Parque Shopping Maceio
23024,0,20/01/2026,Parque Shopping Maceio
23061,0,20/01/2026,Parque Shopping Maceio
23062,0,20/01/2026,Parque Shopping Maceio
23063,0,20/01/2026,Parque Shopping Maceio
23064,0,20/01/2026,Parque Shopping Maceio
23065,0,20/01/2026,Parque Shopping Maceio
23066,0,20/01/2026,Parque Shopping Maceio
23067,1,20/01/2026,Parque Shopping Maceio
23082,2,20/01/2026,Parque Shopping Maceio
23083,2,20/01/2026,Parque Shopping Maceio
23158,1,20/01/2026,Parque Shopping Maceio
23186,0,20/01/2026,Parque Shopping Maceio
23189,2,20/01/2026,Parque Shopping Maceio
23217,1,20/01/2026,Parque Shopping Maceio
23218,0,20/01/2026,Parque Shopping Maceio
23224,0,20/01/2026,Parque Shopping Maceio
23234,0,20/01/2026,Parque Shopping Maceio
23264,0,20/01/2026,Parque Shopping Maceio
23265,0,20/01/2026,Parque Shopping Maceio
23266,0,20/01/2026,Parque Shopping Maceio
23267,2,20/01/2026,Parque Shopping Maceio
23268,0,20/01/2026,Parque Shopping Maceio
23269,0,20/01/2026,Parque Shopping Maceio
23270,2,20/01/2026,Parque Shopping Maceio
23271,0,20/01/2026,Parque Shopping Maceio
23273,1,20/01/2026,Parque Shopping Maceio
23277,1,20/01/2026,Parque Shopping Maceio
23284,4,20/01/2026,Parque Shopping Maceio
23285,2,20/01/2026,Parque Shopping Maceio
23286,2,20/01/2026,Parque Shopping Maceio
23321,0,20/01/2026,Parque Shopping Maceio
23323,0,20/01/2026,Parque Shopping Maceio
23325,0,20/01/2026,Parque Shopping Maceio
23341,0,20/01/2026,Parque Shopping Maceio
23342,0,20/01/2026,Parque Shopping Maceio
23364,0,20/01/2026,Parque Shopping Maceio
23376,1,20/01/2026,Parque Shopping Maceio
23397,0,20/01/2026,Parque Shopping Maceio
23443,0,20/01/2026,Parque Shopping Maceio
23461,0,20/01/2026,Parque Shopping Maceio
23472,1,20/01/2026,Parque Shopping Maceio
23473,0,20/01/2026,Parque Shopping Maceio
23476,0,20/01/2026,Parque Shopping Maceio
23590,2,20/01/2026,Parque Shopping Maceio
23703,0,20/01/2026,Parque Shopping Maceio
23714,0,20/01/2026,Parque Shopping Maceio
23715,1,20/01/2026,Parque Shopping Maceio
23716,0,20/01/2026,Parque Shopping Maceio
23717,0,20/01/2026,Parque Shopping Maceio
23718,0,20/01/2026,Parque Shopping Maceio
23719,1,20/01/2026,Parque Shopping Maceio
23720,0,20/01/2026,Parque Shopping Maceio
23725,0,20/01/2026,Parque Shopping Maceio
23726,0,20/01/2026,Parque Shopping Maceio
23727,0,20/01/2026,Parque Shopping Maceio
23728,0,20/01/2026,Parque Shopping Maceio
23730,0,20/01/2026,Parque Shopping Maceio
23731,1,20/01/2026,Parque Shopping Maceio
23737,0,20/01/2026,Parque Shopping Maceio
23738,0,20/01/2026,Parque Shopping Maceio
23739,0,20/01/2026,Parque Shopping Maceio
23740,0,20/01/2026,Parque Shopping Maceio
23741,1,20/01/2026,Parque Shopping Maceio
23742,1,20/01/2026,Parque Shopping Maceio
23744,1,20/01/2026,Parque Shopping Maceio
23745,1,20/01/2026,Parque Shopping Maceio
23746,1,20/01/2026,Parque Shopping Maceio
23747,1,20/01/2026,Parque Shopping Maceio
23748,1,20/01/2026,Parque Shopping Maceio
23755,0,20/01/2026,Parque Shopping Maceio
23807,0,20/01/2026,Parque Shopping Maceio
23810,0,20/01/2026,Parque Shopping Maceio
23814,0,20/01/2026,Parque Shopping Maceio
23817,0,20/01/2026,Parque Shopping Maceio
23818,0,20/01/2026,Parque Shopping Maceio
23819,0,20/01/2026,Parque Shopping Maceio
23820,1,20/01/2026,Parque Shopping Maceio
23821,0,20/01/2026,Parque Shopping Maceio
23822,2,20/01/2026,Parque Shopping Maceio
23827,0,20/01/2026,Parque Shopping Maceio
23828,0,20/01/2026,Parque Shopping Maceio
23829,0,20/01/2026,Parque Shopping Maceio
23830,0,20/01/2026,Parque Shopping Maceio
23887,0,20/01/2026,Parque Shopping Maceio
23893,2,20/01/2026,Parque Shopping Maceio
23894,2,20/01/2026,Parque Shopping Maceio
23895,2,20/01/2026,Parque Shopping Maceio
23896,1,20/01/2026,Parque Shopping Maceio
23897,2,20/01/2026,Parque Shopping Maceio
23898,2,20/01/2026,Parque Shopping Maceio
23899,0,20/01/2026,Parque Shopping Maceio
23900,1,20/01/2026,Parque Shopping Maceio
23901,3,20/01/2026,Parque Shopping Maceio
23902,0,20/01/2026,Parque Shopping Maceio
23903,1,20/01/2026,Parque Shopping Maceio
23904,0,20/01/2026,Parque Shopping Maceio
23905,0,20/01/2026,Parque Shopping Maceio
23906,1,20/01/2026,Parque Shopping Maceio
23907,0,20/01/2026,Parque Shopping Maceio
23908,0,20/01/2026,Parque Shopping Maceio
23909,0,20/01/2026,Parque Shopping Maceio
23910,2,20/01/2026,Parque Shopping Maceio
23911,1,20/01/2026,Parque Shopping Maceio
23912,1,20/01/2026,Parque Shopping Maceio
23913,2,20/01/2026,Parque Shopping Maceio
23914,2,20/01/2026,Parque Shopping Maceio
23915,2,20/01/2026,Parque Shopping Maceio
23916,1,20/01/2026,Parque Shopping Maceio
23917,5,20/01/2026,Parque Shopping Maceio
23918,3,20/01/2026,Parque Shopping Maceio
23919,2,20/01/2026,Parque Shopping Maceio
23920,0,20/01/2026,Parque Shopping Maceio
23921,0,20/01/2026,Parque Shopping Maceio
23922,1,20/01/2026,Parque Shopping Maceio
23923,1,20/01/2026,Parque Shopping Maceio
23924,3,20/01/2026,Parque Shopping Maceio
23925,1,20/01/2026,Parque Shopping Maceio
23926,2,20/01/2026,Parque Shopping Maceio
23927,2,20/01/2026,Parque Shopping Maceio
23928,2,20/01/2026,Parque Shopping Maceio
23929,2,20/01/2026,Parque Shopping Maceio
23930,0,20/01/2026,Parque Shopping Maceio
23931,1,20/01/2026,Parque Shopping Maceio
23932,0,20/01/2026,Parque Shopping Maceio
23934,2,20/01/2026,Parque Shopping Maceio
23935,0,20/01/2026,Parque Shopping Maceio
23936,1,20/01/2026,Parque Shopping Maceio
23937,0,20/01/2026,Parque Shopping Maceio
23938,0,20/01/2026,Parque Shopping Maceio
23939,0,20/01/2026,Parque Shopping Maceio
23940,0,20/01/2026,Parque Shopping Maceio
23941,1,20/01/2026,Parque Shopping Maceio
23942,1,20/01/2026,Parque Shopping Maceio
23943,3,20/01/2026,Parque Shopping Maceio
23944,0,20/01/2026,Parque Shopping Maceio
23945,3,20/01/2026,Parque Shopping Maceio
23946,0,20/01/2026,Parque Shopping Maceio
23947,0,20/01/2026,Parque Shopping Maceio
23948,0,20/01/2026,Parque Shopping Maceio
23949,0,20/01/2026,Parque Shopping Maceio
23950,0,20/01/2026,Parque Shopping Maceio
23951,0,20/01/2026,Parque Shopping Maceio
23952,0,20/01/2026,Parque Shopping Maceio
23953,0,20/01/2026,Parque Shopping Maceio
23954,0,20/01/2026,Parque Shopping Maceio
23955,0,20/01/2026,Parque Shopping Maceio
23956,0,20/01/2026,Parque Shopping Maceio
23958,4,20/01/2026,Parque Shopping Maceio
23960,0,20/01/2026,Parque Shopping Maceio
23961,2,20/01/2026,Parque Shopping Maceio
23962,0,20/01/2026,Parque Shopping Maceio
23963,1,20/01/2026,Parque Shopping Maceio
23964,0,20/01/2026,Parque Shopping Maceio
23965,3,20/01/2026,Parque Shopping Maceio
23966,0,20/01/2026,Parque Shopping Maceio
23967,2,20/01/2026,Parque Shopping Maceio
23968,1,20/01/2026,Parque Shopping Maceio
23969,0,20/01/2026,Parque Shopping Maceio
23970,0,20/01/2026,Parque Shopping Maceio
23971,0,20/01/2026,Parque Shopping Maceio
23972,3,20/01/2026,Parque Shopping Maceio
23973,0,20/01/2026,Parque Shopping Maceio
23974,3,20/01/2026,Parque Shopping Maceio
23975,0,20/01/2026,Parque Shopping Maceio
23976,3,20/01/2026,Parque Shopping Maceio
23977,0,20/01/2026,Parque Shopping Maceio
23978,0,20/01/2026,Parque Shopping Maceio
23979,2,20/01/2026,Parque Shopping Maceio
23980,4,20/01/2026,Parque Shopping Maceio
23981,0,20/01/2026,Parque Shopping Maceio
23982,4,20/01/2026,Parque Shopping Maceio
23983,3,20/01/2026,Parque Shopping Maceio
23984,0,20/01/2026,Parque Shopping Maceio
23985,2,20/01/2026,Parque Shopping Maceio
23986,0,20/01/2026,Parque Shopping Maceio
23987,0,20/01/2026,Parque Shopping Maceio
23988,1,20/01/2026,Parque Shopping Maceio
23989,0,20/01/2026,Parque Shopping Maceio
23990,2,20/01/2026,Parque Shopping Maceio
23991,0,20/01/2026,Parque Shopping Maceio
23992,0,20/01/2026,Parque Shopping Maceio
23993,1,20/01/2026,Parque Shopping Maceio
23994,0,20/01/2026,Parque Shopping Maceio
23995,0,20/01/2026,Parque Shopping Maceio
23996,1,20/01/2026,Parque Shopping Maceio
23997,0,20/01/2026,Parque Shopping Maceio
23998,1,20/01/2026,Parque Shopping Maceio
24000,0,20/01/2026,Parque Shopping Maceio
24001,2,20/01/2026,Parque Shopping Maceio
24002,0,20/01/2026,Parque Shopping Maceio
24003,2,20/01/2026,Parque Shopping Maceio
24004,1,20/01/2026,Parque Shopping Maceio
24005,3,20/01/2026,Parque Shopping Maceio
24006,0,20/01/2026,Parque Shopping Maceio
24007,1,20/01/2026,Parque Shopping Maceio
24008,0,20/01/2026,Parque Shopping Maceio
24009,0,20/01/2026,Parque Shopping Maceio
24010,0,20/01/2026,Parque Shopping Maceio
24011,2,20/01/2026,Parque Shopping Maceio
24012,0,20/01/2026,Parque Shopping Maceio
24013,0,20/01/2026,Parque Shopping Maceio
24014,0,20/01/2026,Parque Shopping Maceio
24015,0,20/01/2026,Parque Shopping Maceio
24016,0,20/01/2026,Parque Shopping Maceio
24017,0,20/01/2026,Parque Shopping Maceio
24018,0,20/01/2026,Parque Shopping Maceio
24019,0,20/01/2026,Parque Shopping Maceio
24021,0,20/01/2026,Parque Shopping Maceio
24022,0,20/01/2026,Parque Shopping Maceio
24023,0,20/01/2026,Parque Shopping Maceio
24024,0,20/01/2026,Parque Shopping Maceio
24025,0,20/01/2026,Parque Shopping Maceio
24026,0,20/01/2026,Parque Shopping Maceio
24027,0,20/01/2026,Parque Shopping Maceio
24028,0,20/01/2026,Parque Shopping Maceio
24029,1,20/01/2026,Parque Shopping Maceio
24030,0,20/01/2026,Parque Shopping Maceio
24031,0,20/01/2026,Parque Shopping Maceio
24032,0,20/01/2026,Parque Shopping Maceio
24033,0,20/01/2026,Parque Shopping Maceio
24036,0,20/01/2026,Parque Shopping Maceio
24037,0,20/01/2026,Parque Shopping Maceio
24100,1,20/01/2026,Parque Shopping Maceio
24101,2,20/01/2026,Parque Shopping Maceio
24102,1,20/01/2026,Parque Shopping Maceio
24103,1,20/01/2026,Parque Shopping Maceio
24104,2,20/01/2026,Parque Shopping Maceio
24105,2,20/01/2026,Parque Shopping Maceio
24106,3,20/01/2026,Parque Shopping Maceio
24107,1,20/01/2026,Parque Shopping Maceio
24108,4,20/01/2026,Parque Shopping Maceio
24109,2,20/01/2026,Parque Shopping Maceio
24110,2,20/01/2026,Parque Shopping Maceio
24111,0,20/01/2026,Parque Shopping Maceio
24112,2,20/01/2026,Parque Shopping Maceio
24113,1,20/01/2026,Parque Shopping Maceio
24115,1,20/01/2026,Parque Shopping Maceio
24116,1,20/01/2026,Parque Shopping Maceio
24117,2,20/01/2026,Parque Shopping Maceio
24118,4,20/01/2026,Parque Shopping Maceio
24119,0,20/01/2026,Parque Shopping Maceio
24120,0,20/01/2026,Parque Shopping Maceio
24121,0,20/01/2026,Parque Shopping Maceio
24122,0,20/01/2026,Parque Shopping Maceio
24123,0,20/01/2026,Parque Shopping Maceio
24124,0,20/01/2026,Parque Shopping Maceio
24125,0,20/01/2026,Parque Shopping Maceio
24126,2,20/01/2026,Parque Shopping Maceio
24127,1,20/01/2026,Parque Shopping Maceio
24128,1,20/01/2026,Parque Shopping Maceio
24129,1,20/01/2026,Parque Shopping Maceio
24130,2,20/01/2026,Parque Shopping Maceio
24131,0,20/01/2026,Parque Shopping Maceio
24134,0,20/01/2026,Parque Shopping Maceio
24135,0,20/01/2026,Parque Shopping Maceio
24136,1,20/01/2026,Parque Shopping Maceio
24137,0,20/01/2026,Parque Shopping Maceio
24140,1,20/01/2026,Parque Shopping Maceio
24142,0,20/01/2026,Parque Shopping Maceio
24149,0,20/01/2026,Parque Shopping Maceio
24154,0,20/01/2026,Parque Shopping Maceio
24158,0,20/01/2026,Parque Shopping Maceio
24159,0,20/01/2026,Parque Shopping Maceio
24160,0,20/01/2026,Parque Shopping Maceio
24163,0,20/01/2026,Parque Shopping Maceio
24164,0,20/01/2026,Parque Shopping Maceio
24165,0,20/01/2026,Parque Shopping Maceio
24166,0,20/01/2026,Parque Shopping Maceio
24167,0,20/01/2026,Parque Shopping Maceio
24168,0,20/01/2026,Parque Shopping Maceio
24169,1,20/01/2026,Parque Shopping Maceio
24170,2,20/01/2026,Parque Shopping Maceio
24171,0,20/01/2026,Parque Shopping Maceio
24172,0,20/01/2026,Parque Shopping Maceio
24173,0,20/01/2026,Parque Shopping Maceio
24174,0,20/01/2026,Parque Shopping Maceio
24176,0,20/01/2026,Parque Shopping Maceio
24177,0,20/01/2026,Parque Shopping Maceio
24178,0,20/01/2026,Parque Shopping Maceio
24179,1,20/01/2026,Parque Shopping Maceio
24180,0,20/01/2026,Parque Shopping Maceio
24188,0,20/01/2026,Parque Shopping Maceio
24200,0,20/01/2026,Parque Shopping Maceio
24204,0,20/01/2026,Parque Shopping Maceio
24219,0,20/01/2026,Parque Shopping Maceio
24220,0,20/01/2026,Parque Shopping Maceio
24221,0,20/01/2026,Parque Shopping Maceio
24234,0,20/01/2026,Parque Shopping Maceio
24238,0,20/01/2026,Parque Shopping Maceio
24324,2,20/01/2026,Parque Shopping Maceio
24325,2,20/01/2026,Parque Shopping Maceio
24326,3,20/01/2026,Parque Shopping Maceio
24327,1,20/01/2026,Parque Shopping Maceio
24328,1,20/01/2026,Parque Shopping Maceio
24329,4,20/01/2026,Parque Shopping Maceio
24330,2,20/01/2026,Parque Shopping Maceio
24344,3,20/01/2026,Parque Shopping Maceio
24387,3,20/01/2026,Parque Shopping Maceio
24401,4,20/01/2026,Parque Shopping Maceio
24412,0,20/01/2026,Parque Shopping Maceio
24413,0,20/01/2026,Parque Shopping Maceio
24415,4,20/01/2026,Parque Shopping Maceio
24416,1,20/01/2026,Parque Shopping Maceio
24417,0,20/01/2026,Parque Shopping Maceio
24418,0,20/01/2026,Parque Shopping Maceio
24419,0,20/01/2026,Parque Shopping Maceio
24421,0,20/01/2026,Parque Shopping Maceio
24422,0,20/01/2026,Parque Shopping Maceio
24423,0,20/01/2026,Parque Shopping Maceio
24424,0,20/01/2026,Parque Shopping Maceio
24426,0,20/01/2026,Parque Shopping Maceio
24427,0,20/01/2026,Parque Shopping Maceio
24428,0,20/01/2026,Parque Shopping Maceio
24429,0,20/01/2026,Parque Shopping Maceio
24430,0,20/01/2026,Parque Shopping Maceio
24431,0,20/01/2026,Parque Shopping Maceio
24432,1,20/01/2026,Parque Shopping Maceio
24433,0,20/01/2026,Parque Shopping Maceio
24435,0,20/01/2026,Parque Shopping Maceio
24436,0,20/01/2026,Parque Shopping Maceio
24438,0,20/01/2026,Parque Shopping Maceio
24439,0,20/01/2026,Parque Shopping Maceio
24442,0,20/01/2026,Parque Shopping Maceio
24443,0,20/01/2026,Parque Shopping Maceio
24445,0,20/01/2026,Parque Shopping Maceio
24446,0,20/01/2026,Parque Shopping Maceio
24447,0,20/01/2026,Parque Shopping Maceio
24448,0,20/01/2026,Parque Shopping Maceio
24449,0,20/01/2026,Parque Shopping Maceio
24450,1,20/01/2026,Parque Shopping Maceio
24452,0,20/01/2026,Parque Shopping Maceio
24454,5,20/01/2026,Parque Shopping Maceio
24455,0,20/01/2026,Parque Shopping Maceio
24469,0,20/01/2026,Parque Shopping Maceio
24470,0,20/01/2026,Parque Shopping Maceio
24533,0,20/01/2026,Parque Shopping Maceio
24534,1,20/01/2026,Parque Shopping Maceio
24579,2,20/01/2026,Parque Shopping Maceio
24580,2,20/01/2026,Parque Shopping Maceio
24581,0,20/01/2026,Parque Shopping Maceio
24582,0,20/01/2026,Parque Shopping Maceio
24583,0,20/01/2026,Parque Shopping Maceio
24584,0,20/01/2026,Parque Shopping Maceio
24585,0,20/01/2026,Parque Shopping Maceio
24586,0,20/01/2026,Parque Shopping Maceio
24587,0,20/01/2026,Parque Shopping Maceio
24588,1,20/01/2026,Parque Shopping Maceio
24589,2,20/01/2026,Parque Shopping Maceio
24590,2,20/01/2026,Parque Shopping Maceio
24591,2,20/01/2026,Parque Shopping Maceio
24592,0,20/01/2026,Parque Shopping Maceio
24593,0,20/01/2026,Parque Shopping Maceio
24594,1,20/01/2026,Parque Shopping Maceio
24595,1,20/01/2026,Parque Shopping Maceio
24596,1,20/01/2026,Parque Shopping Maceio
24597,1,20/01/2026,Parque Shopping Maceio
24598,0,20/01/2026,Parque Shopping Maceio
24599,0,20/01/2026,Parque Shopping Maceio
24600,0,20/01/2026,Parque Shopping Maceio
24601,0,20/01/2026,Parque Shopping Maceio
24602,0,20/01/2026,Parque Shopping Maceio
24603,1,20/01/2026,Parque Shopping Maceio
24604,0,20/01/2026,Parque Shopping Maceio
24605,2,20/01/2026,Parque Shopping Maceio
24606,1,20/01/2026,Parque Shopping Maceio
24607,0,20/01/2026,Parque Shopping Maceio
24608,0,20/01/2026,Parque Shopping Maceio
24609,0,20/01/2026,Parque Shopping Maceio
24610,0,20/01/2026,Parque Shopping Maceio
24611,1,20/01/2026,Parque Shopping Maceio
24612,1,20/01/2026,Parque Shopping Maceio
24613,0,20/01/2026,Parque Shopping Maceio
24614,4,20/01/2026,Parque Shopping Maceio
24615,1,20/01/2026,Parque Shopping Maceio
24616,1,20/01/2026,Parque Shopping Maceio
24617,1,20/01/2026,Parque Shopping Maceio
24618,2,20/01/2026,Parque Shopping Maceio
24619,1,20/01/2026,Parque Shopping Maceio
24620,1,20/01/2026,Parque Shopping Maceio
24621,1,20/01/2026,Parque Shopping Maceio
24622,0,20/01/2026,Parque Shopping Maceio
24623,0,20/01/2026,Parque Shopping Maceio
24624,0,20/01/2026,Parque Shopping Maceio
24625,0,20/01/2026,Parque Shopping Maceio
24626,0,20/01/2026,Parque Shopping Maceio
24627,0,20/01/2026,Parque Shopping Maceio
24628,0,20/01/2026,Parque Shopping Maceio
24629,0,20/01/2026,Parque Shopping Maceio
24630,0,20/01/2026,Parque Shopping Maceio
24631,0,20/01/2026,Parque Shopping Maceio
24632,0,20/01/2026,Parque Shopping Maceio
24633,0,20/01/2026,Parque Shopping Maceio
24634,0,20/01/2026,Parque Shopping Maceio
24635,0,20/01/2026,Parque Shopping Maceio
24653,1,20/01/2026,Parque Shopping Maceio
24682,0,20/01/2026,Parque Shopping Maceio
24690,1,20/01/2026,Parque Shopping Maceio
24693,0,20/01/2026,Parque Shopping Maceio
24714,2,20/01/2026,Parque Shopping Maceio
24722,0,20/01/2026,Parque Shopping Maceio
24739,0,20/01/2026,Parque Shopping Maceio
24757,0,20/01/2026,Parque Shopping Maceio
24765,1,20/01/2026,Parque Shopping Maceio
24766,0,20/01/2026,Parque Shopping Maceio
24767,0,20/01/2026,Parque Shopping Maceio
24768,1,20/01/2026,Parque Shopping Maceio
24786,4,20/01/2026,Parque Shopping Maceio
24806,2,20/01/2026,Parque Shopping Maceio
24808,2,20/01/2026,Parque Shopping Maceio
24809,3,20/01/2026,Parque Shopping Maceio
24811,3,20/01/2026,Parque Shopping Maceio
24812,3,20/01/2026,Parque Shopping Maceio
24814,3,20/01/2026,Parque Shopping Maceio
24874,0,20/01/2026,Parque Shopping Maceio
24875,0,20/01/2026,Parque Shopping Maceio
24876,0,20/01/2026,Parque Shopping Maceio
24877,1,20/01/2026,Parque Shopping Maceio
24878,0,20/01/2026,Parque Shopping Maceio
24879,0,20/01/2026,Parque Shopping Maceio
24880,0,20/01/2026,Parque Shopping Maceio
24881,0,20/01/2026,Parque Shopping Maceio
24882,0,20/01/2026,Parque Shopping Maceio
24883,0,20/01/2026,Parque Shopping Maceio
24884,0,20/01/2026,Parque Shopping Maceio
24885,0,20/01/2026,Parque Shopping Maceio
24886,0,20/01/2026,Parque Shopping Maceio
24887,0,20/01/2026,Parque Shopping Maceio
24888,0,20/01/2026,Parque Shopping Maceio
24889,0,20/01/2026,Parque Shopping Maceio
24891,1,20/01/2026,Parque Shopping Maceio
24892,1,20/01/2026,Parque Shopping Maceio
24894,3,20/01/2026,Parque Shopping Maceio
24899,0,20/01/2026,Parque Shopping Maceio
24900,2,20/01/2026,Parque Shopping Maceio
24901,0,20/01/2026,Parque Shopping Maceio
24923,0,20/01/2026,Parque Shopping Maceio
24924,0,20/01/2026,Parque Shopping Maceio
24925,0,20/01/2026,Parque Shopping Maceio
24927,0,20/01/2026,Parque Shopping Maceio
24928,0,20/01/2026,Parque Shopping Maceio
24929,0,20/01/2026,Parque Shopping Maceio
24930,0,20/01/2026,Parque Shopping Maceio
24932,0,20/01/2026,Parque Shopping Maceio
24933,0,20/01/2026,Parque Shopping Maceio
24934,0,20/01/2026,Parque Shopping Maceio
24935,0,20/01/2026,Parque Shopping Maceio
24947,0,20/01/2026,Parque Shopping Maceio
24948,0,20/01/2026,Parque Shopping Maceio
24949,0,20/01/2026,Parque Shopping Maceio
24950,0,20/01/2026,Parque Shopping Maceio
24951,0,20/01/2026,Parque Shopping Maceio
24952,0,20/01/2026,Parque Shopping Maceio
24953,0,20/01/2026,Parque Shopping Maceio
24954,0,20/01/2026,Parque Shopping Maceio
24955,0,20/01/2026,Parque Shopping Maceio
24956,0,20/01/2026,Parque Shopping Maceio
24957,0,20/01/2026,Parque Shopping Maceio
24958,0,20/01/2026,Parque Shopping Maceio
24959,1,20/01/2026,Parque Shopping Maceio
24960,0,20/01/2026,Parque Shopping Maceio
24961,0,20/01/2026,Parque Shopping Maceio
24962,0,20/01/2026,Parque Shopping Maceio
24964,0,20/01/2026,Parque Shopping Maceio
24965,0,20/01/2026,Parque Shopping Maceio
24966,0,20/01/2026,Parque Shopping Maceio
24967,0,20/01/2026,Parque Shopping Maceio
24968,0,20/01/2026,Parque Shopping Maceio
24969,0,20/01/2026,Parque Shopping Maceio
24970,0,20/01/2026,Parque Shopping Maceio
24971,0,20/01/2026,Parque Shopping Maceio
24972,0,20/01/2026,Parque Shopping Maceio
24973,0,20/01/2026,Parque Shopping Maceio
24974,0,20/01/2026,Parque Shopping Maceio
24975,0,20/01/2026,Parque Shopping Maceio
24976,0,20/01/2026,Parque Shopping Maceio
24977,0,20/01/2026,Parque Shopping Maceio
24978,0,20/01/2026,Parque Shopping Maceio
24979,0,20/01/2026,Parque Shopping Maceio
24980,0,20/01/2026,Parque Shopping Maceio
24981,0,20/01/2026,Parque Shopping Maceio
24982,0,20/01/2026,Parque Shopping Maceio
24983,0,20/01/2026,Parque Shopping Maceio
24984,0,20/01/2026,Parque Shopping Maceio
24985,0,20/01/2026,Parque Shopping Maceio
24987,0,20/01/2026,Parque Shopping Maceio
25007,0,20/01/2026,Parque Shopping Maceio
25008,0,20/01/2026,Parque Shopping Maceio
25011,0,20/01/2026,Parque Shopping Maceio
25012,0,20/01/2026,Parque Shopping Maceio
25013,0,20/01/2026,Parque Shopping Maceio
25015,0,20/01/2026,Parque Shopping Maceio
25018,0,20/01/2026,Parque Shopping Maceio
25104,0,20/01/2026,Parque Shopping Maceio
25160,0,20/01/2026,Parque Shopping Maceio
25176,3,20/01/2026,Parque Shopping Maceio
25178,1,20/01/2026,Parque Shopping Maceio
25227,0,20/01/2026,Parque Shopping Maceio
25228,1,20/01/2026,Parque Shopping Maceio
25229,1,20/01/2026,Parque Shopping Maceio
25232,2,20/01/2026,Parque Shopping Maceio
25238,2,20/01/2026,Parque Shopping Maceio
25247,1,20/01/2026,Parque Shopping Maceio
25248,1,20/01/2026,Parque Shopping Maceio
25259,0,20/01/2026,Parque Shopping Maceio
25260,1,20/01/2026,Parque Shopping Maceio
25261,1,20/01/2026,Parque Shopping Maceio
25262,0,20/01/2026,Parque Shopping Maceio
25263,0,20/01/2026,Parque Shopping Maceio
25264,0,20/01/2026,Parque Shopping Maceio
25265,1,20/01/2026,Parque Shopping Maceio
25266,3,20/01/2026,Parque Shopping Maceio
25267,3,20/01/2026,Parque Shopping Maceio
25273,0,20/01/2026,Parque Shopping Maceio
25288,0,20/01/2026,Parque Shopping Maceio
25289,1,20/01/2026,Parque Shopping Maceio
25330,0,20/01/2026,Parque Shopping Maceio
25331,0,20/01/2026,Parque Shopping Maceio
25368,5,20/01/2026,Parque Shopping Maceio
25370,0,20/01/2026,Parque Shopping Maceio
25371,1,20/01/2026,Parque Shopping Maceio
25373,2,20/01/2026,Parque Shopping Maceio
25378,2,20/01/2026,Parque Shopping Maceio
25414,0,20/01/2026,Parque Shopping Maceio
25415,0,20/01/2026,Parque Shopping Maceio
25416,2,20/01/2026,Parque Shopping Maceio
25418,0,20/01/2026,Parque Shopping Maceio
25419,0,20/01/2026,Parque Shopping Maceio
25420,0,20/01/2026,Parque Shopping Maceio
25423,0,20/01/2026,Parque Shopping Maceio
25424,1,20/01/2026,Parque Shopping Maceio
25425,1,20/01/2026,Parque Shopping Maceio
25426,0,20/01/2026,Parque Shopping Maceio
25427,1,20/01/2026,Parque Shopping Maceio
25428,2,20/01/2026,Parque Shopping Maceio
25429,0,20/01/2026,Parque Shopping Maceio
25430,0,20/01/2026,Parque Shopping Maceio
25431,1,20/01/2026,Parque Shopping Maceio
25432,2,20/01/2026,Parque Shopping Maceio
25433,2,20/01/2026,Parque Shopping Maceio
25434,0,20/01/2026,Parque Shopping Maceio
25435,1,20/01/2026,Parque Shopping Maceio
25437,0,20/01/2026,Parque Shopping Maceio
25438,0,20/01/2026,Parque Shopping Maceio
25440,3,20/01/2026,Parque Shopping Maceio
25441,2,20/01/2026,Parque Shopping Maceio
25442,1,20/01/2026,Parque Shopping Maceio
25443,0,20/01/2026,Parque Shopping Maceio
25444,2,20/01/2026,Parque Shopping Maceio
25445,0,20/01/2026,Parque Shopping Maceio
25447,2,20/01/2026,Parque Shopping Maceio
25448,2,20/01/2026,Parque Shopping Maceio
25449,1,20/01/2026,Parque Shopping Maceio
25450,0,20/01/2026,Parque Shopping Maceio
25451,0,20/01/2026,Parque Shopping Maceio
25487,1,20/01/2026,Parque Shopping Maceio
25488,2,20/01/2026,Parque Shopping Maceio
25489,1,20/01/2026,Parque Shopping Maceio
25490,2,20/01/2026,Parque Shopping Maceio
25491,0,20/01/2026,Parque Shopping Maceio
25492,0,20/01/2026,Parque Shopping Maceio
25493,0,20/01/2026,Parque Shopping Maceio
25494,2,20/01/2026,Parque Shopping Maceio
25495,1,20/01/2026,Parque Shopping Maceio
25499,0,20/01/2026,Parque Shopping Maceio
25633,3,20/01/2026,Parque Shopping Maceio
25634,0,20/01/2026,Parque Shopping Maceio
25671,1,20/01/2026,Parque Shopping Maceio
25718,1,20/01/2026,Parque Shopping Maceio
25719,1,20/01/2026,Parque Shopping Maceio
25720,1,20/01/2026,Parque Shopping Maceio
25721,1,20/01/2026,Parque Shopping Maceio
25722,2,20/01/2026,Parque Shopping Maceio
25723,1,20/01/2026,Parque Shopping Maceio
25724,0,20/01/2026,Parque Shopping Maceio
25725,0,20/01/2026,Parque Shopping Maceio
25726,0,20/01/2026,Parque Shopping Maceio
25727,0,20/01/2026,Parque Shopping Maceio
25728,0,20/01/2026,Parque Shopping Maceio
25729,0,20/01/2026,Parque Shopping Maceio
25730,0,20/01/2026,Parque Shopping Maceio
25731,0,20/01/2026,Parque Shopping Maceio
25732,0,20/01/2026,Parque Shopping Maceio
25733,0,20/01/2026,Parque Shopping Maceio
25734,0,20/01/2026,Parque Shopping Maceio
25735,0,20/01/2026,Parque Shopping Maceio
25736,1,20/01/2026,Parque Shopping Maceio
25737,0,20/01/2026,Parque Shopping Maceio
25738,1,20/01/2026,Parque Shopping Maceio
25739,1,20/01/2026,Parque Shopping Maceio
25740,1,20/01/2026,Parque Shopping Maceio
25741,1,20/01/2026,Parque Shopping Maceio
25742,2,20/01/2026,Parque Shopping Maceio
25743,1,20/01/2026,Parque Shopping Maceio
25744,1,20/01/2026,Parque Shopping Maceio
25745,1,20/01/2026,Parque Shopping Maceio
25746,1,20/01/2026,Parque Shopping Maceio
25747,1,20/01/2026,Parque Shopping Maceio
25748,3,20/01/2026,Parque Shopping Maceio
25749,3,20/01/2026,Parque Shopping Maceio
25750,2,20/01/2026,Parque Shopping Maceio
25751,1,20/01/2026,Parque Shopping Maceio
25752,1,20/01/2026,Parque Shopping Maceio
25753,0,20/01/2026,Parque Shopping Maceio
25755,0,20/01/2026,Parque Shopping Maceio
25756,1,20/01/2026,Parque Shopping Maceio
25757,1,20/01/2026,Parque Shopping Maceio
25788,1,20/01/2026,Parque Shopping Maceio
25796,0,20/01/2026,Parque Shopping Maceio
25797,2,20/01/2026,Parque Shopping Maceio
25800,0,20/01/2026,Parque Shopping Maceio
25808,0,20/01/2026,Parque Shopping Maceio
25810,1,20/01/2026,Parque Shopping Maceio
25811,0,20/01/2026,Parque Shopping Maceio
25812,1,20/01/2026,Parque Shopping Maceio
25813,0,20/01/2026,Parque Shopping Maceio
25814,0,20/01/2026,Parque Shopping Maceio
25815,0,20/01/2026,Parque Shopping Maceio
25816,0,20/01/2026,Parque Shopping Maceio
25817,0,20/01/2026,Parque Shopping Maceio
25818,0,20/01/2026,Parque Shopping Maceio
25819,0,20/01/2026,Parque Shopping Maceio
25831,0,20/01/2026,Parque Shopping Maceio
25838,0,20/01/2026,Parque Shopping Maceio
25840,0,20/01/2026,Parque Shopping Maceio
25842,1,20/01/2026,Parque Shopping Maceio
25846,0,20/01/2026,Parque Shopping Maceio
25849,0,20/01/2026,Parque Shopping Maceio
25854,0,20/01/2026,Parque Shopping Maceio
25855,0,20/01/2026,Parque Shopping Maceio
25856,0,20/01/2026,Parque Shopping Maceio
25857,0,20/01/2026,Parque Shopping Maceio
25858,0,20/01/2026,Parque Shopping Maceio
25859,0,20/01/2026,Parque Shopping Maceio
25860,0,20/01/2026,Parque Shopping Maceio
25862,0,20/01/2026,Parque Shopping Maceio
25868,0,20/01/2026,Parque Shopping Maceio
25869,0,20/01/2026,Parque Shopping Maceio
25880,0,20/01/2026,Parque Shopping Maceio
25881,0,20/01/2026,Parque Shopping Maceio
25883,0,20/01/2026,Parque Shopping Maceio
26056,0,20/01/2026,Parque Shopping Maceio
26057,0,20/01/2026,Parque Shopping Maceio
26067,0,20/01/2026,Parque Shopping Maceio
26092,1,20/01/2026,Parque Shopping Maceio
26093,2,20/01/2026,Parque Shopping Maceio
26094,1,20/01/2026,Parque Shopping Maceio
26101,0,20/01/2026,Parque Shopping Maceio
26131,0,20/01/2026,Parque Shopping Maceio
26132,1,20/01/2026,Parque Shopping Maceio
26139,0,20/01/2026,Parque Shopping Maceio
26140,0,20/01/2026,Parque Shopping Maceio
26177,0,20/01/2026,Parque Shopping Maceio
26178,1,20/01/2026,Parque Shopping Maceio
26179,1,20/01/2026,Parque Shopping Maceio
26180,1,20/01/2026,Parque Shopping Maceio
26181,1,20/01/2026,Parque Shopping Maceio
26182,1,20/01/2026,Parque Shopping Maceio
26183,2,20/01/2026,Parque Shopping Maceio
26184,1,20/01/2026,Parque Shopping Maceio
26185,2,20/01/2026,Parque Shopping Maceio
26190,2,20/01/2026,Parque Shopping Maceio
26202,1,20/01/2026,Parque Shopping Maceio
26203,2,20/01/2026,Parque Shopping Maceio
26204,0,20/01/2026,Parque Shopping Maceio
26205,1,20/01/2026,Parque Shopping Maceio
26206,1,20/01/2026,Parque Shopping Maceio
26207,2,20/01/2026,Parque Shopping Maceio
26208,1,20/01/2026,Parque Shopping Maceio
26209,2,20/01/2026,Parque Shopping Maceio
26210,1,20/01/2026,Parque Shopping Maceio
26211,2,20/01/2026,Parque Shopping Maceio
26212,1,20/01/2026,Parque Shopping Maceio
26213,2,20/01/2026,Parque Shopping Maceio
26214,1,20/01/2026,Parque Shopping Maceio
26215,0,20/01/2026,Parque Shopping Maceio
26216,2,20/01/2026,Parque Shopping Maceio
26217,3,20/01/2026,Parque Shopping Maceio
26218,2,20/01/2026,Parque Shopping Maceio
26219,4,20/01/2026,Parque Shopping Maceio
26220,2,20/01/2026,Parque Shopping Maceio
26221,3,20/01/2026,Parque Shopping Maceio
26243,0,20/01/2026,Parque Shopping Maceio
26244,0,20/01/2026,Parque Shopping Maceio
26245,1,20/01/2026,Parque Shopping Maceio
26258,0,20/01/2026,Parque Shopping Maceio
26260,0,20/01/2026,Parque Shopping Maceio
26268,4,20/01/2026,Parque Shopping Maceio
26269,3,20/01/2026,Parque Shopping Maceio
26270,2,20/01/2026,Parque Shopping Maceio
26275,0,20/01/2026,Parque Shopping Maceio
26278,0,20/01/2026,Parque Shopping Maceio
26294,1,20/01/2026,Parque Shopping Maceio
26322,0,20/01/2026,Parque Shopping Maceio
26326,0,20/01/2026,Parque Shopping Maceio
26365,0,20/01/2026,Parque Shopping Maceio
26366,1,20/01/2026,Parque Shopping Maceio
26367,0,20/01/2026,Parque Shopping Maceio
26368,1,20/01/2026,Parque Shopping Maceio
26369,0,20/01/2026,Parque Shopping Maceio
26370,0,20/01/2026,Parque Shopping Maceio
26371,0,20/01/2026,Parque Shopping Maceio
26372,1,20/01/2026,Parque Shopping Maceio
26373,0,20/01/2026,Parque Shopping Maceio
26374,0,20/01/2026,Parque Shopping Maceio
26375,1,20/01/2026,Parque Shopping Maceio
26376,2,20/01/2026,Parque Shopping Maceio
26377,2,20/01/2026,Parque Shopping Maceio
26378,1,20/01/2026,Parque Shopping Maceio
26379,0,20/01/2026,Parque Shopping Maceio
26380,0,20/01/2026,Parque Shopping Maceio
26381,1,20/01/2026,Parque Shopping Maceio
26382,0,20/01/2026,Parque Shopping Maceio
26383,1,20/01/2026,Parque Shopping Maceio
26384,0,20/01/2026,Parque Shopping Maceio
26385,0,20/01/2026,Parque Shopping Maceio
26386,0,20/01/2026,Parque Shopping Maceio
26387,0,20/01/2026,Parque Shopping Maceio
26388,0,20/01/2026,Parque Shopping Maceio
26389,0,20/01/2026,Parque Shopping Maceio
26399,0,20/01/2026,Parque Shopping Maceio
26400,0,20/01/2026,Parque Shopping Maceio
26401,1,20/01/2026,Parque Shopping Maceio
26402,1,20/01/2026,Parque Shopping Maceio
26403,1,20/01/2026,Parque Shopping Maceio
26404,0,20/01/2026,Parque Shopping Maceio
26405,2,20/01/2026,Parque Shopping Maceio
26406,2,20/01/2026,Parque Shopping Maceio
26407,1,20/01/2026,Parque Shopping Maceio
26408,1,20/01/2026,Parque Shopping Maceio
26409,1,20/01/2026,Parque Shopping Maceio
26410,2,20/01/2026,Parque Shopping Maceio
26411,0,20/01/2026,Parque Shopping Maceio
26412,1,20/01/2026,Parque Shopping Maceio
26413,1,20/01/2026,Parque Shopping Maceio
26414,0,20/01/2026,Parque Shopping Maceio
26415,1,20/01/2026,Parque Shopping Maceio
26450,0,20/01/2026,Parque Shopping Maceio
26583,1,20/01/2026,Parque Shopping Maceio
26589,1,20/01/2026,Parque Shopping Maceio
26590,1,20/01/2026,Parque Shopping Maceio
26598,1,20/01/2026,Parque Shopping Maceio
26599,2,20/01/2026,Parque Shopping Maceio
26600,2,20/01/2026,Parque Shopping Maceio
26601,3,20/01/2026,Parque Shopping Maceio
26692,0,20/01/2026,Parque Shopping Maceio
26721,2,20/01/2026,Parque Shopping Maceio
26722,3,20/01/2026,Parque Shopping Maceio
26723,2,20/01/2026,Parque Shopping Maceio
26745,0,20/01/2026,Parque Shopping Maceio
26746,0,20/01/2026,Parque Shopping Maceio
26747,0,20/01/2026,Parque Shopping Maceio
26748,0,20/01/2026,Parque Shopping Maceio
26749,0,20/01/2026,Parque Shopping Maceio
26750,0,20/01/2026,Parque Shopping Maceio
26751,0,20/01/2026,Parque Shopping Maceio
26752,0,20/01/2026,Parque Shopping Maceio
26753,0,20/01/2026,Parque Shopping Maceio
26754,0,20/01/2026,Parque Shopping Maceio
26755,0,20/01/2026,Parque Shopping Maceio
26756,0,20/01/2026,Parque Shopping Maceio
26757,0,20/01/2026,Parque Shopping Maceio
26758,0,20/01/2026,Parque Shopping Maceio
26759,0,20/01/2026,Parque Shopping Maceio
26760,0,20/01/2026,Parque Shopping Maceio
26761,0,20/01/2026,Parque Shopping Maceio
26762,0,20/01/2026,Parque Shopping Maceio
26764,0,20/01/2026,Parque Shopping Maceio
26766,1,20/01/2026,Parque Shopping Maceio
26767,1,20/01/2026,Parque Shopping Maceio
26768,5,20/01/2026,Parque Shopping Maceio
26769,1,20/01/2026,Parque Shopping Maceio
26815,0,20/01/2026,Parque Shopping Maceio
26829,0,20/01/2026,Parque Shopping Maceio
26842,1,20/01/2026,Parque Shopping Maceio
26843,1,20/01/2026,Parque Shopping Maceio
26844,2,20/01/2026,Parque Shopping Maceio
26845,2,20/01/2026,Parque Shopping Maceio
26923,2,20/01/2026,Parque Shopping Maceio
26931,0,20/01/2026,Parque Shopping Maceio
26932,0,20/01/2026,Parque Shopping Maceio
26934,0,20/01/2026,Parque Shopping Maceio
26935,0,20/01/2026,Parque Shopping Maceio
26936,0,20/01/2026,Parque Shopping Maceio
26938,0,20/01/2026,Parque Shopping Maceio
26940,0,20/01/2026,Parque Shopping Maceio
26942,0,20/01/2026,Parque Shopping Maceio
26944,0,20/01/2026,Parque Shopping Maceio
26945,0,20/01/2026,Parque Shopping Maceio
26946,0,20/01/2026,Parque Shopping Maceio
26947,0,20/01/2026,Parque Shopping Maceio
26948,0,20/01/2026,Parque Shopping Maceio
26949,1,20/01/2026,Parque Shopping Maceio
26950,2,20/01/2026,Parque Shopping Maceio
26951,0,20/01/2026,Parque Shopping Maceio
26952,0,20/01/2026,Parque Shopping Maceio
26953,0,20/01/2026,Parque Shopping Maceio
26954,0,20/01/2026,Parque Shopping Maceio
26955,1,20/01/2026,Parque Shopping Maceio
26957,0,20/01/2026,Parque Shopping Maceio
26958,0,20/01/2026,Parque Shopping Maceio
26959,0,20/01/2026,Parque Shopping Maceio
26960,0,20/01/2026,Parque Shopping Maceio
26975,0,20/01/2026,Parque Shopping Maceio
26978,0,20/01/2026,Parque Shopping Maceio
26979,3,20/01/2026,Parque Shopping Maceio
27003,0,20/01/2026,Parque Shopping Maceio
27013,0,20/01/2026,Parque Shopping Maceio
27017,0,20/01/2026,Parque Shopping Maceio
27027,0,20/01/2026,Parque Shopping Maceio
27028,0,20/01/2026,Parque Shopping Maceio
27029,0,20/01/2026,Parque Shopping Maceio
27030,0,20/01/2026,Parque Shopping Maceio
27031,0,20/01/2026,Parque Shopping Maceio
27032,0,20/01/2026,Parque Shopping Maceio
27055,1,20/01/2026,Parque Shopping Maceio
27056,1,20/01/2026,Parque Shopping Maceio
27057,1,20/01/2026,Parque Shopping Maceio
27058,2,20/01/2026,Parque Shopping Maceio
27059,0,20/01/2026,Parque Shopping Maceio
27060,1,20/01/2026,Parque Shopping Maceio
27061,1,20/01/2026,Parque Shopping Maceio
27062,1,20/01/2026,Parque Shopping Maceio
27063,1,20/01/2026,Parque Shopping Maceio
27064,1,20/01/2026,Parque Shopping Maceio
27065,2,20/01/2026,Parque Shopping Maceio
27066,2,20/01/2026,Parque Shopping Maceio
27067,3,20/01/2026,Parque Shopping Maceio
27068,1,20/01/2026,Parque Shopping Maceio
27069,2,20/01/2026,Parque Shopping Maceio
27070,1,20/01/2026,Parque Shopping Maceio
27071,1,20/01/2026,Parque Shopping Maceio
27072,1,20/01/2026,Parque Shopping Maceio
27090,1,20/01/2026,Parque Shopping Maceio
27097,3,20/01/2026,Parque Shopping Maceio
27098,1,20/01/2026,Parque Shopping Maceio
27108,0,20/01/2026,Parque Shopping Maceio
27109,1,20/01/2026,Parque Shopping Maceio
27110,1,20/01/2026,Parque Shopping Maceio
27111,1,20/01/2026,Parque Shopping Maceio
27112,1,20/01/2026,Parque Shopping Maceio
27113,1,20/01/2026,Parque Shopping Maceio
27114,1,20/01/2026,Parque Shopping Maceio
27115,1,20/01/2026,Parque Shopping Maceio
27116,1,20/01/2026,Parque Shopping Maceio
27125,1,20/01/2026,Parque Shopping Maceio
27130,0,20/01/2026,Parque Shopping Maceio
27131,0,20/01/2026,Parque Shopping Maceio
27132,0,20/01/2026,Parque Shopping Maceio
27133,0,20/01/2026,Parque Shopping Maceio
27184,1,20/01/2026,Parque Shopping Maceio
27188,0,20/01/2026,Parque Shopping Maceio
27189,0,20/01/2026,Parque Shopping Maceio
27190,0,20/01/2026,Parque Shopping Maceio
27191,0,20/01/2026,Parque Shopping Maceio
27192,0,20/01/2026,Parque Shopping Maceio
27193,0,20/01/2026,Parque Shopping Maceio
27211,0,20/01/2026,Parque Shopping Maceio
27219,0,20/01/2026,Parque Shopping Maceio
27227,0,20/01/2026,Parque Shopping Maceio
27229,0,20/01/2026,Parque Shopping Maceio
27230,0,20/01/2026,Parque Shopping Maceio
27231,1,20/01/2026,Parque Shopping Maceio
27233,1,20/01/2026,Parque Shopping Maceio
27234,1,20/01/2026,Parque Shopping Maceio
27235,0,20/01/2026,Parque Shopping Maceio
27238,0,20/01/2026,Parque Shopping Maceio
27251,1,20/01/2026,Parque Shopping Maceio
27252,0,20/01/2026,Parque Shopping Maceio
27253,0,20/01/2026,Parque Shopping Maceio
27254,0,20/01/2026,Parque Shopping Maceio
27256,1,20/01/2026,Parque Shopping Maceio
27257,1,20/01/2026,Parque Shopping Maceio
27258,1,20/01/2026,Parque Shopping Maceio
27259,1,20/01/2026,Parque Shopping Maceio
27260,1,20/01/2026,Parque Shopping Maceio
27261,1,20/01/2026,Parque Shopping Maceio
27262,0,20/01/2026,Parque Shopping Maceio
27263,0,20/01/2026,Parque Shopping Maceio
27264,0,20/01/2026,Parque Shopping Maceio
27265,0,20/01/2026,Parque Shopping Maceio
27273,0,20/01/2026,Parque Shopping Maceio
27274,0,20/01/2026,Parque Shopping Maceio
27275,0,20/01/2026,Parque Shopping Maceio
27276,0,20/01/2026,Parque Shopping Maceio
27277,0,20/01/2026,Parque Shopping Maceio
27278,0,20/01/2026,Parque Shopping Maceio
27279,0,20/01/2026,Parque Shopping Maceio
27280,0,20/01/2026,Parque Shopping Maceio
27281,0,20/01/2026,Parque Shopping Maceio
27282,0,20/01/2026,Parque Shopping Maceio
27283,0,20/01/2026,Parque Shopping Maceio
27284,0,20/01/2026,Parque Shopping Maceio
27285,0,20/01/2026,Parque Shopping Maceio
27286,0,20/01/2026,Parque Shopping Maceio
27287,0,20/01/2026,Parque Shopping Maceio
27449,0,20/01/2026,Parque Shopping Maceio
27482,0,20/01/2026,Parque Shopping Maceio
27483,0,20/01/2026,Parque Shopping Maceio
27491,1,20/01/2026,Parque Shopping Maceio
27495,2,20/01/2026,Parque Shopping Maceio
27496,0,20/01/2026,Parque Shopping Maceio
27497,1,20/01/2026,Parque Shopping Maceio
27498,1,20/01/2026,Parque Shopping Maceio
27509,0,20/01/2026,Parque Shopping Maceio
27510,0,20/01/2026,Parque Shopping Maceio
27511,0,20/01/2026,Parque Shopping Maceio
27532,0,20/01/2026,Parque Shopping Maceio
27533,0,20/01/2026,Parque Shopping Maceio
27534,0,20/01/2026,Parque Shopping Maceio
27535,0,20/01/2026,Parque Shopping Maceio
27537,0,20/01/2026,Parque Shopping Maceio
27538,0,20/01/2026,Parque Shopping Maceio
27539,0,20/01/2026,Parque Shopping Maceio
27540,0,20/01/2026,Parque Shopping Maceio
27541,0,20/01/2026,Parque Shopping Maceio
27551,0,20/01/2026,Parque Shopping Maceio
27634,0,20/01/2026,Parque Shopping Maceio
27660,0,20/01/2026,Parque Shopping Maceio
27662,0,20/01/2026,Parque Shopping Maceio
27669,0,20/01/2026,Parque Shopping Maceio
27673,0,20/01/2026,Parque Shopping Maceio
27715,0,20/01/2026,Parque Shopping Maceio
27716,1,20/01/2026,Parque Shopping Maceio
313,0,20/01/2026,Salvador Shopping
322,0,20/01/2026,Salvador Shopping
338,0,20/01/2026,Salvador Shopping
341,0,20/01/2026,Salvador Shopping
398,0,20/01/2026,Salvador Shopping
610,0,20/01/2026,Salvador Shopping
674,0,20/01/2026,Salvador Shopping
727,0,20/01/2026,Salvador Shopping
887,2,20/01/2026,Salvador Shopping
888,3,20/01/2026,Salvador Shopping
889,0,20/01/2026,Salvador Shopping
890,0,20/01/2026,Salvador Shopping
1049,0,20/01/2026,Salvador Shopping
1100,0,20/01/2026,Salvador Shopping
1109,1,20/01/2026,Salvador Shopping
1119,0,20/01/2026,Salvador Shopping
1276,0,20/01/2026,Salvador Shopping
1277,0,20/01/2026,Salvador Shopping
1362,0,20/01/2026,Salvador Shopping
1363,0,20/01/2026,Salvador Shopping
1367,3,20/01/2026,Salvador Shopping
1368,2,20/01/2026,Salvador Shopping
1405,3,20/01/2026,Salvador Shopping
1438,0,20/01/2026,Salvador Shopping
1499,0,20/01/2026,Salvador Shopping
1526,0,20/01/2026,Salvador Shopping
1712,2,20/01/2026,Salvador Shopping
1941,0,20/01/2026,Salvador Shopping
2197,0,20/01/2026,Salvador Shopping
2200,0,20/01/2026,Salvador Shopping
2202,0,20/01/2026,Salvador Shopping
2207,0,20/01/2026,Salvador Shopping
2208,0,20/01/2026,Salvador Shopping
2217,0,20/01/2026,Salvador Shopping
2398,0,20/01/2026,Salvador Shopping
2403,0,20/01/2026,Salvador Shopping
2617,1,20/01/2026,Salvador Shopping
2646,0,20/01/2026,Salvador Shopping
2693,0,20/01/2026,Salvador Shopping
2697,0,20/01/2026,Salvador Shopping
2721,0,20/01/2026,Salvador Shopping
2723,0,20/01/2026,Salvador Shopping
2725,1,20/01/2026,Salvador Shopping
2811,4,20/01/2026,Salvador Shopping
2842,2,20/01/2026,Salvador Shopping
2844,1,20/01/2026,Salvador Shopping
2845,0,20/01/2026,Salvador Shopping
2867,0,20/01/2026,Salvador Shopping
2881,0,20/01/2026,Salvador Shopping
2930,0,20/01/2026,Salvador Shopping
3056,0,20/01/2026,Salvador Shopping
3065,3,20/01/2026,Salvador Shopping
3099,0,20/01/2026,Salvador Shopping
3147,0,20/01/2026,Salvador Shopping
3190,0,20/01/2026,Salvador Shopping
3406,0,20/01/2026,Salvador Shopping
3462,0,20/01/2026,Salvador Shopping
3532,0,20/01/2026,Salvador Shopping
3533,1,20/01/2026,Salvador Shopping
3554,0,20/01/2026,Salvador Shopping
3555,0,20/01/2026,Salvador Shopping
3556,0,20/01/2026,Salvador Shopping
3573,0,20/01/2026,Salvador Shopping
3746,0,20/01/2026,Salvador Shopping
3747,1,20/01/2026,Salvador Shopping
3751,5,20/01/2026,Salvador Shopping
3800,0,20/01/2026,Salvador Shopping
3823,1,20/01/2026,Salvador Shopping
3825,0,20/01/2026,Salvador Shopping
3871,0,20/01/2026,Salvador Shopping
3882,0,20/01/2026,Salvador Shopping
3901,0,20/01/2026,Salvador Shopping
3904,1,20/01/2026,Salvador Shopping
3905,3,20/01/2026,Salvador Shopping
3906,0,20/01/2026,Salvador Shopping
3969,2,20/01/2026,Salvador Shopping
4028,2,20/01/2026,Salvador Shopping
4030,2,20/01/2026,Salvador Shopping
4031,0,20/01/2026,Salvador Shopping
4032,0,20/01/2026,Salvador Shopping
4033,2,20/01/2026,Salvador Shopping
4034,0,20/01/2026,Salvador Shopping
4035,0,20/01/2026,Salvador Shopping
4054,0,20/01/2026,Salvador Shopping
4111,0,20/01/2026,Salvador Shopping
4112,0,20/01/2026,Salvador Shopping
4113,0,20/01/2026,Salvador Shopping
4114,0,20/01/2026,Salvador Shopping
4140,0,20/01/2026,Salvador Shopping
4141,5,20/01/2026,Salvador Shopping
4147,0,20/01/2026,Salvador Shopping
4148,0,20/01/2026,Salvador Shopping
4149,0,20/01/2026,Salvador Shopping
4160,0,20/01/2026,Salvador Shopping
4310,0,20/01/2026,Salvador Shopping
4312,1,20/01/2026,Salvador Shopping
4325,0,20/01/2026,Salvador Shopping
4347,0,20/01/2026,Salvador Shopping
4348,2,20/01/2026,Salvador Shopping
4349,3,20/01/2026,Salvador Shopping
4350,0,20/01/2026,Salvador Shopping
4351,0,20/01/2026,Salvador Shopping
4352,3,20/01/2026,Salvador Shopping
4353,3,20/01/2026,Salvador Shopping
4354,2,20/01/2026,Salvador Shopping
4355,3,20/01/2026,Salvador Shopping
4356,1,20/01/2026,Salvador Shopping
4357,0,20/01/2026,Salvador Shopping
4358,0,20/01/2026,Salvador Shopping
4359,0,20/01/2026,Salvador Shopping
4362,3,20/01/2026,Salvador Shopping
4363,3,20/01/2026,Salvador Shopping
4364,0,20/01/2026,Salvador Shopping
4365,2,20/01/2026,Salvador Shopping
4366,2,20/01/2026,Salvador Shopping
4367,3,20/01/2026,Salvador Shopping
4368,0,20/01/2026,Salvador Shopping
4372,0,20/01/2026,Salvador Shopping
4380,3,20/01/2026,Salvador Shopping
4382,0,20/01/2026,Salvador Shopping
4395,0,20/01/2026,Salvador Shopping
4434,3,20/01/2026,Salvador Shopping
4456,0,20/01/2026,Salvador Shopping
4457,0,20/01/2026,Salvador Shopping
4459,0,20/01/2026,Salvador Shopping
4460,0,20/01/2026,Salvador Shopping
4497,1,20/01/2026,Salvador Shopping
4499,0,20/01/2026,Salvador Shopping
4550,0,20/01/2026,Salvador Shopping
4600,0,20/01/2026,Salvador Shopping
4658,3,20/01/2026,Salvador Shopping
4660,2,20/01/2026,Salvador Shopping
4687,0,20/01/2026,Salvador Shopping
4688,0,20/01/2026,Salvador Shopping
4700,0,20/01/2026,Salvador Shopping
4725,0,20/01/2026,Salvador Shopping
4726,0,20/01/2026,Salvador Shopping
4727,0,20/01/2026,Salvador Shopping
4728,2,20/01/2026,Salvador Shopping
4750,0,20/01/2026,Salvador Shopping
4882,0,20/01/2026,Salvador Shopping
4980,0,20/01/2026,Salvador Shopping
4981,2,20/01/2026,Salvador Shopping
5049,0,20/01/2026,Salvador Shopping
5702,1,20/01/2026,Salvador Shopping
5703,0,20/01/2026,Salvador Shopping
5704,0,20/01/2026,Salvador Shopping
5705,0,20/01/2026,Salvador Shopping
6332,0,20/01/2026,Salvador Shopping
8144,0,20/01/2026,Salvador Shopping
8145,0,20/01/2026,Salvador Shopping
8146,2,20/01/2026,Salvador Shopping
8152,0,20/01/2026,Salvador Shopping
8153,1,20/01/2026,Salvador Shopping
8154,1,20/01/2026,Salvador Shopping
8155,0,20/01/2026,Salvador Shopping
8156,0,20/01/2026,Salvador Shopping
8157,2,20/01/2026,Salvador Shopping
8158,0,20/01/2026,Salvador Shopping
8159,1,20/01/2026,Salvador Shopping
8520,0,20/01/2026,Salvador Shopping
8521,0,20/01/2026,Salvador Shopping
20715,0,20/01/2026,Salvador Shopping
20716,0,20/01/2026,Salvador Shopping
20717,1,20/01/2026,Salvador Shopping
20718,0,20/01/2026,Salvador Shopping
20719,0,20/01/2026,Salvador Shopping
20720,2,20/01/2026,Salvador Shopping
20721,1,20/01/2026,Salvador Shopping
20722,0,20/01/2026,Salvador Shopping
20723,2,20/01/2026,Salvador Shopping
20737,1,20/01/2026,Salvador Shopping
20755,1,20/01/2026,Salvador Shopping
20790,0,20/01/2026,Salvador Shopping
20791,0,20/01/2026,Salvador Shopping
20792,0,20/01/2026,Salvador Shopping
20793,0,20/01/2026,Salvador Shopping
20833,0,20/01/2026,Salvador Shopping
20834,0,20/01/2026,Salvador Shopping
20875,2,20/01/2026,Salvador Shopping
20877,2,20/01/2026,Salvador Shopping
20990,3,20/01/2026,Salvador Shopping
21069,2,20/01/2026,Salvador Shopping
21080,3,20/01/2026,Salvador Shopping
21113,1,20/01/2026,Salvador Shopping
21143,0,20/01/2026,Salvador Shopping
21144,0,20/01/2026,Salvador Shopping
21145,0,20/01/2026,Salvador Shopping
21146,0,20/01/2026,Salvador Shopping
21147,0,20/01/2026,Salvador Shopping
21148,0,20/01/2026,Salvador Shopping
21149,2,20/01/2026,Salvador Shopping
21190,0,20/01/2026,Salvador Shopping
21191,0,20/01/2026,Salvador Shopping
21227,2,20/01/2026,Salvador Shopping
21255,0,20/01/2026,Salvador Shopping
21267,0,20/01/2026,Salvador Shopping
21279,2,20/01/2026,Salvador Shopping
21286,0,20/01/2026,Salvador Shopping
21288,0,20/01/2026,Salvador Shopping
21289,3,20/01/2026,Salvador Shopping
21290,1,20/01/2026,Salvador Shopping
21291,0,20/01/2026,Salvador Shopping
21295,2,20/01/2026,Salvador Shopping
21296,3,20/01/2026,Salvador Shopping
21299,2,20/01/2026,Salvador Shopping
21300,0,20/01/2026,Salvador Shopping
21309,1,20/01/2026,Salvador Shopping
21311,0,20/01/2026,Salvador Shopping
21312,1,20/01/2026,Salvador Shopping
21313,0,20/01/2026,Salvador Shopping
21314,4,20/01/2026,Salvador Shopping
21315,3,20/01/2026,Salvador Shopping
21316,1,20/01/2026,Salvador Shopping
21317,3,20/01/2026,Salvador Shopping
21383,0,20/01/2026,Salvador Shopping
21414,0,20/01/2026,Salvador Shopping
21458,0,20/01/2026,Salvador Shopping
21462,0,20/01/2026,Salvador Shopping
21463,0,20/01/2026,Salvador Shopping
21464,0,20/01/2026,Salvador Shopping
21466,0,20/01/2026,Salvador Shopping
21467,0,20/01/2026,Salvador Shopping
21492,3,20/01/2026,Salvador Shopping
21510,2,20/01/2026,Salvador Shopping
21511,2,20/01/2026,Salvador Shopping
21512,2,20/01/2026,Salvador Shopping
21513,2,20/01/2026,Salvador Shopping
21514,2,20/01/2026,Salvador Shopping
21547,0,20/01/2026,Salvador Shopping
21557,2,20/01/2026,Salvador Shopping
21574,0,20/01/2026,Salvador Shopping
21575,2,20/01/2026,Salvador Shopping
21576,0,20/01/2026,Salvador Shopping
21581,0,20/01/2026,Salvador Shopping
21582,0,20/01/2026,Salvador Shopping
21583,1,20/01/2026,Salvador Shopping
21601,2,20/01/2026,Salvador Shopping
21613,0,20/01/2026,Salvador Shopping
21614,0,20/01/2026,Salvador Shopping
21682,0,20/01/2026,Salvador Shopping
21691,3,20/01/2026,Salvador Shopping
21694,0,20/01/2026,Salvador Shopping
21696,3,20/01/2026,Salvador Shopping
21697,0,20/01/2026,Salvador Shopping
21698,7,20/01/2026,Salvador Shopping
21703,0,20/01/2026,Salvador Shopping
21704,0,20/01/2026,Salvador Shopping
21710,3,20/01/2026,Salvador Shopping
21717,0,20/01/2026,Salvador Shopping
21718,0,20/01/2026,Salvador Shopping
21719,0,20/01/2026,Salvador Shopping
21875,0,20/01/2026,Salvador Shopping
21876,0,20/01/2026,Salvador Shopping
21905,3,20/01/2026,Salvador Shopping
21909,0,20/01/2026,Salvador Shopping
21910,0,20/01/2026,Salvador Shopping
21911,0,20/01/2026,Salvador Shopping
21912,0,20/01/2026,Salvador Shopping
21913,1,20/01/2026,Salvador Shopping
21914,1,20/01/2026,Salvador Shopping
21915,2,20/01/2026,Salvador Shopping
21917,0,20/01/2026,Salvador Shopping
21918,0,20/01/2026,Salvador Shopping
21919,0,20/01/2026,Salvador Shopping
21920,1,20/01/2026,Salvador Shopping
21921,2,20/01/2026,Salvador Shopping
21923,2,20/01/2026,Salvador Shopping
21924,0,20/01/2026,Salvador Shopping
21925,0,20/01/2026,Salvador Shopping
21926,0,20/01/2026,Salvador Shopping
21927,0,20/01/2026,Salvador Shopping
22000,0,20/01/2026,Salvador Shopping
22001,0,20/01/2026,Salvador Shopping
22002,1,20/01/2026,Salvador Shopping
22101,0,20/01/2026,Salvador Shopping
22102,0,20/01/2026,Salvador Shopping
22103,0,20/01/2026,Salvador Shopping
22114,2,20/01/2026,Salvador Shopping
22191,2,20/01/2026,Salvador Shopping
22278,0,20/01/2026,Salvador Shopping
22306,0,20/01/2026,Salvador Shopping
22307,0,20/01/2026,Salvador Shopping
22308,0,20/01/2026,Salvador Shopping
22403,0,20/01/2026,Salvador Shopping
22417,0,20/01/2026,Salvador Shopping
22476,0,20/01/2026,Salvador Shopping
22477,0,20/01/2026,Salvador Shopping
22482,0,20/01/2026,Salvador Shopping
22487,2,20/01/2026,Salvador Shopping
22492,0,20/01/2026,Salvador Shopping
22504,0,20/01/2026,Salvador Shopping
22515,0,20/01/2026,Salvador Shopping
22547,0,20/01/2026,Salvador Shopping
22578,0,20/01/2026,Salvador Shopping
22589,0,20/01/2026,Salvador Shopping
22590,2,20/01/2026,Salvador Shopping
22595,0,20/01/2026,Salvador Shopping
22597,3,20/01/2026,Salvador Shopping
22598,0,20/01/2026,Salvador Shopping
22642,0,20/01/2026,Salvador Shopping
22666,0,20/01/2026,Salvador Shopping
22667,0,20/01/2026,Salvador Shopping
22668,0,20/01/2026,Salvador Shopping
22756,3,20/01/2026,Salvador Shopping
22850,0,20/01/2026,Salvador Shopping
22854,0,20/01/2026,Salvador Shopping
22859,2,20/01/2026,Salvador Shopping
22870,0,20/01/2026,Salvador Shopping
22883,0,20/01/2026,Salvador Shopping
22922,0,20/01/2026,Salvador Shopping
22923,0,20/01/2026,Salvador Shopping
22980,0,20/01/2026,Salvador Shopping
22985,0,20/01/2026,Salvador Shopping
22987,2,20/01/2026,Salvador Shopping
22988,0,20/01/2026,Salvador Shopping
22990,0,20/01/2026,Salvador Shopping
23003,1,20/01/2026,Salvador Shopping
23004,1,20/01/2026,Salvador Shopping
23005,0,20/01/2026,Salvador Shopping
23006,0,20/01/2026,Salvador Shopping
23007,0,20/01/2026,Salvador Shopping
23008,0,20/01/2026,Salvador Shopping
23010,0,20/01/2026,Salvador Shopping
23011,1,20/01/2026,Salvador Shopping
23012,0,20/01/2026,Salvador Shopping
23013,0,20/01/2026,Salvador Shopping
23014,0,20/01/2026,Salvador Shopping
23015,0,20/01/2026,Salvador Shopping
23016,0,20/01/2026,Salvador Shopping
23017,0,20/01/2026,Salvador Shopping
23018,0,20/01/2026,Salvador Shopping
23019,0,20/01/2026,Salvador Shopping
23020,0,20/01/2026,Salvador Shopping
23023,0,20/01/2026,Salvador Shopping
23024,0,20/01/2026,Salvador Shopping
23061,2,20/01/2026,Salvador Shopping
23062,0,20/01/2026,Salvador Shopping
23063,2,20/01/2026,Salvador Shopping
23064,0,20/01/2026,Salvador Shopping
23065,2,20/01/2026,Salvador Shopping
23066,2,20/01/2026,Salvador Shopping
23067,2,20/01/2026,Salvador Shopping
23082,0,20/01/2026,Salvador Shopping
23083,0,20/01/2026,Salvador Shopping
23158,0,20/01/2026,Salvador Shopping
23186,0,20/01/2026,Salvador Shopping
23189,0,20/01/2026,Salvador Shopping
23217,0,20/01/2026,Salvador Shopping
23218,0,20/01/2026,Salvador Shopping
23224,0,20/01/2026,Salvador Shopping
23234,0,20/01/2026,Salvador Shopping
23264,0,20/01/2026,Salvador Shopping
23265,0,20/01/2026,Salvador Shopping
23266,0,20/01/2026,Salvador Shopping
23267,0,20/01/2026,Salvador Shopping
23268,0,20/01/2026,Salvador Shopping
23269,0,20/01/2026,Salvador Shopping
23270,0,20/01/2026,Salvador Shopping
23271,0,20/01/2026,Salvador Shopping
23273,0,20/01/2026,Salvador Shopping
23277,0,20/01/2026,Salvador Shopping
23284,1,20/01/2026,Salvador Shopping
23285,4,20/01/2026,Salvador Shopping
23286,3,20/01/2026,Salvador Shopping
23321,0,20/01/2026,Salvador Shopping
23323,0,20/01/2026,Salvador Shopping
23325,0,20/01/2026,Salvador Shopping
23341,2,20/01/2026,Salvador Shopping
23342,2,20/01/2026,Salvador Shopping
23364,0,20/01/2026,Salvador Shopping
23376,0,20/01/2026,Salvador Shopping
23397,1,20/01/2026,Salvador Shopping
23443,0,20/01/2026,Salvador Shopping
23461,0,20/01/2026,Salvador Shopping
23472,0,20/01/2026,Salvador Shopping
23473,0,20/01/2026,Salvador Shopping
23476,0,20/01/2026,Salvador Shopping
23590,2,20/01/2026,Salvador Shopping
23703,0,20/01/2026,Salvador Shopping
23714,0,20/01/2026,Salvador Shopping
23715,0,20/01/2026,Salvador Shopping
23716,0,20/01/2026,Salvador Shopping
23717,0,20/01/2026,Salvador Shopping
23718,0,20/01/2026,Salvador Shopping
23719,0,20/01/2026,Salvador Shopping
23720,0,20/01/2026,Salvador Shopping
23725,1,20/01/2026,Salvador Shopping
23726,0,20/01/2026,Salvador Shopping
23727,0,20/01/2026,Salvador Shopping
23728,0,20/01/2026,Salvador Shopping
23730,0,20/01/2026,Salvador Shopping
23731,0,20/01/2026,Salvador Shopping
23737,0,20/01/2026,Salvador Shopping
23738,0,20/01/2026,Salvador Shopping
23739,0,20/01/2026,Salvador Shopping
23740,0,20/01/2026,Salvador Shopping
23741,0,20/01/2026,Salvador Shopping
23742,0,20/01/2026,Salvador Shopping
23744,0,20/01/2026,Salvador Shopping
23745,0,20/01/2026,Salvador Shopping
23746,0,20/01/2026,Salvador Shopping
23747,0,20/01/2026,Salvador Shopping
23748,0,20/01/2026,Salvador Shopping
23755,0,20/01/2026,Salvador Shopping
23807,0,20/01/2026,Salvador Shopping
23810,0,20/01/2026,Salvador Shopping
23814,0,20/01/2026,Salvador Shopping
23817,0,20/01/2026,Salvador Shopping
23818,0,20/01/2026,Salvador Shopping
23819,0,20/01/2026,Salvador Shopping
23820,1,20/01/2026,Salvador Shopping
23821,0,20/01/2026,Salvador Shopping
23822,0,20/01/2026,Salvador Shopping
23827,0,20/01/2026,Salvador Shopping
23828,0,20/01/2026,Salvador Shopping
23829,0,20/01/2026,Salvador Shopping
23830,0,20/01/2026,Salvador Shopping
23887,0,20/01/2026,Salvador Shopping
23893,1,20/01/2026,Salvador Shopping
23894,3,20/01/2026,Salvador Shopping
23895,2,20/01/2026,Salvador Shopping
23896,2,20/01/2026,Salvador Shopping
23897,1,20/01/2026,Salvador Shopping
23898,2,20/01/2026,Salvador Shopping
23899,3,20/01/2026,Salvador Shopping
23900,3,20/01/2026,Salvador Shopping
23901,4,20/01/2026,Salvador Shopping
23902,0,20/01/2026,Salvador Shopping
23903,0,20/01/2026,Salvador Shopping
23904,0,20/01/2026,Salvador Shopping
23905,1,20/01/2026,Salvador Shopping
23906,1,20/01/2026,Salvador Shopping
23907,1,20/01/2026,Salvador Shopping
23908,2,20/01/2026,Salvador Shopping
23909,3,20/01/2026,Salvador Shopping
23910,3,20/01/2026,Salvador Shopping
23911,2,20/01/2026,Salvador Shopping
23912,2,20/01/2026,Salvador Shopping
23913,1,20/01/2026,Salvador Shopping
23914,2,20/01/2026,Salvador Shopping
23915,4,20/01/2026,Salvador Shopping
23916,2,20/01/2026,Salvador Shopping
23917,2,20/01/2026,Salvador Shopping
23918,3,20/01/2026,Salvador Shopping
23919,0,20/01/2026,Salvador Shopping
23920,0,20/01/2026,Salvador Shopping
23921,2,20/01/2026,Salvador Shopping
23922,2,20/01/2026,Salvador Shopping
23923,2,20/01/2026,Salvador Shopping
23924,1,20/01/2026,Salvador Shopping
23925,2,20/01/2026,Salvador Shopping
23926,0,20/01/2026,Salvador Shopping
23927,2,20/01/2026,Salvador Shopping
23928,2,20/01/2026,Salvador Shopping
23929,2,20/01/2026,Salvador Shopping
23930,0,20/01/2026,Salvador Shopping
23931,0,20/01/2026,Salvador Shopping
23932,0,20/01/2026,Salvador Shopping
23934,3,20/01/2026,Salvador Shopping
23935,0,20/01/2026,Salvador Shopping
23936,2,20/01/2026,Salvador Shopping
23937,0,20/01/2026,Salvador Shopping
23938,2,20/01/2026,Salvador Shopping
23939,0,20/01/2026,Salvador Shopping
23940,2,20/01/2026,Salvador Shopping
23941,2,20/01/2026,Salvador Shopping
23942,1,20/01/2026,Salvador Shopping
23943,0,20/01/2026,Salvador Shopping
23944,2,20/01/2026,Salvador Shopping
23945,1,20/01/2026,Salvador Shopping
23946,3,20/01/2026,Salvador Shopping
23947,0,20/01/2026,Salvador Shopping
23948,1,20/01/2026,Salvador Shopping
23949,0,20/01/2026,Salvador Shopping
23950,0,20/01/2026,Salvador Shopping
23951,3,20/01/2026,Salvador Shopping
23952,0,20/01/2026,Salvador Shopping
23953,0,20/01/2026,Salvador Shopping
23954,0,20/01/2026,Salvador Shopping
23955,2,20/01/2026,Salvador Shopping
23956,1,20/01/2026,Salvador Shopping
23958,1,20/01/2026,Salvador Shopping
23960,2,20/01/2026,Salvador Shopping
23961,2,20/01/2026,Salvador Shopping
23962,0,20/01/2026,Salvador Shopping
23963,2,20/01/2026,Salvador Shopping
23964,2,20/01/2026,Salvador Shopping
23965,3,20/01/2026,Salvador Shopping
23966,4,20/01/2026,Salvador Shopping
23967,1,20/01/2026,Salvador Shopping
23968,2,20/01/2026,Salvador Shopping
23969,2,20/01/2026,Salvador Shopping
23970,2,20/01/2026,Salvador Shopping
23971,0,20/01/2026,Salvador Shopping
23972,2,20/01/2026,Salvador Shopping
23973,0,20/01/2026,Salvador Shopping
23974,2,20/01/2026,Salvador Shopping
23975,2,20/01/2026,Salvador Shopping
23976,1,20/01/2026,Salvador Shopping
23977,2,20/01/2026,Salvador Shopping
23978,3,20/01/2026,Salvador Shopping
23979,2,20/01/2026,Salvador Shopping
23980,3,20/01/2026,Salvador Shopping
23981,2,20/01/2026,Salvador Shopping
23982,1,20/01/2026,Salvador Shopping
23983,1,20/01/2026,Salvador Shopping
23984,0,20/01/2026,Salvador Shopping
23985,0,20/01/2026,Salvador Shopping
23986,0,20/01/2026,Salvador Shopping
23987,3,20/01/2026,Salvador Shopping
23988,1,20/01/2026,Salvador Shopping
23989,2,20/01/2026,Salvador Shopping
23990,4,20/01/2026,Salvador Shopping
23991,1,20/01/2026,Salvador Shopping
23992,2,20/01/2026,Salvador Shopping
23993,3,20/01/2026,Salvador Shopping
23994,3,20/01/2026,Salvador Shopping
23995,2,20/01/2026,Salvador Shopping
23996,2,20/01/2026,Salvador Shopping
23997,3,20/01/2026,Salvador Shopping
23998,2,20/01/2026,Salvador Shopping
24000,1,20/01/2026,Salvador Shopping
24001,3,20/01/2026,Salvador Shopping
24002,1,20/01/2026,Salvador Shopping
24003,3,20/01/2026,Salvador Shopping
24004,0,20/01/2026,Salvador Shopping
24005,2,20/01/2026,Salvador Shopping
24006,0,20/01/2026,Salvador Shopping
24007,2,20/01/2026,Salvador Shopping
24008,1,20/01/2026,Salvador Shopping
24009,0,20/01/2026,Salvador Shopping
24010,0,20/01/2026,Salvador Shopping
24011,2,20/01/2026,Salvador Shopping
24012,0,20/01/2026,Salvador Shopping
24013,1,20/01/2026,Salvador Shopping
24014,1,20/01/2026,Salvador Shopping
24015,0,20/01/2026,Salvador Shopping
24016,1,20/01/2026,Salvador Shopping
24017,0,20/01/2026,Salvador Shopping
24018,1,20/01/2026,Salvador Shopping
24019,0,20/01/2026,Salvador Shopping
24021,1,20/01/2026,Salvador Shopping
24022,0,20/01/2026,Salvador Shopping
24023,0,20/01/2026,Salvador Shopping
24024,0,20/01/2026,Salvador Shopping
24025,3,20/01/2026,Salvador Shopping
24026,0,20/01/2026,Salvador Shopping
24027,3,20/01/2026,Salvador Shopping
24028,0,20/01/2026,Salvador Shopping
24029,3,20/01/2026,Salvador Shopping
24030,0,20/01/2026,Salvador Shopping
24031,1,20/01/2026,Salvador Shopping
24032,2,20/01/2026,Salvador Shopping
24033,1,20/01/2026,Salvador Shopping
24036,0,20/01/2026,Salvador Shopping
24037,0,20/01/2026,Salvador Shopping
24100,0,20/01/2026,Salvador Shopping
24101,2,20/01/2026,Salvador Shopping
24102,3,20/01/2026,Salvador Shopping
24103,3,20/01/2026,Salvador Shopping
24104,3,20/01/2026,Salvador Shopping
24105,2,20/01/2026,Salvador Shopping
24106,4,20/01/2026,Salvador Shopping
24107,3,20/01/2026,Salvador Shopping
24108,2,20/01/2026,Salvador Shopping
24109,2,20/01/2026,Salvador Shopping
24110,5,20/01/2026,Salvador Shopping
24111,0,20/01/2026,Salvador Shopping
24112,2,20/01/2026,Salvador Shopping
24113,1,20/01/2026,Salvador Shopping
24115,0,20/01/2026,Salvador Shopping
24116,0,20/01/2026,Salvador Shopping
24117,1,20/01/2026,Salvador Shopping
24118,2,20/01/2026,Salvador Shopping
24119,1,20/01/2026,Salvador Shopping
24120,1,20/01/2026,Salvador Shopping
24121,3,20/01/2026,Salvador Shopping
24122,0,20/01/2026,Salvador Shopping
24123,1,20/01/2026,Salvador Shopping
24124,0,20/01/2026,Salvador Shopping
24125,1,20/01/2026,Salvador Shopping
24126,1,20/01/2026,Salvador Shopping
24127,3,20/01/2026,Salvador Shopping
24128,2,20/01/2026,Salvador Shopping
24129,1,20/01/2026,Salvador Shopping
24130,0,20/01/2026,Salvador Shopping
24131,1,20/01/2026,Salvador Shopping
24134,2,20/01/2026,Salvador Shopping
24135,0,20/01/2026,Salvador Shopping
24136,1,20/01/2026,Salvador Shopping
24137,4,20/01/2026,Salvador Shopping
24140,0,20/01/2026,Salvador Shopping
24142,0,20/01/2026,Salvador Shopping
24149,0,20/01/2026,Salvador Shopping
24154,0,20/01/2026,Salvador Shopping
24158,1,20/01/2026,Salvador Shopping
24159,2,20/01/2026,Salvador Shopping
24160,1,20/01/2026,Salvador Shopping
24163,1,20/01/2026,Salvador Shopping
24164,2,20/01/2026,Salvador Shopping
24165,3,20/01/2026,Salvador Shopping
24166,0,20/01/2026,Salvador Shopping
24167,0,20/01/2026,Salvador Shopping
24168,0,20/01/2026,Salvador Shopping
24169,1,20/01/2026,Salvador Shopping
24170,1,20/01/2026,Salvador Shopping
24171,3,20/01/2026,Salvador Shopping
24172,1,20/01/2026,Salvador Shopping
24173,2,20/01/2026,Salvador Shopping
24174,1,20/01/2026,Salvador Shopping
24176,2,20/01/2026,Salvador Shopping
24177,2,20/01/2026,Salvador Shopping
24178,3,20/01/2026,Salvador Shopping
24179,2,20/01/2026,Salvador Shopping
24180,0,20/01/2026,Salvador Shopping
24188,0,20/01/2026,Salvador Shopping
24200,0,20/01/2026,Salvador Shopping
24204,1,20/01/2026,Salvador Shopping
24219,0,20/01/2026,Salvador Shopping
24220,0,20/01/2026,Salvador Shopping
24221,0,20/01/2026,Salvador Shopping
24234,2,20/01/2026,Salvador Shopping
24238,0,20/01/2026,Salvador Shopping
24324,3,20/01/2026,Salvador Shopping
24325,3,20/01/2026,Salvador Shopping
24326,3,20/01/2026,Salvador Shopping
24327,1,20/01/2026,Salvador Shopping
24328,1,20/01/2026,Salvador Shopping
24329,1,20/01/2026,Salvador Shopping
24330,1,20/01/2026,Salvador Shopping
24344,3,20/01/2026,Salvador Shopping
24387,2,20/01/2026,Salvador Shopping
24401,3,20/01/2026,Salvador Shopping
24412,1,20/01/2026,Salvador Shopping
24413,2,20/01/2026,Salvador Shopping
24415,2,20/01/2026,Salvador Shopping
24416,2,20/01/2026,Salvador Shopping
24417,2,20/01/2026,Salvador Shopping
24418,0,20/01/2026,Salvador Shopping
24419,0,20/01/2026,Salvador Shopping
24421,2,20/01/2026,Salvador Shopping
24422,1,20/01/2026,Salvador Shopping
24423,0,20/01/2026,Salvador Shopping
24424,0,20/01/2026,Salvador Shopping
24426,1,20/01/2026,Salvador Shopping
24427,0,20/01/2026,Salvador Shopping
24428,2,20/01/2026,Salvador Shopping
24429,0,20/01/2026,Salvador Shopping
24430,1,20/01/2026,Salvador Shopping
24431,2,20/01/2026,Salvador Shopping
24432,1,20/01/2026,Salvador Shopping
24433,0,20/01/2026,Salvador Shopping
24435,2,20/01/2026,Salvador Shopping
24436,0,20/01/2026,Salvador Shopping
24438,1,20/01/2026,Salvador Shopping
24439,1,20/01/2026,Salvador Shopping
24442,0,20/01/2026,Salvador Shopping
24443,0,20/01/2026,Salvador Shopping
24445,0,20/01/2026,Salvador Shopping
24446,0,20/01/2026,Salvador Shopping
24447,3,20/01/2026,Salvador Shopping
24448,0,20/01/2026,Salvador Shopping
24449,2,20/01/2026,Salvador Shopping
24450,1,20/01/2026,Salvador Shopping
24452,0,20/01/2026,Salvador Shopping
24454,4,20/01/2026,Salvador Shopping
24455,0,20/01/2026,Salvador Shopping
24469,2,20/01/2026,Salvador Shopping
24470,2,20/01/2026,Salvador Shopping
24533,2,20/01/2026,Salvador Shopping
24534,5,20/01/2026,Salvador Shopping
24579,3,20/01/2026,Salvador Shopping
24580,0,20/01/2026,Salvador Shopping
24581,1,20/01/2026,Salvador Shopping
24582,2,20/01/2026,Salvador Shopping
24583,2,20/01/2026,Salvador Shopping
24584,0,20/01/2026,Salvador Shopping
24585,1,20/01/2026,Salvador Shopping
24586,1,20/01/2026,Salvador Shopping
24587,1,20/01/2026,Salvador Shopping
24588,2,20/01/2026,Salvador Shopping
24589,3,20/01/2026,Salvador Shopping
24590,2,20/01/2026,Salvador Shopping
24591,0,20/01/2026,Salvador Shopping
24592,2,20/01/2026,Salvador Shopping
24593,3,20/01/2026,Salvador Shopping
24594,1,20/01/2026,Salvador Shopping
24595,1,20/01/2026,Salvador Shopping
24596,1,20/01/2026,Salvador Shopping
24597,0,20/01/2026,Salvador Shopping
24598,1,20/01/2026,Salvador Shopping
24599,1,20/01/2026,Salvador Shopping
24600,1,20/01/2026,Salvador Shopping
24601,0,20/01/2026,Salvador Shopping
24602,1,20/01/2026,Salvador Shopping
24603,1,20/01/2026,Salvador Shopping
24604,1,20/01/2026,Salvador Shopping
24605,1,20/01/2026,Salvador Shopping
24606,1,20/01/2026,Salvador Shopping
24607,1,20/01/2026,Salvador Shopping
24608,1,20/01/2026,Salvador Shopping
24609,3,20/01/2026,Salvador Shopping
24610,1,20/01/2026,Salvador Shopping
24611,0,20/01/2026,Salvador Shopping
24612,1,20/01/2026,Salvador Shopping
24613,1,20/01/2026,Salvador Shopping
24614,4,20/01/2026,Salvador Shopping
24615,2,20/01/2026,Salvador Shopping
24616,3,20/01/2026,Salvador Shopping
24617,1,20/01/2026,Salvador Shopping
24618,3,20/01/2026,Salvador Shopping
24619,5,20/01/2026,Salvador Shopping
24620,4,20/01/2026,Salvador Shopping
24621,3,20/01/2026,Salvador Shopping
24622,0,20/01/2026,Salvador Shopping
24623,1,20/01/2026,Salvador Shopping
24624,0,20/01/2026,Salvador Shopping
24625,1,20/01/2026,Salvador Shopping
24626,0,20/01/2026,Salvador Shopping
24627,1,20/01/2026,Salvador Shopping
24628,1,20/01/2026,Salvador Shopping
24629,1,20/01/2026,Salvador Shopping
24630,1,20/01/2026,Salvador Shopping
24631,1,20/01/2026,Salvador Shopping
24632,1,20/01/2026,Salvador Shopping
24633,0,20/01/2026,Salvador Shopping
24634,0,20/01/2026,Salvador Shopping
24635,0,20/01/2026,Salvador Shopping
24653,0,20/01/2026,Salvador Shopping
24682,4,20/01/2026,Salvador Shopping
24690,4,20/01/2026,Salvador Shopping
24693,4,20/01/2026,Salvador Shopping
24714,2,20/01/2026,Salvador Shopping
24722,0,20/01/2026,Salvador Shopping
24739,3,20/01/2026,Salvador Shopping
24757,0,20/01/2026,Salvador Shopping
24765,0,20/01/2026,Salvador Shopping
24766,1,20/01/2026,Salvador Shopping
24767,1,20/01/2026,Salvador Shopping
24768,2,20/01/2026,Salvador Shopping
24786,8,20/01/2026,Salvador Shopping
24806,0,20/01/2026,Salvador Shopping
24808,1,20/01/2026,Salvador Shopping
24809,1,20/01/2026,Salvador Shopping
24811,2,20/01/2026,Salvador Shopping
24812,3,20/01/2026,Salvador Shopping
24814,3,20/01/2026,Salvador Shopping
24874,0,20/01/2026,Salvador Shopping
24875,1,20/01/2026,Salvador Shopping
24876,0,20/01/2026,Salvador Shopping
24877,0,20/01/2026,Salvador Shopping
24878,0,20/01/2026,Salvador Shopping
24879,1,20/01/2026,Salvador Shopping
24880,0,20/01/2026,Salvador Shopping
24881,1,20/01/2026,Salvador Shopping
24882,1,20/01/2026,Salvador Shopping
24883,0,20/01/2026,Salvador Shopping
24884,1,20/01/2026,Salvador Shopping
24885,1,20/01/2026,Salvador Shopping
24886,1,20/01/2026,Salvador Shopping
24887,1,20/01/2026,Salvador Shopping
24888,3,20/01/2026,Salvador Shopping
24889,1,20/01/2026,Salvador Shopping
24891,0,20/01/2026,Salvador Shopping
24892,1,20/01/2026,Salvador Shopping
24894,1,20/01/2026,Salvador Shopping
24899,1,20/01/2026,Salvador Shopping
24900,2,20/01/2026,Salvador Shopping
24901,0,20/01/2026,Salvador Shopping
24923,0,20/01/2026,Salvador Shopping
24924,2,20/01/2026,Salvador Shopping
24925,2,20/01/2026,Salvador Shopping
24927,1,20/01/2026,Salvador Shopping
24928,1,20/01/2026,Salvador Shopping
24929,1,20/01/2026,Salvador Shopping
24930,2,20/01/2026,Salvador Shopping
24932,2,20/01/2026,Salvador Shopping
24933,1,20/01/2026,Salvador Shopping
24934,2,20/01/2026,Salvador Shopping
24935,2,20/01/2026,Salvador Shopping
24947,2,20/01/2026,Salvador Shopping
24948,1,20/01/2026,Salvador Shopping
24949,2,20/01/2026,Salvador Shopping
24950,2,20/01/2026,Salvador Shopping
24951,2,20/01/2026,Salvador Shopping
24952,2,20/01/2026,Salvador Shopping
24953,2,20/01/2026,Salvador Shopping
24954,2,20/01/2026,Salvador Shopping
24955,2,20/01/2026,Salvador Shopping
24956,2,20/01/2026,Salvador Shopping
24957,2,20/01/2026,Salvador Shopping
24958,2,20/01/2026,Salvador Shopping
24959,3,20/01/2026,Salvador Shopping
24960,2,20/01/2026,Salvador Shopping
24961,0,20/01/2026,Salvador Shopping
24962,0,20/01/2026,Salvador Shopping
24964,2,20/01/2026,Salvador Shopping
24965,2,20/01/2026,Salvador Shopping
24966,2,20/01/2026,Salvador Shopping
24967,2,20/01/2026,Salvador Shopping
24968,2,20/01/2026,Salvador Shopping
24969,1,20/01/2026,Salvador Shopping
24970,2,20/01/2026,Salvador Shopping
24971,2,20/01/2026,Salvador Shopping
24972,2,20/01/2026,Salvador Shopping
24973,2,20/01/2026,Salvador Shopping
24974,3,20/01/2026,Salvador Shopping
24975,2,20/01/2026,Salvador Shopping
24976,2,20/01/2026,Salvador Shopping
24977,2,20/01/2026,Salvador Shopping
24978,2,20/01/2026,Salvador Shopping
24979,2,20/01/2026,Salvador Shopping
24980,2,20/01/2026,Salvador Shopping
24981,1,20/01/2026,Salvador Shopping
24982,2,20/01/2026,Salvador Shopping
24983,2,20/01/2026,Salvador Shopping
24984,2,20/01/2026,Salvador Shopping
24985,0,20/01/2026,Salvador Shopping
24987,0,20/01/2026,Salvador Shopping
25007,0,20/01/2026,Salvador Shopping
25008,0,20/01/2026,Salvador Shopping
25011,0,20/01/2026,Salvador Shopping
25012,0,20/01/2026,Salvador Shopping
25013,0,20/01/2026,Salvador Shopping
25015,0,20/01/2026,Salvador Shopping
25018,0,20/01/2026,Salvador Shopping
25104,3,20/01/2026,Salvador Shopping
25160,3,20/01/2026,Salvador Shopping
25176,2,20/01/2026,Salvador Shopping
25178,2,20/01/2026,Salvador Shopping
25227,0,20/01/2026,Salvador Shopping
25228,3,20/01/2026,Salvador Shopping
25229,2,20/01/2026,Salvador Shopping
25232,3,20/01/2026,Salvador Shopping
25238,1,20/01/2026,Salvador Shopping
25247,1,20/01/2026,Salvador Shopping
25248,4,20/01/2026,Salvador Shopping
25259,3,20/01/2026,Salvador Shopping
25260,0,20/01/2026,Salvador Shopping
25261,2,20/01/2026,Salvador Shopping
25262,1,20/01/2026,Salvador Shopping
25263,0,20/01/2026,Salvador Shopping
25264,1,20/01/2026,Salvador Shopping
25265,3,20/01/2026,Salvador Shopping
25266,1,20/01/2026,Salvador Shopping
25267,1,20/01/2026,Salvador Shopping
25273,1,20/01/2026,Salvador Shopping
25288,0,20/01/2026,Salvador Shopping
25289,0,20/01/2026,Salvador Shopping
25330,1,20/01/2026,Salvador Shopping
25331,0,20/01/2026,Salvador Shopping
25368,3,20/01/2026,Salvador Shopping
25370,3,20/01/2026,Salvador Shopping
25371,4,20/01/2026,Salvador Shopping
25373,3,20/01/2026,Salvador Shopping
25378,2,20/01/2026,Salvador Shopping
25414,2,20/01/2026,Salvador Shopping
25415,2,20/01/2026,Salvador Shopping
25416,2,20/01/2026,Salvador Shopping
25418,2,20/01/2026,Salvador Shopping
25419,0,20/01/2026,Salvador Shopping
25420,2,20/01/2026,Salvador Shopping
25423,0,20/01/2026,Salvador Shopping
25424,1,20/01/2026,Salvador Shopping
25425,0,20/01/2026,Salvador Shopping
25426,1,20/01/2026,Salvador Shopping
25427,0,20/01/2026,Salvador Shopping
25428,3,20/01/2026,Salvador Shopping
25429,1,20/01/2026,Salvador Shopping
25430,1,20/01/2026,Salvador Shopping
25431,0,20/01/2026,Salvador Shopping
25432,2,20/01/2026,Salvador Shopping
25433,3,20/01/2026,Salvador Shopping
25434,2,20/01/2026,Salvador Shopping
25435,2,20/01/2026,Salvador Shopping
25437,1,20/01/2026,Salvador Shopping
25438,3,20/01/2026,Salvador Shopping
25440,1,20/01/2026,Salvador Shopping
25441,2,20/01/2026,Salvador Shopping
25442,3,20/01/2026,Salvador Shopping
25443,0,20/01/2026,Salvador Shopping
25444,0,20/01/2026,Salvador Shopping
25445,2,20/01/2026,Salvador Shopping
25447,1,20/01/2026,Salvador Shopping
25448,3,20/01/2026,Salvador Shopping
25449,0,20/01/2026,Salvador Shopping
25450,3,20/01/2026,Salvador Shopping
25451,1,20/01/2026,Salvador Shopping
25487,3,20/01/2026,Salvador Shopping
25488,0,20/01/2026,Salvador Shopping
25489,1,20/01/2026,Salvador Shopping
25490,3,20/01/2026,Salvador Shopping
25491,1,20/01/2026,Salvador Shopping
25492,1,20/01/2026,Salvador Shopping
25493,1,20/01/2026,Salvador Shopping
25494,2,20/01/2026,Salvador Shopping
25495,1,20/01/2026,Salvador Shopping
25499,2,20/01/2026,Salvador Shopping
25633,1,20/01/2026,Salvador Shopping
25634,2,20/01/2026,Salvador Shopping
25671,1,20/01/2026,Salvador Shopping
25718,2,20/01/2026,Salvador Shopping
25719,1,20/01/2026,Salvador Shopping
25720,1,20/01/2026,Salvador Shopping
25721,3,20/01/2026,Salvador Shopping
25722,3,20/01/2026,Salvador Shopping
25723,2,20/01/2026,Salvador Shopping
25724,0,20/01/2026,Salvador Shopping
25725,1,20/01/2026,Salvador Shopping
25726,1,20/01/2026,Salvador Shopping
25727,0,20/01/2026,Salvador Shopping
25728,0,20/01/2026,Salvador Shopping
25729,2,20/01/2026,Salvador Shopping
25730,1,20/01/2026,Salvador Shopping
25731,1,20/01/2026,Salvador Shopping
25732,1,20/01/2026,Salvador Shopping
25733,1,20/01/2026,Salvador Shopping
25734,1,20/01/2026,Salvador Shopping
25735,1,20/01/2026,Salvador Shopping
25736,2,20/01/2026,Salvador Shopping
25737,2,20/01/2026,Salvador Shopping
25738,4,20/01/2026,Salvador Shopping
25739,3,20/01/2026,Salvador Shopping
25740,3,20/01/2026,Salvador Shopping
25741,5,20/01/2026,Salvador Shopping
25742,3,20/01/2026,Salvador Shopping
25743,3,20/01/2026,Salvador Shopping
25744,2,20/01/2026,Salvador Shopping
25745,5,20/01/2026,Salvador Shopping
25746,3,20/01/2026,Salvador Shopping
25747,4,20/01/2026,Salvador Shopping
25748,3,20/01/2026,Salvador Shopping
25749,1,20/01/2026,Salvador Shopping
25750,3,20/01/2026,Salvador Shopping
25751,2,20/01/2026,Salvador Shopping
25752,2,20/01/2026,Salvador Shopping
25753,0,20/01/2026,Salvador Shopping
25755,2,20/01/2026,Salvador Shopping
25756,0,20/01/2026,Salvador Shopping
25757,0,20/01/2026,Salvador Shopping
25788,1,20/01/2026,Salvador Shopping
25796,2,20/01/2026,Salvador Shopping
25797,1,20/01/2026,Salvador Shopping
25800,0,20/01/2026,Salvador Shopping
25808,2,20/01/2026,Salvador Shopping
25810,3,20/01/2026,Salvador Shopping
25811,0,20/01/2026,Salvador Shopping
25812,0,20/01/2026,Salvador Shopping
25813,1,20/01/2026,Salvador Shopping
25814,0,20/01/2026,Salvador Shopping
25815,2,20/01/2026,Salvador Shopping
25816,1,20/01/2026,Salvador Shopping
25817,0,20/01/2026,Salvador Shopping
25818,0,20/01/2026,Salvador Shopping
25819,1,20/01/2026,Salvador Shopping
25831,0,20/01/2026,Salvador Shopping
25838,0,20/01/2026,Salvador Shopping
25840,0,20/01/2026,Salvador Shopping
25842,0,20/01/2026,Salvador Shopping
25846,0,20/01/2026,Salvador Shopping
25849,1,20/01/2026,Salvador Shopping
25854,2,20/01/2026,Salvador Shopping
25855,2,20/01/2026,Salvador Shopping
25856,0,20/01/2026,Salvador Shopping
25857,0,20/01/2026,Salvador Shopping
25858,3,20/01/2026,Salvador Shopping
25859,0,20/01/2026,Salvador Shopping
25860,0,20/01/2026,Salvador Shopping
25862,0,20/01/2026,Salvador Shopping
25868,0,20/01/2026,Salvador Shopping
25869,0,20/01/2026,Salvador Shopping
25880,0,20/01/2026,Salvador Shopping
25881,0,20/01/2026,Salvador Shopping
25883,0,20/01/2026,Salvador Shopping
26056,0,20/01/2026,Salvador Shopping
26057,1,20/01/2026,Salvador Shopping
26067,1,20/01/2026,Salvador Shopping
26092,1,20/01/2026,Salvador Shopping
26093,3,20/01/2026,Salvador Shopping
26094,3,20/01/2026,Salvador Shopping
26101,0,20/01/2026,Salvador Shopping
26131,0,20/01/2026,Salvador Shopping
26132,1,20/01/2026,Salvador Shopping
26139,2,20/01/2026,Salvador Shopping
26140,6,20/01/2026,Salvador Shopping
26177,2,20/01/2026,Salvador Shopping
26178,2,20/01/2026,Salvador Shopping
26179,2,20/01/2026,Salvador Shopping
26180,1,20/01/2026,Salvador Shopping
26181,2,20/01/2026,Salvador Shopping
26182,1,20/01/2026,Salvador Shopping
26183,1,20/01/2026,Salvador Shopping
26184,2,20/01/2026,Salvador Shopping
26185,2,20/01/2026,Salvador Shopping
26190,0,20/01/2026,Salvador Shopping
26202,0,20/01/2026,Salvador Shopping
26203,0,20/01/2026,Salvador Shopping
26204,0,20/01/2026,Salvador Shopping
26205,0,20/01/2026,Salvador Shopping
26206,4,20/01/2026,Salvador Shopping
26207,4,20/01/2026,Salvador Shopping
26208,4,20/01/2026,Salvador Shopping
26209,1,20/01/2026,Salvador Shopping
26210,2,20/01/2026,Salvador Shopping
26211,0,20/01/2026,Salvador Shopping
26212,1,20/01/2026,Salvador Shopping
26213,3,20/01/2026,Salvador Shopping
26214,5,20/01/2026,Salvador Shopping
26215,4,20/01/2026,Salvador Shopping
26216,4,20/01/2026,Salvador Shopping
26217,5,20/01/2026,Salvador Shopping
26218,4,20/01/2026,Salvador Shopping
26219,3,20/01/2026,Salvador Shopping
26220,1,20/01/2026,Salvador Shopping
26221,6,20/01/2026,Salvador Shopping
26243,1,20/01/2026,Salvador Shopping
26244,0,20/01/2026,Salvador Shopping
26245,3,20/01/2026,Salvador Shopping
26258,1,20/01/2026,Salvador Shopping
26260,1,20/01/2026,Salvador Shopping
26268,4,20/01/2026,Salvador Shopping
26269,2,20/01/2026,Salvador Shopping
26270,2,20/01/2026,Salvador Shopping
26275,3,20/01/2026,Salvador Shopping
26278,1,20/01/2026,Salvador Shopping
26294,1,20/01/2026,Salvador Shopping
26322,0,20/01/2026,Salvador Shopping
26326,1,20/01/2026,Salvador Shopping
26365,0,20/01/2026,Salvador Shopping
26366,0,20/01/2026,Salvador Shopping
26367,1,20/01/2026,Salvador Shopping
26368,0,20/01/2026,Salvador Shopping
26369,1,20/01/2026,Salvador Shopping
26370,1,20/01/2026,Salvador Shopping
26371,1,20/01/2026,Salvador Shopping
26372,1,20/01/2026,Salvador Shopping
26373,1,20/01/2026,Salvador Shopping
26374,1,20/01/2026,Salvador Shopping
26375,3,20/01/2026,Salvador Shopping
26376,1,20/01/2026,Salvador Shopping
26377,0,20/01/2026,Salvador Shopping
26378,2,20/01/2026,Salvador Shopping
26379,0,20/01/2026,Salvador Shopping
26380,1,20/01/2026,Salvador Shopping
26381,0,20/01/2026,Salvador Shopping
26382,1,20/01/2026,Salvador Shopping
26383,0,20/01/2026,Salvador Shopping
26384,3,20/01/2026,Salvador Shopping
26385,3,20/01/2026,Salvador Shopping
26386,2,20/01/2026,Salvador Shopping
26387,1,20/01/2026,Salvador Shopping
26388,0,20/01/2026,Salvador Shopping
26389,0,20/01/2026,Salvador Shopping
26399,2,20/01/2026,Salvador Shopping
26400,1,20/01/2026,Salvador Shopping
26401,0,20/01/2026,Salvador Shopping
26402,0,20/01/2026,Salvador Shopping
26403,0,20/01/2026,Salvador Shopping
26404,3,20/01/2026,Salvador Shopping
26405,1,20/01/2026,Salvador Shopping
26406,3,20/01/2026,Salvador Shopping
26407,0,20/01/2026,Salvador Shopping
26408,0,20/01/2026,Salvador Shopping
26409,2,20/01/2026,Salvador Shopping
26410,1,20/01/2026,Salvador Shopping
26411,2,20/01/2026,Salvador Shopping
26412,2,20/01/2026,Salvador Shopping
26413,2,20/01/2026,Salvador Shopping
26414,1,20/01/2026,Salvador Shopping
26415,2,20/01/2026,Salvador Shopping
26450,0,20/01/2026,Salvador Shopping
26583,1,20/01/2026,Salvador Shopping
26589,1,20/01/2026,Salvador Shopping
26590,0,20/01/2026,Salvador Shopping
26598,0,20/01/2026,Salvador Shopping
26599,1,20/01/2026,Salvador Shopping
26600,4,20/01/2026,Salvador Shopping
26601,1,20/01/2026,Salvador Shopping
26692,0,20/01/2026,Salvador Shopping
26721,1,20/01/2026,Salvador Shopping
26722,4,20/01/2026,Salvador Shopping
26723,3,20/01/2026,Salvador Shopping
26745,1,20/01/2026,Salvador Shopping
26746,1,20/01/2026,Salvador Shopping
26747,1,20/01/2026,Salvador Shopping
26748,1,20/01/2026,Salvador Shopping
26749,1,20/01/2026,Salvador Shopping
26750,1,20/01/2026,Salvador Shopping
26751,0,20/01/2026,Salvador Shopping
26752,0,20/01/2026,Salvador Shopping
26753,0,20/01/2026,Salvador Shopping
26754,0,20/01/2026,Salvador Shopping
26755,0,20/01/2026,Salvador Shopping
26756,1,20/01/2026,Salvador Shopping
26757,0,20/01/2026,Salvador Shopping
26758,0,20/01/2026,Salvador Shopping
26759,1,20/01/2026,Salvador Shopping
26760,0,20/01/2026,Salvador Shopping
26761,1,20/01/2026,Salvador Shopping
26762,1,20/01/2026,Salvador Shopping
26764,0,20/01/2026,Salvador Shopping
26766,2,20/01/2026,Salvador Shopping
26767,5,20/01/2026,Salvador Shopping
26768,4,20/01/2026,Salvador Shopping
26769,6,20/01/2026,Salvador Shopping
26815,2,20/01/2026,Salvador Shopping
26829,2,20/01/2026,Salvador Shopping
26842,2,20/01/2026,Salvador Shopping
26843,2,20/01/2026,Salvador Shopping
26844,1,20/01/2026,Salvador Shopping
26845,2,20/01/2026,Salvador Shopping
26923,2,20/01/2026,Salvador Shopping
26931,2,20/01/2026,Salvador Shopping
26932,2,20/01/2026,Salvador Shopping
26934,3,20/01/2026,Salvador Shopping
26935,2,20/01/2026,Salvador Shopping
26936,0,20/01/2026,Salvador Shopping
26938,1,20/01/2026,Salvador Shopping
26940,1,20/01/2026,Salvador Shopping
26942,2,20/01/2026,Salvador Shopping
26944,2,20/01/2026,Salvador Shopping
26945,3,20/01/2026,Salvador Shopping
26946,0,20/01/2026,Salvador Shopping
26947,0,20/01/2026,Salvador Shopping
26948,2,20/01/2026,Salvador Shopping
26949,1,20/01/2026,Salvador Shopping
26950,0,20/01/2026,Salvador Shopping
26951,2,20/01/2026,Salvador Shopping
26952,1,20/01/2026,Salvador Shopping
313,1,20/01/2026,Shopping Barra
322,1,20/01/2026,Shopping Barra
338,0,20/01/2026,Shopping Barra
341,1,20/01/2026,Shopping Barra
398,0,20/01/2026,Shopping Barra
610,0,20/01/2026,Shopping Barra
674,0,20/01/2026,Shopping Barra
727,0,20/01/2026,Shopping Barra
887,0,20/01/2026,Shopping Barra
888,1,20/01/2026,Shopping Barra
889,3,20/01/2026,Shopping Barra
890,0,20/01/2026,Shopping Barra
1049,0,20/01/2026,Shopping Barra
1100,0,20/01/2026,Shopping Barra
1109,2,20/01/2026,Shopping Barra
1119,0,20/01/2026,Shopping Barra
1276,0,20/01/2026,Shopping Barra
1277,0,20/01/2026,Shopping Barra
1362,0,20/01/2026,Shopping Barra
1363,0,20/01/2026,Shopping Barra
1367,4,20/01/2026,Shopping Barra
1368,0,20/01/2026,Shopping Barra
1405,3,20/01/2026,Shopping Barra
1438,0,20/01/2026,Shopping Barra
1499,0,20/01/2026,Shopping Barra
1526,0,20/01/2026,Shopping Barra
1712,0,20/01/2026,Shopping Barra
1941,0,20/01/2026,Shopping Barra
2197,0,20/01/2026,Shopping Barra
2200,0,20/01/2026,Shopping Barra
2202,0,20/01/2026,Shopping Barra
2207,0,20/01/2026,Shopping Barra
2208,0,20/01/2026,Shopping Barra
2217,0,20/01/2026,Shopping Barra
2398,1,20/01/2026,Shopping Barra
2403,0,20/01/2026,Shopping Barra
2617,3,20/01/2026,Shopping Barra
2646,0,20/01/2026,Shopping Barra
2693,0,20/01/2026,Shopping Barra
2697,0,20/01/2026,Shopping Barra
2721,0,20/01/2026,Shopping Barra
2723,0,20/01/2026,Shopping Barra
2725,2,20/01/2026,Shopping Barra
2811,2,20/01/2026,Shopping Barra
2842,1,20/01/2026,Shopping Barra
2844,0,20/01/2026,Shopping Barra
2845,0,20/01/2026,Shopping Barra
2867,1,20/01/2026,Shopping Barra
2881,0,20/01/2026,Shopping Barra
2930,0,20/01/2026,Shopping Barra
3056,0,20/01/2026,Shopping Barra
3065,2,20/01/2026,Shopping Barra
3099,4,20/01/2026,Shopping Barra
3147,2,20/01/2026,Shopping Barra
3190,0,20/01/2026,Shopping Barra
3406,0,20/01/2026,Shopping Barra
3462,0,20/01/2026,Shopping Barra
3532,0,20/01/2026,Shopping Barra
3533,3,20/01/2026,Shopping Barra
3554,0,20/01/2026,Shopping Barra
3555,2,20/01/2026,Shopping Barra
3556,0,20/01/2026,Shopping Barra
3573,0,20/01/2026,Shopping Barra
3746,0,20/01/2026,Shopping Barra
3747,2,20/01/2026,Shopping Barra
3751,3,20/01/2026,Shopping Barra
3800,1,20/01/2026,Shopping Barra
3823,1,20/01/2026,Shopping Barra
3825,0,20/01/2026,Shopping Barra
3871,0,20/01/2026,Shopping Barra
3882,2,20/01/2026,Shopping Barra
3901,0,20/01/2026,Shopping Barra
3904,3,20/01/2026,Shopping Barra
3905,0,20/01/2026,Shopping Barra
3906,0,20/01/2026,Shopping Barra
3969,4,20/01/2026,Shopping Barra
4028,0,20/01/2026,Shopping Barra
4030,0,20/01/2026,Shopping Barra
4031,0,20/01/2026,Shopping Barra
4032,0,20/01/2026,Shopping Barra
4033,0,20/01/2026,Shopping Barra
4034,0,20/01/2026,Shopping Barra
4035,0,20/01/2026,Shopping Barra
4054,0,20/01/2026,Shopping Barra
4111,0,20/01/2026,Shopping Barra
4112,0,20/01/2026,Shopping Barra
4113,0,20/01/2026,Shopping Barra
4114,0,20/01/2026,Shopping Barra
4140,0,20/01/2026,Shopping Barra
4141,3,20/01/2026,Shopping Barra
4147,0,20/01/2026,Shopping Barra
4148,0,20/01/2026,Shopping Barra
4149,0,20/01/2026,Shopping Barra
4160,0,20/01/2026,Shopping Barra
4310,0,20/01/2026,Shopping Barra
4312,1,20/01/2026,Shopping Barra
4325,0,20/01/2026,Shopping Barra
4347,0,20/01/2026,Shopping Barra
4348,2,20/01/2026,Shopping Barra
4349,3,20/01/2026,Shopping Barra
4350,2,20/01/2026,Shopping Barra
4351,0,20/01/2026,Shopping Barra
4352,3,20/01/2026,Shopping Barra
4353,3,20/01/2026,Shopping Barra
4354,0,20/01/2026,Shopping Barra
4355,2,20/01/2026,Shopping Barra
4356,3,20/01/2026,Shopping Barra
4357,0,20/01/2026,Shopping Barra
4358,0,20/01/2026,Shopping Barra
4359,0,20/01/2026,Shopping Barra
4362,3,20/01/2026,Shopping Barra
4363,2,20/01/2026,Shopping Barra
4364,0,20/01/2026,Shopping Barra
4365,3,20/01/2026,Shopping Barra
4366,3,20/01/2026,Shopping Barra
4367,3,20/01/2026,Shopping Barra
4368,0,20/01/2026,Shopping Barra
4372,0,20/01/2026,Shopping Barra
4380,2,20/01/2026,Shopping Barra
4382,0,20/01/2026,Shopping Barra
4395,2,20/01/2026,Shopping Barra
4434,1,20/01/2026,Shopping Barra
4456,1,20/01/2026,Shopping Barra
4457,1,20/01/2026,Shopping Barra
4459,0,20/01/2026,Shopping Barra
4460,2,20/01/2026,Shopping Barra
4497,3,20/01/2026,Shopping Barra
4499,0,20/01/2026,Shopping Barra
4550,0,20/01/2026,Shopping Barra
4600,0,20/01/2026,Shopping Barra
4658,3,20/01/2026,Shopping Barra
4660,2,20/01/2026,Shopping Barra
4687,0,20/01/2026,Shopping Barra
4688,0,20/01/2026,Shopping Barra
4700,4,20/01/2026,Shopping Barra
4725,1,20/01/2026,Shopping Barra
4726,0,20/01/2026,Shopping Barra
4727,1,20/01/2026,Shopping Barra
4728,3,20/01/2026,Shopping Barra
4750,0,20/01/2026,Shopping Barra
4882,0,20/01/2026,Shopping Barra
4980,0,20/01/2026,Shopping Barra
4981,2,20/01/2026,Shopping Barra
5049,1,20/01/2026,Shopping Barra
5702,1,20/01/2026,Shopping Barra
5703,0,20/01/2026,Shopping Barra
5704,1,20/01/2026,Shopping Barra
5705,0,20/01/2026,Shopping Barra
6332,0,20/01/2026,Shopping Barra
8144,0,20/01/2026,Shopping Barra
8145,3,20/01/2026,Shopping Barra
8146,0,20/01/2026,Shopping Barra
8152,1,20/01/2026,Shopping Barra
8153,3,20/01/2026,Shopping Barra
8154,2,20/01/2026,Shopping Barra
8155,0,20/01/2026,Shopping Barra
8156,0,20/01/2026,Shopping Barra
8157,3,20/01/2026,Shopping Barra
8158,0,20/01/2026,Shopping Barra
8159,0,20/01/2026,Shopping Barra
8520,1,20/01/2026,Shopping Barra
8521,0,20/01/2026,Shopping Barra
20715,0,20/01/2026,Shopping Barra
20716,0,20/01/2026,Shopping Barra
20717,0,20/01/2026,Shopping Barra
20718,0,20/01/2026,Shopping Barra
20719,1,20/01/2026,Shopping Barra
20720,1,20/01/2026,Shopping Barra
20721,3,20/01/2026,Shopping Barra
20722,2,20/01/2026,Shopping Barra
20723,3,20/01/2026,Shopping Barra
20737,2,20/01/2026,Shopping Barra
20755,1,20/01/2026,Shopping Barra
20790,0,20/01/2026,Shopping Barra
20791,0,20/01/2026,Shopping Barra
20792,0,20/01/2026,Shopping Barra
20793,0,20/01/2026,Shopping Barra
20833,0,20/01/2026,Shopping Barra
20834,0,20/01/2026,Shopping Barra
20875,2,20/01/2026,Shopping Barra
20877,2,20/01/2026,Shopping Barra
20990,0,20/01/2026,Shopping Barra
21069,2,20/01/2026,Shopping Barra
21080,0,20/01/2026,Shopping Barra
21113,0,20/01/2026,Shopping Barra
21143,0,20/01/2026,Shopping Barra
21144,0,20/01/2026,Shopping Barra
21145,0,20/01/2026,Shopping Barra
21146,0,20/01/2026,Shopping Barra
21147,0,20/01/2026,Shopping Barra
21148,0,20/01/2026,Shopping Barra
21149,1,20/01/2026,Shopping Barra
21190,0,20/01/2026,Shopping Barra
21191,0,20/01/2026,Shopping Barra
21227,1,20/01/2026,Shopping Barra
21255,0,20/01/2026,Shopping Barra
21267,0,20/01/2026,Shopping Barra
21279,0,20/01/2026,Shopping Barra
21286,3,20/01/2026,Shopping Barra
21288,0,20/01/2026,Shopping Barra
21289,1,20/01/2026,Shopping Barra
21290,3,20/01/2026,Shopping Barra
21291,0,20/01/2026,Shopping Barra
21295,3,20/01/2026,Shopping Barra
21296,2,20/01/2026,Shopping Barra
21299,3,20/01/2026,Shopping Barra
21300,1,20/01/2026,Shopping Barra
21309,0,20/01/2026,Shopping Barra
21311,1,20/01/2026,Shopping Barra
21312,1,20/01/2026,Shopping Barra
21313,0,20/01/2026,Shopping Barra
21314,0,20/01/2026,Shopping Barra
21315,3,20/01/2026,Shopping Barra
21316,1,20/01/2026,Shopping Barra
21317,2,20/01/2026,Shopping Barra
21383,0,20/01/2026,Shopping Barra
21414,0,20/01/2026,Shopping Barra
21458,1,20/01/2026,Shopping Barra
21462,1,20/01/2026,Shopping Barra
21463,1,20/01/2026,Shopping Barra
21464,1,20/01/2026,Shopping Barra
21466,1,20/01/2026,Shopping Barra
21467,1,20/01/2026,Shopping Barra
21492,0,20/01/2026,Shopping Barra
21510,2,20/01/2026,Shopping Barra
21511,2,20/01/2026,Shopping Barra
21512,2,20/01/2026,Shopping Barra
21513,2,20/01/2026,Shopping Barra
21514,1,20/01/2026,Shopping Barra
21547,0,20/01/2026,Shopping Barra
21557,2,20/01/2026,Shopping Barra
21574,0,20/01/2026,Shopping Barra
21575,2,20/01/2026,Shopping Barra
21576,0,20/01/2026,Shopping Barra
21581,0,20/01/2026,Shopping Barra
21582,0,20/01/2026,Shopping Barra
21583,3,20/01/2026,Shopping Barra
21601,0,20/01/2026,Shopping Barra
21613,0,20/01/2026,Shopping Barra
21614,0,20/01/2026,Shopping Barra
21682,1,20/01/2026,Shopping Barra
21691,2,20/01/2026,Shopping Barra
21694,0,20/01/2026,Shopping Barra
21696,1,20/01/2026,Shopping Barra
21697,0,20/01/2026,Shopping Barra
21698,3,20/01/2026,Shopping Barra
21703,0,20/01/2026,Shopping Barra
21704,0,20/01/2026,Shopping Barra
21710,1,20/01/2026,Shopping Barra
21717,0,20/01/2026,Shopping Barra
21718,0,20/01/2026,Shopping Barra
21719,0,20/01/2026,Shopping Barra
21875,0,20/01/2026,Shopping Barra
21876,0,20/01/2026,Shopping Barra
21905,1,20/01/2026,Shopping Barra
21909,0,20/01/2026,Shopping Barra
21910,0,20/01/2026,Shopping Barra
21911,0,20/01/2026,Shopping Barra
21912,0,20/01/2026,Shopping Barra
21913,2,20/01/2026,Shopping Barra
21914,2,20/01/2026,Shopping Barra
21915,3,20/01/2026,Shopping Barra
21917,0,20/01/2026,Shopping Barra
21918,0,20/01/2026,Shopping Barra
21919,0,20/01/2026,Shopping Barra
21920,2,20/01/2026,Shopping Barra
21921,2,20/01/2026,Shopping Barra
21923,2,20/01/2026,Shopping Barra
21924,0,20/01/2026,Shopping Barra
21925,0,20/01/2026,Shopping Barra
21926,0,20/01/2026,Shopping Barra
21927,0,20/01/2026,Shopping Barra
22000,0,20/01/2026,Shopping Barra
22001,0,20/01/2026,Shopping Barra
22002,1,20/01/2026,Shopping Barra
22101,1,20/01/2026,Shopping Barra
22102,0,20/01/2026,Shopping Barra
22103,0,20/01/2026,Shopping Barra
22114,1,20/01/2026,Shopping Barra
22191,2,20/01/2026,Shopping Barra
22278,1,20/01/2026,Shopping Barra
22306,0,20/01/2026,Shopping Barra
22307,0,20/01/2026,Shopping Barra
22308,0,20/01/2026,Shopping Barra
22403,0,20/01/2026,Shopping Barra
22417,2,20/01/2026,Shopping Barra
22476,0,20/01/2026,Shopping Barra
22477,0,20/01/2026,Shopping Barra
22482,0,20/01/2026,Shopping Barra
22487,2,20/01/2026,Shopping Barra
22492,0,20/01/2026,Shopping Barra
22504,0,20/01/2026,Shopping Barra
22515,0,20/01/2026,Shopping Barra
22547,0,20/01/2026,Shopping Barra
22578,0,20/01/2026,Shopping Barra
22589,0,20/01/2026,Shopping Barra
22590,0,20/01/2026,Shopping Barra
22595,0,20/01/2026,Shopping Barra
22597,2,20/01/2026,Shopping Barra
22598,0,20/01/2026,Shopping Barra
22642,0,20/01/2026,Shopping Barra
22666,0,20/01/2026,Shopping Barra
22667,0,20/01/2026,Shopping Barra
22668,0,20/01/2026,Shopping Barra
22756,2,20/01/2026,Shopping Barra
22850,0,20/01/2026,Shopping Barra
22854,0,20/01/2026,Shopping Barra
22859,0,20/01/2026,Shopping Barra
22870,0,20/01/2026,Shopping Barra
22883,0,20/01/2026,Shopping Barra
22922,0,20/01/2026,Shopping Barra
22923,0,20/01/2026,Shopping Barra
22980,0,20/01/2026,Shopping Barra
22985,0,20/01/2026,Shopping Barra
22987,2,20/01/2026,Shopping Barra
22988,0,20/01/2026,Shopping Barra
22990,2,20/01/2026,Shopping Barra
23003,1,20/01/2026,Shopping Barra
23004,2,20/01/2026,Shopping Barra
23005,0,20/01/2026,Shopping Barra
23006,0,20/01/2026,Shopping Barra
23007,0,20/01/2026,Shopping Barra
23008,0,20/01/2026,Shopping Barra
23010,0,20/01/2026,Shopping Barra
23011,2,20/01/2026,Shopping Barra
23012,0,20/01/2026,Shopping Barra
23013,0,20/01/2026,Shopping Barra
23014,0,20/01/2026,Shopping Barra
23015,0,20/01/2026,Shopping Barra
23016,0,20/01/2026,Shopping Barra
23017,0,20/01/2026,Shopping Barra
23018,0,20/01/2026,Shopping Barra
23019,0,20/01/2026,Shopping Barra
23020,2,20/01/2026,Shopping Barra
23023,0,20/01/2026,Shopping Barra
23024,0,20/01/2026,Shopping Barra
23061,0,20/01/2026,Shopping Barra
23062,0,20/01/2026,Shopping Barra
23063,2,20/01/2026,Shopping Barra
23064,0,20/01/2026,Shopping Barra
23065,2,20/01/2026,Shopping Barra
23066,0,20/01/2026,Shopping Barra
23067,2,20/01/2026,Shopping Barra
23082,0,20/01/2026,Shopping Barra
23083,1,20/01/2026,Shopping Barra
23158,0,20/01/2026,Shopping Barra
23186,0,20/01/2026,Shopping Barra
23189,2,20/01/2026,Shopping Barra
23217,0,20/01/2026,Shopping Barra
23218,0,20/01/2026,Shopping Barra
23224,0,20/01/2026,Shopping Barra
23234,0,20/01/2026,Shopping Barra
23264,0,20/01/2026,Shopping Barra
23265,0,20/01/2026,Shopping Barra
23266,0,20/01/2026,Shopping Barra
23267,0,20/01/2026,Shopping Barra
23268,0,20/01/2026,Shopping Barra
23269,0,20/01/2026,Shopping Barra
23270,0,20/01/2026,Shopping Barra
23271,0,20/01/2026,Shopping Barra
23273,0,20/01/2026,Shopping Barra
23277,0,20/01/2026,Shopping Barra
23284,5,20/01/2026,Shopping Barra
23285,1,20/01/2026,Shopping Barra
23286,2,20/01/2026,Shopping Barra
23321,0,20/01/2026,Shopping Barra
23323,0,20/01/2026,Shopping Barra
23325,0,20/01/2026,Shopping Barra
23341,2,20/01/2026,Shopping Barra
23342,2,20/01/2026,Shopping Barra
23364,0,20/01/2026,Shopping Barra
23376,0,20/01/2026,Shopping Barra
23397,0,20/01/2026,Shopping Barra
23443,0,20/01/2026,Shopping Barra
23461,0,20/01/2026,Shopping Barra
23472,0,20/01/2026,Shopping Barra
23473,0,20/01/2026,Shopping Barra
23476,0,20/01/2026,Shopping Barra
23590,4,20/01/2026,Shopping Barra
23703,0,20/01/2026,Shopping Barra
23714,0,20/01/2026,Shopping Barra
23715,0,20/01/2026,Shopping Barra
23716,0,20/01/2026,Shopping Barra
23717,0,20/01/2026,Shopping Barra
23718,0,20/01/2026,Shopping Barra
23719,0,20/01/2026,Shopping Barra
23720,0,20/01/2026,Shopping Barra
23725,1,20/01/2026,Shopping Barra
23726,0,20/01/2026,Shopping Barra
23727,0,20/01/2026,Shopping Barra
23728,0,20/01/2026,Shopping Barra
23730,0,20/01/2026,Shopping Barra
23731,0,20/01/2026,Shopping Barra
23737,0,20/01/2026,Shopping Barra
23738,0,20/01/2026,Shopping Barra
23739,0,20/01/2026,Shopping Barra
23740,0,20/01/2026,Shopping Barra
23741,0,20/01/2026,Shopping Barra
23742,0,20/01/2026,Shopping Barra
23744,0,20/01/2026,Shopping Barra
23745,0,20/01/2026,Shopping Barra
23746,0,20/01/2026,Shopping Barra
23747,0,20/01/2026,Shopping Barra
23748,0,20/01/2026,Shopping Barra
23755,0,20/01/2026,Shopping Barra
23807,0,20/01/2026,Shopping Barra
23810,0,20/01/2026,Shopping Barra
23814,0,20/01/2026,Shopping Barra
23817,0,20/01/2026,Shopping Barra
23818,0,20/01/2026,Shopping Barra
23819,0,20/01/2026,Shopping Barra
23820,0,20/01/2026,Shopping Barra
23821,0,20/01/2026,Shopping Barra
23822,0,20/01/2026,Shopping Barra
23827,0,20/01/2026,Shopping Barra
23828,0,20/01/2026,Shopping Barra
23829,0,20/01/2026,Shopping Barra
23830,0,20/01/2026,Shopping Barra
23887,0,20/01/2026,Shopping Barra
23893,3,20/01/2026,Shopping Barra
23894,0,20/01/2026,Shopping Barra
23895,3,20/01/2026,Shopping Barra
23896,1,20/01/2026,Shopping Barra
23897,4,20/01/2026,Shopping Barra
23898,4,20/01/2026,Shopping Barra
23899,3,20/01/2026,Shopping Barra
23900,2,20/01/2026,Shopping Barra
23901,2,20/01/2026,Shopping Barra
23902,3,20/01/2026,Shopping Barra
23903,1,20/01/2026,Shopping Barra
23904,2,20/01/2026,Shopping Barra
23905,2,20/01/2026,Shopping Barra
23906,0,20/01/2026,Shopping Barra
23907,3,20/01/2026,Shopping Barra
23908,1,20/01/2026,Shopping Barra
23909,2,20/01/2026,Shopping Barra
23910,3,20/01/2026,Shopping Barra
23911,2,20/01/2026,Shopping Barra
23912,2,20/01/2026,Shopping Barra
23913,3,20/01/2026,Shopping Barra
23914,1,20/01/2026,Shopping Barra
23915,3,20/01/2026,Shopping Barra
23916,1,20/01/2026,Shopping Barra
23917,1,20/01/2026,Shopping Barra
23918,3,20/01/2026,Shopping Barra
23919,0,20/01/2026,Shopping Barra
23920,0,20/01/2026,Shopping Barra
23921,2,20/01/2026,Shopping Barra
23922,1,20/01/2026,Shopping Barra
23923,1,20/01/2026,Shopping Barra
23924,1,20/01/2026,Shopping Barra
23925,2,20/01/2026,Shopping Barra
23926,1,20/01/2026,Shopping Barra
23927,1,20/01/2026,Shopping Barra
23928,2,20/01/2026,Shopping Barra
23929,3,20/01/2026,Shopping Barra
23930,0,20/01/2026,Shopping Barra
23931,0,20/01/2026,Shopping Barra
23932,0,20/01/2026,Shopping Barra
23934,2,20/01/2026,Shopping Barra
23935,0,20/01/2026,Shopping Barra
23936,2,20/01/2026,Shopping Barra
23937,2,20/01/2026,Shopping Barra
23938,2,20/01/2026,Shopping Barra
23939,1,20/01/2026,Shopping Barra
23940,3,20/01/2026,Shopping Barra
23941,2,20/01/2026,Shopping Barra
23942,2,20/01/2026,Shopping Barra
23943,4,20/01/2026,Shopping Barra
23944,2,20/01/2026,Shopping Barra
23945,0,20/01/2026,Shopping Barra
23946,2,20/01/2026,Shopping Barra
23947,0,20/01/2026,Shopping Barra
23948,1,20/01/2026,Shopping Barra
23949,2,20/01/2026,Shopping Barra
23950,1,20/01/2026,Shopping Barra
23951,2,20/01/2026,Shopping Barra
23952,0,20/01/2026,Shopping Barra
23953,2,20/01/2026,Shopping Barra
23954,1,20/01/2026,Shopping Barra
23955,2,20/01/2026,Shopping Barra
23956,2,20/01/2026,Shopping Barra
23958,1,20/01/2026,Shopping Barra
23960,3,20/01/2026,Shopping Barra
23961,2,20/01/2026,Shopping Barra
23962,0,20/01/2026,Shopping Barra
23963,1,20/01/2026,Shopping Barra
23964,2,20/01/2026,Shopping Barra
23965,2,20/01/2026,Shopping Barra
23966,2,20/01/2026,Shopping Barra
23967,2,20/01/2026,Shopping Barra
23968,1,20/01/2026,Shopping Barra
23969,0,20/01/2026,Shopping Barra
23970,2,20/01/2026,Shopping Barra
23971,2,20/01/2026,Shopping Barra
23972,2,20/01/2026,Shopping Barra
23973,2,20/01/2026,Shopping Barra
23974,3,20/01/2026,Shopping Barra
23975,3,20/01/2026,Shopping Barra
23976,3,20/01/2026,Shopping Barra
23977,1,20/01/2026,Shopping Barra
23978,3,20/01/2026,Shopping Barra
23979,1,20/01/2026,Shopping Barra
23980,2,20/01/2026,Shopping Barra
23981,2,20/01/2026,Shopping Barra
23982,3,20/01/2026,Shopping Barra
23983,2,20/01/2026,Shopping Barra
23984,0,20/01/2026,Shopping Barra
23985,1,20/01/2026,Shopping Barra
23986,0,20/01/2026,Shopping Barra
23987,2,20/01/2026,Shopping Barra
23988,2,20/01/2026,Shopping Barra
23989,1,20/01/2026,Shopping Barra
23990,1,20/01/2026,Shopping Barra
23991,0,20/01/2026,Shopping Barra
23992,3,20/01/2026,Shopping Barra
23993,2,20/01/2026,Shopping Barra
23994,2,20/01/2026,Shopping Barra
23995,1,20/01/2026,Shopping Barra
23996,2,20/01/2026,Shopping Barra
23997,3,20/01/2026,Shopping Barra
23998,2,20/01/2026,Shopping Barra
24000,1,20/01/2026,Shopping Barra
24001,2,20/01/2026,Shopping Barra
24002,1,20/01/2026,Shopping Barra
24003,3,20/01/2026,Shopping Barra
24004,1,20/01/2026,Shopping Barra
24005,2,20/01/2026,Shopping Barra
24006,0,20/01/2026,Shopping Barra
24007,2,20/01/2026,Shopping Barra
24008,0,20/01/2026,Shopping Barra
24009,0,20/01/2026,Shopping Barra
24010,0,20/01/2026,Shopping Barra
24011,6,20/01/2026,Shopping Barra
24012,0,20/01/2026,Shopping Barra
24013,0,20/01/2026,Shopping Barra
24014,1,20/01/2026,Shopping Barra
24015,0,20/01/2026,Shopping Barra
24016,1,20/01/2026,Shopping Barra
24017,0,20/01/2026,Shopping Barra
24018,2,20/01/2026,Shopping Barra
24019,0,20/01/2026,Shopping Barra
24021,1,20/01/2026,Shopping Barra
24022,1,20/01/2026,Shopping Barra
24023,1,20/01/2026,Shopping Barra
24024,1,20/01/2026,Shopping Barra
24025,2,20/01/2026,Shopping Barra
24026,0,20/01/2026,Shopping Barra
24027,1,20/01/2026,Shopping Barra
24028,2,20/01/2026,Shopping Barra
24029,3,20/01/2026,Shopping Barra
24030,0,20/01/2026,Shopping Barra
24031,1,20/01/2026,Shopping Barra
24032,3,20/01/2026,Shopping Barra
24033,3,20/01/2026,Shopping Barra
24036,0,20/01/2026,Shopping Barra
24037,0,20/01/2026,Shopping Barra
24100,1,20/01/2026,Shopping Barra
24101,2,20/01/2026,Shopping Barra
24102,2,20/01/2026,Shopping Barra
24103,3,20/01/2026,Shopping Barra
24104,3,20/01/2026,Shopping Barra
24105,3,20/01/2026,Shopping Barra
24106,5,20/01/2026,Shopping Barra
24107,3,20/01/2026,Shopping Barra
24108,2,20/01/2026,Shopping Barra
24109,3,20/01/2026,Shopping Barra
24110,3,20/01/2026,Shopping Barra
24111,3,20/01/2026,Shopping Barra
24112,0,20/01/2026,Shopping Barra
24113,3,20/01/2026,Shopping Barra
24115,0,20/01/2026,Shopping Barra
24116,1,20/01/2026,Shopping Barra
24117,1,20/01/2026,Shopping Barra
24118,3,20/01/2026,Shopping Barra
24119,2,20/01/2026,Shopping Barra
24120,2,20/01/2026,Shopping Barra
24121,2,20/01/2026,Shopping Barra
24122,1,20/01/2026,Shopping Barra
24123,2,20/01/2026,Shopping Barra
24124,0,20/01/2026,Shopping Barra
24125,0,20/01/2026,Shopping Barra
24126,2,20/01/2026,Shopping Barra
24127,2,20/01/2026,Shopping Barra
24128,0,20/01/2026,Shopping Barra
24129,0,20/01/2026,Shopping Barra
24130,0,20/01/2026,Shopping Barra
24131,0,20/01/2026,Shopping Barra
24134,0,20/01/2026,Shopping Barra
24135,0,20/01/2026,Shopping Barra
24136,3,20/01/2026,Shopping Barra
24137,2,20/01/2026,Shopping Barra
24140,1,20/01/2026,Shopping Barra
24142,2,20/01/2026,Shopping Barra
24149,0,20/01/2026,Shopping Barra
24154,0,20/01/2026,Shopping Barra
24158,1,20/01/2026,Shopping Barra
24159,1,20/01/2026,Shopping Barra
24160,1,20/01/2026,Shopping Barra
24163,2,20/01/2026,Shopping Barra
24164,1,20/01/2026,Shopping Barra
24165,2,20/01/2026,Shopping Barra
24166,0,20/01/2026,Shopping Barra
24167,2,20/01/2026,Shopping Barra
24168,0,20/01/2026,Shopping Barra
24169,1,20/01/2026,Shopping Barra
24170,2,20/01/2026,Shopping Barra
24171,0,20/01/2026,Shopping Barra
24172,1,20/01/2026,Shopping Barra
24173,2,20/01/2026,Shopping Barra
24174,2,20/01/2026,Shopping Barra
24176,0,20/01/2026,Shopping Barra
24177,1,20/01/2026,Shopping Barra
24178,1,20/01/2026,Shopping Barra
24179,2,20/01/2026,Shopping Barra
24180,0,20/01/2026,Shopping Barra
24188,0,20/01/2026,Shopping Barra
24200,0,20/01/2026,Shopping Barra
24204,2,20/01/2026,Shopping Barra
24219,0,20/01/2026,Shopping Barra
24220,0,20/01/2026,Shopping Barra
24221,0,20/01/2026,Shopping Barra
24234,1,20/01/2026,Shopping Barra
24238,0,20/01/2026,Shopping Barra
24324,3,20/01/2026,Shopping Barra
24325,3,20/01/2026,Shopping Barra
24326,3,20/01/2026,Shopping Barra
24327,1,20/01/2026,Shopping Barra
24328,1,20/01/2026,Shopping Barra
24329,1,20/01/2026,Shopping Barra
24330,2,20/01/2026,Shopping Barra
24344,4,20/01/2026,Shopping Barra
24387,4,20/01/2026,Shopping Barra
24401,4,20/01/2026,Shopping Barra
24412,1,20/01/2026,Shopping Barra
24413,3,20/01/2026,Shopping Barra
24415,1,20/01/2026,Shopping Barra
24416,2,20/01/2026,Shopping Barra
24417,1,20/01/2026,Shopping Barra
24418,0,20/01/2026,Shopping Barra
24419,0,20/01/2026,Shopping Barra
24421,2,20/01/2026,Shopping Barra
24422,2,20/01/2026,Shopping Barra
24423,0,20/01/2026,Shopping Barra
24424,0,20/01/2026,Shopping Barra
24426,1,20/01/2026,Shopping Barra
24427,0,20/01/2026,Shopping Barra
24428,2,20/01/2026,Shopping Barra
24429,0,20/01/2026,Shopping Barra
24430,1,20/01/2026,Shopping Barra
24431,2,20/01/2026,Shopping Barra
24432,2,20/01/2026,Shopping Barra
24433,0,20/01/2026,Shopping Barra
24435,0,20/01/2026,Shopping Barra
24436,1,20/01/2026,Shopping Barra
24438,1,20/01/2026,Shopping Barra
24439,3,20/01/2026,Shopping Barra
24442,0,20/01/2026,Shopping Barra
24443,0,20/01/2026,Shopping Barra
24445,0,20/01/2026,Shopping Barra
24446,0,20/01/2026,Shopping Barra
24447,1,20/01/2026,Shopping Barra
24448,0,20/01/2026,Shopping Barra
24449,0,20/01/2026,Shopping Barra
24450,0,20/01/2026,Shopping Barra
24452,0,20/01/2026,Shopping Barra
24454,3,20/01/2026,Shopping Barra
24455,0,20/01/2026,Shopping Barra
24469,0,20/01/2026,Shopping Barra
24470,1,20/01/2026,Shopping Barra
24533,3,20/01/2026,Shopping Barra
24534,2,20/01/2026,Shopping Barra
24579,1,20/01/2026,Shopping Barra
24580,0,20/01/2026,Shopping Barra
24581,0,20/01/2026,Shopping Barra
24582,0,20/01/2026,Shopping Barra
24583,1,20/01/2026,Shopping Barra
24584,0,20/01/2026,Shopping Barra
24585,1,20/01/2026,Shopping Barra
24586,3,20/01/2026,Shopping Barra
24587,3,20/01/2026,Shopping Barra
24588,3,20/01/2026,Shopping Barra
24589,2,20/01/2026,Shopping Barra
24590,3,20/01/2026,Shopping Barra
24591,0,20/01/2026,Shopping Barra
24592,0,20/01/2026,Shopping Barra
24593,0,20/01/2026,Shopping Barra
24594,2,20/01/2026,Shopping Barra
24595,1,20/01/2026,Shopping Barra
24596,2,20/01/2026,Shopping Barra
24597,0,20/01/2026,Shopping Barra
24598,2,20/01/2026,Shopping Barra
24599,3,20/01/2026,Shopping Barra
24600,2,20/01/2026,Shopping Barra
24601,0,20/01/2026,Shopping Barra
24602,0,20/01/2026,Shopping Barra
24603,1,20/01/2026,Shopping Barra
24604,1,20/01/2026,Shopping Barra
24605,1,20/01/2026,Shopping Barra
24606,3,20/01/2026,Shopping Barra
24607,1,20/01/2026,Shopping Barra
24608,2,20/01/2026,Shopping Barra
24609,1,20/01/2026,Shopping Barra
24610,1,20/01/2026,Shopping Barra
24611,0,20/01/2026,Shopping Barra
24612,1,20/01/2026,Shopping Barra
24613,1,20/01/2026,Shopping Barra
24614,2,20/01/2026,Shopping Barra
24615,2,20/01/2026,Shopping Barra
24616,3,20/01/2026,Shopping Barra
24617,3,20/01/2026,Shopping Barra
24618,1,20/01/2026,Shopping Barra
24619,1,20/01/2026,Shopping Barra
24620,2,20/01/2026,Shopping Barra
24621,3,20/01/2026,Shopping Barra
24622,0,20/01/2026,Shopping Barra
24623,0,20/01/2026,Shopping Barra
24624,0,20/01/2026,Shopping Barra
24625,1,20/01/2026,Shopping Barra
24626,1,20/01/2026,Shopping Barra
24627,1,20/01/2026,Shopping Barra
24628,0,20/01/2026,Shopping Barra
24629,1,20/01/2026,Shopping Barra
24630,1,20/01/2026,Shopping Barra
24631,1,20/01/2026,Shopping Barra
24632,0,20/01/2026,Shopping Barra
24633,0,20/01/2026,Shopping Barra
24634,0,20/01/2026,Shopping Barra
24635,0,20/01/2026,Shopping Barra
24653,1,20/01/2026,Shopping Barra
24682,1,20/01/2026,Shopping Barra
24690,1,20/01/2026,Shopping Barra
24693,1,20/01/2026,Shopping Barra
24714,1,20/01/2026,Shopping Barra
24722,3,20/01/2026,Shopping Barra
24739,0,20/01/2026,Shopping Barra
24757,0,20/01/2026,Shopping Barra
24765,0,20/01/2026,Shopping Barra
24766,0,20/01/2026,Shopping Barra
24767,0,20/01/2026,Shopping Barra
24768,2,20/01/2026,Shopping Barra
24786,4,20/01/2026,Shopping Barra
24806,0,20/01/2026,Shopping Barra
24808,4,20/01/2026,Shopping Barra
24809,1,20/01/2026,Shopping Barra
24811,4,20/01/2026,Shopping Barra
24812,2,20/01/2026,Shopping Barra
24814,2,20/01/2026,Shopping Barra
24874,0,20/01/2026,Shopping Barra
24875,1,20/01/2026,Shopping Barra
24876,0,20/01/2026,Shopping Barra
24877,1,20/01/2026,Shopping Barra
24878,0,20/01/2026,Shopping Barra
24879,1,20/01/2026,Shopping Barra
24880,0,20/01/2026,Shopping Barra
24881,1,20/01/2026,Shopping Barra
24882,0,20/01/2026,Shopping Barra
24883,0,20/01/2026,Shopping Barra
24884,1,20/01/2026,Shopping Barra
24885,1,20/01/2026,Shopping Barra
24886,1,20/01/2026,Shopping Barra
24887,1,20/01/2026,Shopping Barra
24888,1,20/01/2026,Shopping Barra
24889,0,20/01/2026,Shopping Barra
24891,0,20/01/2026,Shopping Barra
24892,3,20/01/2026,Shopping Barra
24894,2,20/01/2026,Shopping Barra
24899,4,20/01/2026,Shopping Barra
24900,1,20/01/2026,Shopping Barra
24901,2,20/01/2026,Shopping Barra
24923,0,20/01/2026,Shopping Barra
24924,3,20/01/2026,Shopping Barra
24925,2,20/01/2026,Shopping Barra
24927,2,20/01/2026,Shopping Barra
24928,2,20/01/2026,Shopping Barra
24929,1,20/01/2026,Shopping Barra
24930,2,20/01/2026,Shopping Barra
24932,2,20/01/2026,Shopping Barra
24933,2,20/01/2026,Shopping Barra
24934,2,20/01/2026,Shopping Barra
24935,2,20/01/2026,Shopping Barra
24947,2,20/01/2026,Shopping Barra
24948,2,20/01/2026,Shopping Barra
24949,2,20/01/2026,Shopping Barra
24950,2,20/01/2026,Shopping Barra
24951,2,20/01/2026,Shopping Barra
24952,2,20/01/2026,Shopping Barra
24953,2,20/01/2026,Shopping Barra
24954,2,20/01/2026,Shopping Barra
24955,2,20/01/2026,Shopping Barra
24956,2,20/01/2026,Shopping Barra
24957,2,20/01/2026,Shopping Barra
24958,2,20/01/2026,Shopping Barra
24959,2,20/01/2026,Shopping Barra
24960,2,20/01/2026,Shopping Barra
24961,1,20/01/2026,Shopping Barra
24962,0,20/01/2026,Shopping Barra
24964,2,20/01/2026,Shopping Barra
24965,2,20/01/2026,Shopping Barra
24966,2,20/01/2026,Shopping Barra
24967,2,20/01/2026,Shopping Barra
24968,3,20/01/2026,Shopping Barra
24969,2,20/01/2026,Shopping Barra
24970,2,20/01/2026,Shopping Barra
24971,2,20/01/2026,Shopping Barra
24972,2,20/01/2026,Shopping Barra
24973,1,20/01/2026,Shopping Barra
24974,2,20/01/2026,Shopping Barra
24975,2,20/01/2026,Shopping Barra
24976,2,20/01/2026,Shopping Barra
24977,2,20/01/2026,Shopping Barra
24978,2,20/01/2026,Shopping Barra
24979,2,20/01/2026,Shopping Barra
24980,2,20/01/2026,Shopping Barra
24981,2,20/01/2026,Shopping Barra
24982,2,20/01/2026,Shopping Barra
24983,2,20/01/2026,Shopping Barra
24984,2,20/01/2026,Shopping Barra
24985,0,20/01/2026,Shopping Barra
24987,0,20/01/2026,Shopping Barra
25007,1,20/01/2026,Shopping Barra
25008,0,20/01/2026,Shopping Barra
25011,0,20/01/2026,Shopping Barra
25012,0,20/01/2026,Shopping Barra
25013,0,20/01/2026,Shopping Barra
25015,0,20/01/2026,Shopping Barra
25018,1,20/01/2026,Shopping Barra
25104,3,20/01/2026,Shopping Barra
25160,3,20/01/2026,Shopping Barra
25176,8,20/01/2026,Shopping Barra
25178,2,20/01/2026,Shopping Barra
25227,1,20/01/2026,Shopping Barra
25228,2,20/01/2026,Shopping Barra
25229,4,20/01/2026,Shopping Barra
25232,1,20/01/2026,Shopping Barra
25238,1,20/01/2026,Shopping Barra
25247,2,20/01/2026,Shopping Barra
25248,2,20/01/2026,Shopping Barra
25259,1,20/01/2026,Shopping Barra
25260,3,20/01/2026,Shopping Barra
25261,1,20/01/2026,Shopping Barra
25262,1,20/01/2026,Shopping Barra
25263,2,20/01/2026,Shopping Barra
25264,1,20/01/2026,Shopping Barra
25265,2,20/01/2026,Shopping Barra
25266,2,20/01/2026,Shopping Barra
25267,2,20/01/2026,Shopping Barra
25273,1,20/01/2026,Shopping Barra
25288,0,20/01/2026,Shopping Barra
25289,0,20/01/2026,Shopping Barra
25330,1,20/01/2026,Shopping Barra
25331,1,20/01/2026,Shopping Barra
25368,3,20/01/2026,Shopping Barra
25370,1,20/01/2026,Shopping Barra
25371,3,20/01/2026,Shopping Barra
25373,2,20/01/2026,Shopping Barra
25378,0,20/01/2026,Shopping Barra
25414,0,20/01/2026,Shopping Barra
25415,2,20/01/2026,Shopping Barra
25416,0,20/01/2026,Shopping Barra
25418,1,20/01/2026,Shopping Barra
25419,0,20/01/2026,Shopping Barra
25420,1,20/01/2026,Shopping Barra
25423,0,20/01/2026,Shopping Barra
25424,3,20/01/2026,Shopping Barra
25425,0,20/01/2026,Shopping Barra
25426,2,20/01/2026,Shopping Barra
25427,0,20/01/2026,Shopping Barra
25428,3,20/01/2026,Shopping Barra
25429,1,20/01/2026,Shopping Barra
25430,0,20/01/2026,Shopping Barra
25431,0,20/01/2026,Shopping Barra
25432,0,20/01/2026,Shopping Barra
25433,3,20/01/2026,Shopping Barra
25434,1,20/01/2026,Shopping Barra
25435,2,20/01/2026,Shopping Barra
25437,1,20/01/2026,Shopping Barra
25438,1,20/01/2026,Shopping Barra
25440,2,20/01/2026,Shopping Barra
25441,3,20/01/2026,Shopping Barra
25442,2,20/01/2026,Shopping Barra
25443,1,20/01/2026,Shopping Barra
25444,0,20/01/2026,Shopping Barra
25445,1,20/01/2026,Shopping Barra
25447,2,20/01/2026,Shopping Barra
25448,1,20/01/2026,Shopping Barra
25449,1,20/01/2026,Shopping Barra
25450,2,20/01/2026,Shopping Barra
25451,1,20/01/2026,Shopping Barra
25487,1,20/01/2026,Shopping Barra
25488,1,20/01/2026,Shopping Barra
25489,2,20/01/2026,Shopping Barra
25490,2,20/01/2026,Shopping Barra
25491,2,20/01/2026,Shopping Barra
25492,2,20/01/2026,Shopping Barra
25493,1,20/01/2026,Shopping Barra
25494,2,20/01/2026,Shopping Barra
25495,2,20/01/2026,Shopping Barra
25499,1,20/01/2026,Shopping Barra
25633,0,20/01/2026,Shopping Barra
25634,1,20/01/2026,Shopping Barra
25671,1,20/01/2026,Shopping Barra
25718,2,20/01/2026,Shopping Barra
25719,2,20/01/2026,Shopping Barra
25720,2,20/01/2026,Shopping Barra
25721,2,20/01/2026,Shopping Barra
25722,3,20/01/2026,Shopping Barra
25723,1,20/01/2026,Shopping Barra
25724,0,20/01/2026,Shopping Barra
25725,0,20/01/2026,Shopping Barra
25726,0,20/01/2026,Shopping Barra
25727,0,20/01/2026,Shopping Barra
25728,0,20/01/2026,Shopping Barra
25729,0,20/01/2026,Shopping Barra
25730,0,20/01/2026,Shopping Barra
25731,1,20/01/2026,Shopping Barra
25732,1,20/01/2026,Shopping Barra
25733,0,20/01/2026,Shopping Barra
25734,1,20/01/2026,Shopping Barra
25735,0,20/01/2026,Shopping Barra
25736,2,20/01/2026,Shopping Barra
25737,1,20/01/2026,Shopping Barra
25738,3,20/01/2026,Shopping Barra
25739,3,20/01/2026,Shopping Barra
25740,1,20/01/2026,Shopping Barra
25741,1,20/01/2026,Shopping Barra
25742,3,20/01/2026,Shopping Barra
25743,2,20/01/2026,Shopping Barra
25744,2,20/01/2026,Shopping Barra
25745,4,20/01/2026,Shopping Barra
25746,2,20/01/2026,Shopping Barra
25747,4,20/01/2026,Shopping Barra
25748,2,20/01/2026,Shopping Barra
25749,2,20/01/2026,Shopping Barra
25750,2,20/01/2026,Shopping Barra
25751,2,20/01/2026,Shopping Barra
25752,2,20/01/2026,Shopping Barra
25753,0,20/01/2026,Shopping Barra
25755,1,20/01/2026,Shopping Barra
25756,2,20/01/2026,Shopping Barra
25757,2,20/01/2026,Shopping Barra
25788,0,20/01/2026,Shopping Barra
25796,3,20/01/2026,Shopping Barra
25797,0,20/01/2026,Shopping Barra
25800,0,20/01/2026,Shopping Barra
25808,1,20/01/2026,Shopping Barra
25810,2,20/01/2026,Shopping Barra
25811,0,20/01/2026,Shopping Barra
25812,0,20/01/2026,Shopping Barra
25813,1,20/01/2026,Shopping Barra
25814,0,20/01/2026,Shopping Barra
25815,0,20/01/2026,Shopping Barra
25816,0,20/01/2026,Shopping Barra
25817,0,20/01/2026,Shopping Barra
25818,0,20/01/2026,Shopping Barra
25819,2,20/01/2026,Shopping Barra
25831,0,20/01/2026,Shopping Barra
25838,0,20/01/2026,Shopping Barra
25840,0,20/01/2026,Shopping Barra
25842,0,20/01/2026,Shopping Barra
25846,0,20/01/2026,Shopping Barra
25849,0,20/01/2026,Shopping Barra
25854,0,20/01/2026,Shopping Barra
25855,0,20/01/2026,Shopping Barra
25856,0,20/01/2026,Shopping Barra
25857,0,20/01/2026,Shopping Barra
25858,0,20/01/2026,Shopping Barra
25859,0,20/01/2026,Shopping Barra
25860,0,20/01/2026,Shopping Barra
25862,0,20/01/2026,Shopping Barra
25868,0,20/01/2026,Shopping Barra
25869,0,20/01/2026,Shopping Barra
25880,3,20/01/2026,Shopping Barra
25881,1,20/01/2026,Shopping Barra
25883,0,20/01/2026,Shopping Barra
26056,0,20/01/2026,Shopping Barra
26057,2,20/01/2026,Shopping Barra
26067,0,20/01/2026,Shopping Barra
26092,3,20/01/2026,Shopping Barra
26093,2,20/01/2026,Shopping Barra
26094,2,20/01/2026,Shopping Barra
26101,0,20/01/2026,Shopping Barra
26131,1,20/01/2026,Shopping Barra
26132,0,20/01/2026,Shopping Barra
26139,2,20/01/2026,Shopping Barra
26140,3,20/01/2026,Shopping Barra
26177,2,20/01/2026,Shopping Barra
26178,2,20/01/2026,Shopping Barra
26179,3,20/01/2026,Shopping Barra
26180,2,20/01/2026,Shopping Barra
26181,1,20/01/2026,Shopping Barra
26182,1,20/01/2026,Shopping Barra
26183,3,20/01/2026,Shopping Barra
26184,3,20/01/2026,Shopping Barra
26185,0,20/01/2026,Shopping Barra
26190,1,20/01/2026,Shopping Barra
26202,1,20/01/2026,Shopping Barra
26203,3,20/01/2026,Shopping Barra
26204,1,20/01/2026,Shopping Barra
26205,2,20/01/2026,Shopping Barra
26206,2,20/01/2026,Shopping Barra
26207,1,20/01/2026,Shopping Barra
26208,2,20/01/2026,Shopping Barra
26209,2,20/01/2026,Shopping Barra
26210,1,20/01/2026,Shopping Barra
26211,1,20/01/2026,Shopping Barra
26212,1,20/01/2026,Shopping Barra
26213,1,20/01/2026,Shopping Barra
26214,2,20/01/2026,Shopping Barra
26215,3,20/01/2026,Shopping Barra
26216,2,20/01/2026,Shopping Barra
26217,4,20/01/2026,Shopping Barra
26218,1,20/01/2026,Shopping Barra
26219,2,20/01/2026,Shopping Barra
26220,3,20/01/2026,Shopping Barra
26221,1,20/01/2026,Shopping Barra
26243,0,20/01/2026,Shopping Barra
26244,2,20/01/2026,Shopping Barra
26245,0,20/01/2026,Shopping Barra
26258,6,20/01/2026,Shopping Barra
26260,1,20/01/2026,Shopping Barra
26268,4,20/01/2026,Shopping Barra
26269,2,20/01/2026,Shopping Barra
26270,1,20/01/2026,Shopping Barra
26275,0,20/01/2026,Shopping Barra
26278,2,20/01/2026,Shopping Barra
26294,1,20/01/2026,Shopping Barra
26322,0,20/01/2026,Shopping Barra
26326,1,20/01/2026,Shopping Barra
26365,0,20/01/2026,Shopping Barra
26366,2,20/01/2026,Shopping Barra
26367,1,20/01/2026,Shopping Barra
26368,0,20/01/2026,Shopping Barra
26369,1,20/01/2026,Shopping Barra
26370,1,20/01/2026,Shopping Barra
26371,1,20/01/2026,Shopping Barra
26372,1,20/01/2026,Shopping Barra
26373,1,20/01/2026,Shopping Barra
26374,1,20/01/2026,Shopping Barra
26375,3,20/01/2026,Shopping Barra
26376,2,20/01/2026,Shopping Barra
26377,3,20/01/2026,Shopping Barra
26378,1,20/01/2026,Shopping Barra
26379,0,20/01/2026,Shopping Barra
26380,0,20/01/2026,Shopping Barra
26381,0,20/01/2026,Shopping Barra
26382,3,20/01/2026,Shopping Barra
26383,0,20/01/2026,Shopping Barra
26384,2,20/01/2026,Shopping Barra
26385,2,20/01/2026,Shopping Barra
26386,2,20/01/2026,Shopping Barra
26387,2,20/01/2026,Shopping Barra
26388,0,20/01/2026,Shopping Barra
26389,2,20/01/2026,Shopping Barra
26399,2,20/01/2026,Shopping Barra
26400,1,20/01/2026,Shopping Barra
26401,2,20/01/2026,Shopping Barra
26402,1,20/01/2026,Shopping Barra
26403,2,20/01/2026,Shopping Barra
26404,2,20/01/2026,Shopping Barra
26405,2,20/01/2026,Shopping Barra
26406,2,20/01/2026,Shopping Barra
26407,0,20/01/2026,Shopping Barra
26408,1,20/01/2026,Shopping Barra
26409,1,20/01/2026,Shopping Barra
26410,2,20/01/2026,Shopping Barra
26411,1,20/01/2026,Shopping Barra
26412,2,20/01/2026,Shopping Barra
26413,2,20/01/2026,Shopping Barra
26414,2,20/01/2026,Shopping Barra
26415,1,20/01/2026,Shopping Barra
26450,0,20/01/2026,Shopping Barra
26583,0,20/01/2026,Shopping Barra
26589,0,20/01/2026,Shopping Barra
26590,0,20/01/2026,Shopping Barra
26598,1,20/01/2026,Shopping Barra
26599,1,20/01/2026,Shopping Barra
26600,2,20/01/2026,Shopping Barra
26601,4,20/01/2026,Shopping Barra
26692,0,20/01/2026,Shopping Barra
26721,3,20/01/2026,Shopping Barra
26722,1,20/01/2026,Shopping Barra
26723,1,20/01/2026,Shopping Barra
26745,0,20/01/2026,Shopping Barra
26746,0,20/01/2026,Shopping Barra
26747,0,20/01/2026,Shopping Barra
26748,0,20/01/2026,Shopping Barra
26749,0,20/01/2026,Shopping Barra
26750,0,20/01/2026,Shopping Barra
26751,0,20/01/2026,Shopping Barra
26752,0,20/01/2026,Shopping Barra
26753,0,20/01/2026,Shopping Barra
26754,0,20/01/2026,Shopping Barra
26755,0,20/01/2026,Shopping Barra
26756,0,20/01/2026,Shopping Barra
26757,0,20/01/2026,Shopping Barra
26758,0,20/01/2026,Shopping Barra
26759,1,20/01/2026,Shopping Barra
26760,1,20/01/2026,Shopping Barra
26761,1,20/01/2026,Shopping Barra
26762,0,20/01/2026,Shopping Barra
26764,1,20/01/2026,Shopping Barra
26766,3,20/01/2026,Shopping Barra
26767,2,20/01/2026,Shopping Barra
26768,2,20/01/2026,Shopping Barra
26769,2,20/01/2026,Shopping Barra
26815,4,20/01/2026,Shopping Barra
26829,1,20/01/2026,Shopping Barra
26842,0,20/01/2026,Shopping Barra
26843,0,20/01/2026,Shopping Barra
26844,2,20/01/2026,Shopping Barra
26845,1,20/01/2026,Shopping Barra
26923,2,20/01/2026,Shopping Barra
26931,0,20/01/2026,Shopping Barra
26932,0,20/01/2026,Shopping Barra
26934,1,20/01/2026,Shopping Barra
26935,0,20/01/2026,Shopping Barra
26936,0,20/01/2026,Shopping Barra
26938,0,20/01/2026,Shopping Barra
26940,1,20/01/2026,Shopping Barra
26942,1,20/01/2026,Shopping Barra
26944,2,20/01/2026,Shopping Barra
26945,2,20/01/2026,Shopping Barra
26946,0,20/01/2026,Shopping Barra
26947,2,20/01/2026,Shopping Barra
26948,2,20/01/2026,Shopping Barra
26949,2,20/01/2026,Shopping Barra
26950,1,20/01/2026,Shopping Barra
26951,2,20/01/2026,Shopping Barra
26952,1,20/01/2026,Shopping Barra
313,0,20/01/2026,Shopping Bela Vista
322,0,20/01/2026,Shopping Bela Vista
338,0,20/01/2026,Shopping Bela Vista
341,0,20/01/2026,Shopping Bela Vista
398,0,20/01/2026,Shopping Bela Vista
610,0,20/01/2026,Shopping Bela Vista
674,0,20/01/2026,Shopping Bela Vista
727,0,20/01/2026,Shopping Bela Vista
887,2,20/01/2026,Shopping Bela Vista
888,0,20/01/2026,Shopping Bela Vista
889,0,20/01/2026,Shopping Bela Vista
890,0,20/01/2026,Shopping Bela Vista
1049,0,20/01/2026,Shopping Bela Vista
1100,0,20/01/2026,Shopping Bela Vista
1109,2,20/01/2026,Shopping Bela Vista
1119,0,20/01/2026,Shopping Bela Vista
1276,0,20/01/2026,Shopping Bela Vista
1277,0,20/01/2026,Shopping Bela Vista
1362,0,20/01/2026,Shopping Bela Vista
1363,0,20/01/2026,Shopping Bela Vista
1367,0,20/01/2026,Shopping Bela Vista
1368,0,20/01/2026,Shopping Bela Vista
1405,2,20/01/2026,Shopping Bela Vista
1438,0,20/01/2026,Shopping Bela Vista
1499,0,20/01/2026,Shopping Bela Vista
1526,0,20/01/2026,Shopping Bela Vista
1712,0,20/01/2026,Shopping Bela Vista
1941,0,20/01/2026,Shopping Bela Vista
2197,0,20/01/2026,Shopping Bela Vista
2200,0,20/01/2026,Shopping Bela Vista
2202,0,20/01/2026,Shopping Bela Vista
2207,0,20/01/2026,Shopping Bela Vista
2208,0,20/01/2026,Shopping Bela Vista
2217,0,20/01/2026,Shopping Bela Vista
2398,0,20/01/2026,Shopping Bela Vista
2403,0,20/01/2026,Shopping Bela Vista
2617,4,20/01/2026,Shopping Bela Vista
2646,0,20/01/2026,Shopping Bela Vista
2693,0,20/01/2026,Shopping Bela Vista
2697,0,20/01/2026,Shopping Bela Vista
2721,0,20/01/2026,Shopping Bela Vista
2723,0,20/01/2026,Shopping Bela Vista
2725,0,20/01/2026,Shopping Bela Vista
2811,2,20/01/2026,Shopping Bela Vista
2842,0,20/01/2026,Shopping Bela Vista
2844,0,20/01/2026,Shopping Bela Vista
2845,0,20/01/2026,Shopping Bela Vista
2867,0,20/01/2026,Shopping Bela Vista
2881,0,20/01/2026,Shopping Bela Vista
2930,0,20/01/2026,Shopping Bela Vista
3056,2,20/01/2026,Shopping Bela Vista
3065,0,20/01/2026,Shopping Bela Vista
3099,0,20/01/2026,Shopping Bela Vista
3147,0,20/01/2026,Shopping Bela Vista
3190,0,20/01/2026,Shopping Bela Vista
3406,0,20/01/2026,Shopping Bela Vista
3462,0,20/01/2026,Shopping Bela Vista
3532,0,20/01/2026,Shopping Bela Vista
3533,0,20/01/2026,Shopping Bela Vista
3554,0,20/01/2026,Shopping Bela Vista
3555,1,20/01/2026,Shopping Bela Vista
3556,2,20/01/2026,Shopping Bela Vista
3573,0,20/01/2026,Shopping Bela Vista
3746,0,20/01/2026,Shopping Bela Vista
3747,0,20/01/2026,Shopping Bela Vista
3751,2,20/01/2026,Shopping Bela Vista
3800,2,20/01/2026,Shopping Bela Vista
3823,1,20/01/2026,Shopping Bela Vista
3825,0,20/01/2026,Shopping Bela Vista
3871,0,20/01/2026,Shopping Bela Vista
3882,0,20/01/2026,Shopping Bela Vista
3901,0,20/01/2026,Shopping Bela Vista
3904,0,20/01/2026,Shopping Bela Vista
3905,0,20/01/2026,Shopping Bela Vista
3906,4,20/01/2026,Shopping Bela Vista
3969,2,20/01/2026,Shopping Bela Vista
4028,2,20/01/2026,Shopping Bela Vista
4030,2,20/01/2026,Shopping Bela Vista
4031,0,20/01/2026,Shopping Bela Vista
4032,0,20/01/2026,Shopping Bela Vista
4033,0,20/01/2026,Shopping Bela Vista
4034,0,20/01/2026,Shopping Bela Vista
4035,0,20/01/2026,Shopping Bela Vista
4054,2,20/01/2026,Shopping Bela Vista
4111,0,20/01/2026,Shopping Bela Vista
4112,0,20/01/2026,Shopping Bela Vista
4113,0,20/01/2026,Shopping Bela Vista
4114,0,20/01/2026,Shopping Bela Vista
4140,0,20/01/2026,Shopping Bela Vista
4141,0,20/01/2026,Shopping Bela Vista
4147,0,20/01/2026,Shopping Bela Vista
4148,0,20/01/2026,Shopping Bela Vista
4149,0,20/01/2026,Shopping Bela Vista
4160,0,20/01/2026,Shopping Bela Vista
4310,0,20/01/2026,Shopping Bela Vista
4312,0,20/01/2026,Shopping Bela Vista
4325,0,20/01/2026,Shopping Bela Vista
4347,0,20/01/2026,Shopping Bela Vista
4348,2,20/01/2026,Shopping Bela Vista
4349,2,20/01/2026,Shopping Bela Vista
4350,0,20/01/2026,Shopping Bela Vista
4351,0,20/01/2026,Shopping Bela Vista
4352,2,20/01/2026,Shopping Bela Vista
4353,2,20/01/2026,Shopping Bela Vista
4354,2,20/01/2026,Shopping Bela Vista
4355,2,20/01/2026,Shopping Bela Vista
4356,2,20/01/2026,Shopping Bela Vista
4357,0,20/01/2026,Shopping Bela Vista
4358,0,20/01/2026,Shopping Bela Vista
4359,0,20/01/2026,Shopping Bela Vista
4362,2,20/01/2026,Shopping Bela Vista
4363,2,20/01/2026,Shopping Bela Vista
4364,0,20/01/2026,Shopping Bela Vista
4365,2,20/01/2026,Shopping Bela Vista
4366,2,20/01/2026,Shopping Bela Vista
4367,2,20/01/2026,Shopping Bela Vista
4368,0,20/01/2026,Shopping Bela Vista
4372,0,20/01/2026,Shopping Bela Vista
4380,2,20/01/2026,Shopping Bela Vista
4382,0,20/01/2026,Shopping Bela Vista
4395,2,20/01/2026,Shopping Bela Vista
4434,1,20/01/2026,Shopping Bela Vista
4456,2,20/01/2026,Shopping Bela Vista
4457,2,20/01/2026,Shopping Bela Vista
4459,0,20/01/2026,Shopping Bela Vista
4460,1,20/01/2026,Shopping Bela Vista
4497,2,20/01/2026,Shopping Bela Vista
4499,0,20/01/2026,Shopping Bela Vista
4550,0,20/01/2026,Shopping Bela Vista
4600,0,20/01/2026,Shopping Bela Vista
4658,2,20/01/2026,Shopping Bela Vista
4660,2,20/01/2026,Shopping Bela Vista
4687,0,20/01/2026,Shopping Bela Vista
4688,0,20/01/2026,Shopping Bela Vista
4700,0,20/01/2026,Shopping Bela Vista
4725,0,20/01/2026,Shopping Bela Vista
4726,1,20/01/2026,Shopping Bela Vista
4727,0,20/01/2026,Shopping Bela Vista
4728,2,20/01/2026,Shopping Bela Vista
4750,0,20/01/2026,Shopping Bela Vista
4882,0,20/01/2026,Shopping Bela Vista
4980,0,20/01/2026,Shopping Bela Vista
4981,2,20/01/2026,Shopping Bela Vista
5049,1,20/01/2026,Shopping Bela Vista
5702,0,20/01/2026,Shopping Bela Vista
5703,0,20/01/2026,Shopping Bela Vista
5704,0,20/01/2026,Shopping Bela Vista
5705,0,20/01/2026,Shopping Bela Vista
6332,0,20/01/2026,Shopping Bela Vista
8144,2,20/01/2026,Shopping Bela Vista
8145,2,20/01/2026,Shopping Bela Vista
8146,2,20/01/2026,Shopping Bela Vista
8152,1,20/01/2026,Shopping Bela Vista
8153,2,20/01/2026,Shopping Bela Vista
8154,2,20/01/2026,Shopping Bela Vista
8155,0,20/01/2026,Shopping Bela Vista
8156,0,20/01/2026,Shopping Bela Vista
8157,2,20/01/2026,Shopping Bela Vista
8158,2,20/01/2026,Shopping Bela Vista
8159,0,20/01/2026,Shopping Bela Vista
8520,1,20/01/2026,Shopping Bela Vista
8521,1,20/01/2026,Shopping Bela Vista
20715,0,20/01/2026,Shopping Bela Vista
20716,0,20/01/2026,Shopping Bela Vista
20717,0,20/01/2026,Shopping Bela Vista
20718,0,20/01/2026,Shopping Bela Vista
20719,2,20/01/2026,Shopping Bela Vista
20720,2,20/01/2026,Shopping Bela Vista
20721,2,20/01/2026,Shopping Bela Vista
20722,2,20/01/2026,Shopping Bela Vista
20723,2,20/01/2026,Shopping Bela Vista
20737,2,20/01/2026,Shopping Bela Vista
20755,1,20/01/2026,Shopping Bela Vista
20790,0,20/01/2026,Shopping Bela Vista
20791,0,20/01/2026,Shopping Bela Vista
20792,0,20/01/2026,Shopping Bela Vista
20793,0,20/01/2026,Shopping Bela Vista
20833,0,20/01/2026,Shopping Bela Vista
20834,0,20/01/2026,Shopping Bela Vista
20875,0,20/01/2026,Shopping Bela Vista
20877,2,20/01/2026,Shopping Bela Vista
20990,2,20/01/2026,Shopping Bela Vista
21069,2,20/01/2026,Shopping Bela Vista
21080,2,20/01/2026,Shopping Bela Vista
21113,2,20/01/2026,Shopping Bela Vista
21143,0,20/01/2026,Shopping Bela Vista
21144,0,20/01/2026,Shopping Bela Vista
21145,0,20/01/2026,Shopping Bela Vista
21146,0,20/01/2026,Shopping Bela Vista
21147,0,20/01/2026,Shopping Bela Vista
21148,0,20/01/2026,Shopping Bela Vista
21149,2,20/01/2026,Shopping Bela Vista
21190,0,20/01/2026,Shopping Bela Vista
21191,0,20/01/2026,Shopping Bela Vista
21227,2,20/01/2026,Shopping Bela Vista
21255,0,20/01/2026,Shopping Bela Vista
21267,2,20/01/2026,Shopping Bela Vista
21279,2,20/01/2026,Shopping Bela Vista
21286,1,20/01/2026,Shopping Bela Vista
21288,0,20/01/2026,Shopping Bela Vista
21289,0,20/01/2026,Shopping Bela Vista
21290,2,20/01/2026,Shopping Bela Vista
21291,0,20/01/2026,Shopping Bela Vista
21295,2,20/01/2026,Shopping Bela Vista
21296,3,20/01/2026,Shopping Bela Vista
21299,0,20/01/2026,Shopping Bela Vista
21300,2,20/01/2026,Shopping Bela Vista
21309,0,20/01/2026,Shopping Bela Vista
21311,0,20/01/2026,Shopping Bela Vista
21312,0,20/01/2026,Shopping Bela Vista
21313,0,20/01/2026,Shopping Bela Vista
21314,0,20/01/2026,Shopping Bela Vista
21315,0,20/01/2026,Shopping Bela Vista
21316,2,20/01/2026,Shopping Bela Vista
21317,2,20/01/2026,Shopping Bela Vista
21383,0,20/01/2026,Shopping Bela Vista
21414,1,20/01/2026,Shopping Bela Vista
21458,0,20/01/2026,Shopping Bela Vista
21462,0,20/01/2026,Shopping Bela Vista
21463,0,20/01/2026,Shopping Bela Vista
21464,1,20/01/2026,Shopping Bela Vista
21466,0,20/01/2026,Shopping Bela Vista
21467,0,20/01/2026,Shopping Bela Vista
21492,2,20/01/2026,Shopping Bela Vista
21510,0,20/01/2026,Shopping Bela Vista
21511,2,20/01/2026,Shopping Bela Vista
21512,0,20/01/2026,Shopping Bela Vista
21513,0,20/01/2026,Shopping Bela Vista
21514,2,20/01/2026,Shopping Bela Vista
21547,0,20/01/2026,Shopping Bela Vista
21557,0,20/01/2026,Shopping Bela Vista
21574,0,20/01/2026,Shopping Bela Vista
21575,0,20/01/2026,Shopping Bela Vista
21576,0,20/01/2026,Shopping Bela Vista
21581,0,20/01/2026,Shopping Bela Vista
21582,0,20/01/2026,Shopping Bela Vista
21583,2,20/01/2026,Shopping Bela Vista
21601,0,20/01/2026,Shopping Bela Vista
21613,0,20/01/2026,Shopping Bela Vista
21614,0,20/01/2026,Shopping Bela Vista
21682,0,20/01/2026,Shopping Bela Vista
21691,1,20/01/2026,Shopping Bela Vista
21694,0,20/01/2026,Shopping Bela Vista
21696,2,20/01/2026,Shopping Bela Vista
21697,1,20/01/2026,Shopping Bela Vista
21698,2,20/01/2026,Shopping Bela Vista
21703,0,20/01/2026,Shopping Bela Vista
21704,0,20/01/2026,Shopping Bela Vista
21710,2,20/01/2026,Shopping Bela Vista
21717,0,20/01/2026,Shopping Bela Vista
21718,0,20/01/2026,Shopping Bela Vista
21719,0,20/01/2026,Shopping Bela Vista
21875,0,20/01/2026,Shopping Bela Vista
21876,0,20/01/2026,Shopping Bela Vista
21905,1,20/01/2026,Shopping Bela Vista
21909,0,20/01/2026,Shopping Bela Vista
21910,0,20/01/2026,Shopping Bela Vista
21911,0,20/01/2026,Shopping Bela Vista
21912,0,20/01/2026,Shopping Bela Vista
21913,2,20/01/2026,Shopping Bela Vista
21914,2,20/01/2026,Shopping Bela Vista
21915,1,20/01/2026,Shopping Bela Vista
21917,0,20/01/2026,Shopping Bela Vista
21918,0,20/01/2026,Shopping Bela Vista
21919,0,20/01/2026,Shopping Bela Vista
21920,2,20/01/2026,Shopping Bela Vista
21921,1,20/01/2026,Shopping Bela Vista
21923,2,20/01/2026,Shopping Bela Vista
21924,0,20/01/2026,Shopping Bela Vista
21925,0,20/01/2026,Shopping Bela Vista
21926,0,20/01/2026,Shopping Bela Vista
21927,0,20/01/2026,Shopping Bela Vista
22000,2,20/01/2026,Shopping Bela Vista
22001,0,20/01/2026,Shopping Bela Vista
22002,2,20/01/2026,Shopping Bela Vista
22101,0,20/01/2026,Shopping Bela Vista
22102,0,20/01/2026,Shopping Bela Vista
22103,0,20/01/2026,Shopping Bela Vista
22114,2,20/01/2026,Shopping Bela Vista
22191,1,20/01/2026,Shopping Bela Vista
22278,0,20/01/2026,Shopping Bela Vista
22306,0,20/01/2026,Shopping Bela Vista
22307,0,20/01/2026,Shopping Bela Vista
22308,0,20/01/2026,Shopping Bela Vista
22403,1,20/01/2026,Shopping Bela Vista
22417,1,20/01/2026,Shopping Bela Vista
22476,0,20/01/2026,Shopping Bela Vista
22477,0,20/01/2026,Shopping Bela Vista
22482,0,20/01/2026,Shopping Bela Vista
22487,2,20/01/2026,Shopping Bela Vista
22492,0,20/01/2026,Shopping Bela Vista
22504,0,20/01/2026,Shopping Bela Vista
22515,2,20/01/2026,Shopping Bela Vista
22547,0,20/01/2026,Shopping Bela Vista
22578,0,20/01/2026,Shopping Bela Vista
22589,0,20/01/2026,Shopping Bela Vista
22590,0,20/01/2026,Shopping Bela Vista
22595,0,20/01/2026,Shopping Bela Vista
22597,0,20/01/2026,Shopping Bela Vista
22598,1,20/01/2026,Shopping Bela Vista
22642,0,20/01/2026,Shopping Bela Vista
22666,0,20/01/2026,Shopping Bela Vista
22667,0,20/01/2026,Shopping Bela Vista
22668,0,20/01/2026,Shopping Bela Vista
22756,2,20/01/2026,Shopping Bela Vista
22850,0,20/01/2026,Shopping Bela Vista
22854,0,20/01/2026,Shopping Bela Vista
22859,2,20/01/2026,Shopping Bela Vista
22870,0,20/01/2026,Shopping Bela Vista
22883,0,20/01/2026,Shopping Bela Vista
22922,0,20/01/2026,Shopping Bela Vista
22923,0,20/01/2026,Shopping Bela Vista
22980,0,20/01/2026,Shopping Bela Vista
22985,0,20/01/2026,Shopping Bela Vista
22987,0,20/01/2026,Shopping Bela Vista
22988,0,20/01/2026,Shopping Bela Vista
22990,0,20/01/2026,Shopping Bela Vista
23003,0,20/01/2026,Shopping Bela Vista
23004,2,20/01/2026,Shopping Bela Vista
23005,0,20/01/2026,Shopping Bela Vista
23006,0,20/01/2026,Shopping Bela Vista
23007,0,20/01/2026,Shopping Bela Vista
23008,0,20/01/2026,Shopping Bela Vista
23010,0,20/01/2026,Shopping Bela Vista
23011,0,20/01/2026,Shopping Bela Vista
23012,0,20/01/2026,Shopping Bela Vista
23013,0,20/01/2026,Shopping Bela Vista
23014,0,20/01/2026,Shopping Bela Vista
23015,0,20/01/2026,Shopping Bela Vista
23016,0,20/01/2026,Shopping Bela Vista
23017,0,20/01/2026,Shopping Bela Vista
23018,0,20/01/2026,Shopping Bela Vista
23019,0,20/01/2026,Shopping Bela Vista
23020,0,20/01/2026,Shopping Bela Vista
23023,0,20/01/2026,Shopping Bela Vista
23024,0,20/01/2026,Shopping Bela Vista
23061,0,20/01/2026,Shopping Bela Vista
23062,0,20/01/2026,Shopping Bela Vista
23063,2,20/01/2026,Shopping Bela Vista
23064,0,20/01/2026,Shopping Bela Vista
23065,2,20/01/2026,Shopping Bela Vista
23066,0,20/01/2026,Shopping Bela Vista
23067,2,20/01/2026,Shopping Bela Vista
23082,0,20/01/2026,Shopping Bela Vista
23083,0,20/01/2026,Shopping Bela Vista
23158,0,20/01/2026,Shopping Bela Vista
23186,0,20/01/2026,Shopping Bela Vista
23189,2,20/01/2026,Shopping Bela Vista
23217,0,20/01/2026,Shopping Bela Vista
23218,0,20/01/2026,Shopping Bela Vista
23224,0,20/01/2026,Shopping Bela Vista
23234,0,20/01/2026,Shopping Bela Vista
23264,0,20/01/2026,Shopping Bela Vista
23265,0,20/01/2026,Shopping Bela Vista
23266,0,20/01/2026,Shopping Bela Vista
23267,0,20/01/2026,Shopping Bela Vista
23268,0,20/01/2026,Shopping Bela Vista
23269,0,20/01/2026,Shopping Bela Vista
23270,0,20/01/2026,Shopping Bela Vista
23271,0,20/01/2026,Shopping Bela Vista
23273,0,20/01/2026,Shopping Bela Vista
23277,0,20/01/2026,Shopping Bela Vista
23284,1,20/01/2026,Shopping Bela Vista
23285,3,20/01/2026,Shopping Bela Vista
23286,1,20/01/2026,Shopping Bela Vista
23321,0,20/01/2026,Shopping Bela Vista
23323,0,20/01/2026,Shopping Bela Vista
23325,0,20/01/2026,Shopping Bela Vista
23341,2,20/01/2026,Shopping Bela Vista
23342,1,20/01/2026,Shopping Bela Vista
23364,0,20/01/2026,Shopping Bela Vista
23376,0,20/01/2026,Shopping Bela Vista
23397,0,20/01/2026,Shopping Bela Vista
23443,1,20/01/2026,Shopping Bela Vista
23461,0,20/01/2026,Shopping Bela Vista
23472,0,20/01/2026,Shopping Bela Vista
23473,0,20/01/2026,Shopping Bela Vista
23476,0,20/01/2026,Shopping Bela Vista
23590,2,20/01/2026,Shopping Bela Vista
23703,0,20/01/2026,Shopping Bela Vista
23714,0,20/01/2026,Shopping Bela Vista
23715,0,20/01/2026,Shopping Bela Vista
23716,0,20/01/2026,Shopping Bela Vista
23717,0,20/01/2026,Shopping Bela Vista
23718,0,20/01/2026,Shopping Bela Vista
23719,0,20/01/2026,Shopping Bela Vista
23720,0,20/01/2026,Shopping Bela Vista
23725,0,20/01/2026,Shopping Bela Vista
23726,0,20/01/2026,Shopping Bela Vista
23727,0,20/01/2026,Shopping Bela Vista
23728,0,20/01/2026,Shopping Bela Vista
23730,0,20/01/2026,Shopping Bela Vista
23731,0,20/01/2026,Shopping Bela Vista
23737,0,20/01/2026,Shopping Bela Vista
23738,0,20/01/2026,Shopping Bela Vista
23739,0,20/01/2026,Shopping Bela Vista
23740,0,20/01/2026,Shopping Bela Vista
23741,0,20/01/2026,Shopping Bela Vista
23742,0,20/01/2026,Shopping Bela Vista
23744,0,20/01/2026,Shopping Bela Vista
23745,0,20/01/2026,Shopping Bela Vista
23746,0,20/01/2026,Shopping Bela Vista
23747,0,20/01/2026,Shopping Bela Vista
23748,0,20/01/2026,Shopping Bela Vista
23755,0,20/01/2026,Shopping Bela Vista
23807,0,20/01/2026,Shopping Bela Vista
23810,0,20/01/2026,Shopping Bela Vista
23814,1,20/01/2026,Shopping Bela Vista
23817,0,20/01/2026,Shopping Bela Vista
23818,0,20/01/2026,Shopping Bela Vista
23819,0,20/01/2026,Shopping Bela Vista
23820,0,20/01/2026,Shopping Bela Vista
23821,0,20/01/2026,Shopping Bela Vista
23822,0,20/01/2026,Shopping Bela Vista
23827,0,20/01/2026,Shopping Bela Vista
23828,0,20/01/2026,Shopping Bela Vista
23829,0,20/01/2026,Shopping Bela Vista
23830,0,20/01/2026,Shopping Bela Vista
23887,0,20/01/2026,Shopping Bela Vista
23893,1,20/01/2026,Shopping Bela Vista
23894,0,20/01/2026,Shopping Bela Vista
23895,2,20/01/2026,Shopping Bela Vista
23896,0,20/01/2026,Shopping Bela Vista
23897,2,20/01/2026,Shopping Bela Vista
23898,1,20/01/2026,Shopping Bela Vista
23899,1,20/01/2026,Shopping Bela Vista
23900,1,20/01/2026,Shopping Bela Vista
23901,1,20/01/2026,Shopping Bela Vista
23902,2,20/01/2026,Shopping Bela Vista
23903,1,20/01/2026,Shopping Bela Vista
23904,1,20/01/2026,Shopping Bela Vista
23905,2,20/01/2026,Shopping Bela Vista
23906,0,20/01/2026,Shopping Bela Vista
23907,2,20/01/2026,Shopping Bela Vista
23908,1,20/01/2026,Shopping Bela Vista
23909,2,20/01/2026,Shopping Bela Vista
23910,1,20/01/2026,Shopping Bela Vista
23911,1,20/01/2026,Shopping Bela Vista
23912,1,20/01/2026,Shopping Bela Vista
23913,1,20/01/2026,Shopping Bela Vista
23914,1,20/01/2026,Shopping Bela Vista
23915,3,20/01/2026,Shopping Bela Vista
23916,1,20/01/2026,Shopping Bela Vista
23917,0,20/01/2026,Shopping Bela Vista
23918,2,20/01/2026,Shopping Bela Vista
23919,1,20/01/2026,Shopping Bela Vista
23920,0,20/01/2026,Shopping Bela Vista
23921,0,20/01/2026,Shopping Bela Vista
23922,1,20/01/2026,Shopping Bela Vista
23923,2,20/01/2026,Shopping Bela Vista
23924,0,20/01/2026,Shopping Bela Vista
23925,1,20/01/2026,Shopping Bela Vista
23926,0,20/01/2026,Shopping Bela Vista
23927,1,20/01/2026,Shopping Bela Vista
23928,1,20/01/2026,Shopping Bela Vista
23929,3,20/01/2026,Shopping Bela Vista
23930,0,20/01/2026,Shopping Bela Vista
23931,0,20/01/2026,Shopping Bela Vista
23932,0,20/01/2026,Shopping Bela Vista
23934,1,20/01/2026,Shopping Bela Vista
23935,0,20/01/2026,Shopping Bela Vista
23936,1,20/01/2026,Shopping Bela Vista
23937,0,20/01/2026,Shopping Bela Vista
23938,2,20/01/2026,Shopping Bela Vista
23939,0,20/01/2026,Shopping Bela Vista
23940,1,20/01/2026,Shopping Bela Vista
23941,2,20/01/2026,Shopping Bela Vista
23942,1,20/01/2026,Shopping Bela Vista
23943,1,20/01/2026,Shopping Bela Vista
23944,2,20/01/2026,Shopping Bela Vista
23945,1,20/01/2026,Shopping Bela Vista
23946,1,20/01/2026,Shopping Bela Vista
23947,0,20/01/2026,Shopping Bela Vista
23948,2,20/01/2026,Shopping Bela Vista
23949,0,20/01/2026,Shopping Bela Vista
23950,2,20/01/2026,Shopping Bela Vista
23951,2,20/01/2026,Shopping Bela Vista
23952,0,20/01/2026,Shopping Bela Vista
23953,0,20/01/2026,Shopping Bela Vista
23954,0,20/01/2026,Shopping Bela Vista
23955,0,20/01/2026,Shopping Bela Vista
23956,1,20/01/2026,Shopping Bela Vista
23958,0,20/01/2026,Shopping Bela Vista
23960,2,20/01/2026,Shopping Bela Vista
23961,2,20/01/2026,Shopping Bela Vista
23962,0,20/01/2026,Shopping Bela Vista
23963,0,20/01/2026,Shopping Bela Vista
23964,0,20/01/2026,Shopping Bela Vista
23965,2,20/01/2026,Shopping Bela Vista
23966,2,20/01/2026,Shopping Bela Vista
23967,2,20/01/2026,Shopping Bela Vista
23968,0,20/01/2026,Shopping Bela Vista
23969,0,20/01/2026,Shopping Bela Vista
23970,0,20/01/2026,Shopping Bela Vista
23971,1,20/01/2026,Shopping Bela Vista
23972,3,20/01/2026,Shopping Bela Vista
23973,0,20/01/2026,Shopping Bela Vista
23974,2,20/01/2026,Shopping Bela Vista
23975,2,20/01/2026,Shopping Bela Vista
23976,2,20/01/2026,Shopping Bela Vista
23977,0,20/01/2026,Shopping Bela Vista
23978,0,20/01/2026,Shopping Bela Vista
23979,0,20/01/2026,Shopping Bela Vista
23980,2,20/01/2026,Shopping Bela Vista
23981,2,20/01/2026,Shopping Bela Vista
23982,1,20/01/2026,Shopping Bela Vista
23983,2,20/01/2026,Shopping Bela Vista
23984,0,20/01/2026,Shopping Bela Vista
23985,2,20/01/2026,Shopping Bela Vista
23986,0,20/01/2026,Shopping Bela Vista
23987,0,20/01/2026,Shopping Bela Vista
23988,1,20/01/2026,Shopping Bela Vista
23989,1,20/01/2026,Shopping Bela Vista
23990,0,20/01/2026,Shopping Bela Vista
23991,0,20/01/2026,Shopping Bela Vista
23992,0,20/01/2026,Shopping Bela Vista
23993,0,20/01/2026,Shopping Bela Vista
23994,1,20/01/2026,Shopping Bela Vista
23995,0,20/01/2026,Shopping Bela Vista
23996,1,20/01/2026,Shopping Bela Vista
23997,0,20/01/2026,Shopping Bela Vista
23998,1,20/01/2026,Shopping Bela Vista
24000,1,20/01/2026,Shopping Bela Vista
24001,2,20/01/2026,Shopping Bela Vista
24002,0,20/01/2026,Shopping Bela Vista
24003,1,20/01/2026,Shopping Bela Vista
24004,1,20/01/2026,Shopping Bela Vista
24005,1,20/01/2026,Shopping Bela Vista
24006,0,20/01/2026,Shopping Bela Vista
24007,1,20/01/2026,Shopping Bela Vista
24008,0,20/01/2026,Shopping Bela Vista
24009,0,20/01/2026,Shopping Bela Vista
24010,0,20/01/2026,Shopping Bela Vista
24011,2,20/01/2026,Shopping Bela Vista
24012,0,20/01/2026,Shopping Bela Vista
24013,0,20/01/2026,Shopping Bela Vista
24014,1,20/01/2026,Shopping Bela Vista
24015,0,20/01/2026,Shopping Bela Vista
24016,1,20/01/2026,Shopping Bela Vista
24017,0,20/01/2026,Shopping Bela Vista
24018,1,20/01/2026,Shopping Bela Vista
24019,0,20/01/2026,Shopping Bela Vista
24021,0,20/01/2026,Shopping Bela Vista
24022,0,20/01/2026,Shopping Bela Vista
24023,0,20/01/2026,Shopping Bela Vista
24024,0,20/01/2026,Shopping Bela Vista
24025,2,20/01/2026,Shopping Bela Vista
24026,0,20/01/2026,Shopping Bela Vista
24027,2,20/01/2026,Shopping Bela Vista
24028,0,20/01/2026,Shopping Bela Vista
24029,2,20/01/2026,Shopping Bela Vista
24030,0,20/01/2026,Shopping Bela Vista
24031,2,20/01/2026,Shopping Bela Vista
24032,0,20/01/2026,Shopping Bela Vista
24033,2,20/01/2026,Shopping Bela Vista
24036,0,20/01/2026,Shopping Bela Vista
24037,0,20/01/2026,Shopping Bela Vista
24100,0,20/01/2026,Shopping Bela Vista
24101,1,20/01/2026,Shopping Bela Vista
24102,1,20/01/2026,Shopping Bela Vista
24103,2,20/01/2026,Shopping Bela Vista
24104,2,20/01/2026,Shopping Bela Vista
24105,2,20/01/2026,Shopping Bela Vista
24106,2,20/01/2026,Shopping Bela Vista
24107,2,20/01/2026,Shopping Bela Vista
24108,4,20/01/2026,Shopping Bela Vista
24109,3,20/01/2026,Shopping Bela Vista
24110,2,20/01/2026,Shopping Bela Vista
24111,1,20/01/2026,Shopping Bela Vista
24112,1,20/01/2026,Shopping Bela Vista
24113,0,20/01/2026,Shopping Bela Vista
24115,0,20/01/2026,Shopping Bela Vista
24116,0,20/01/2026,Shopping Bela Vista
24117,2,20/01/2026,Shopping Bela Vista
24118,1,20/01/2026,Shopping Bela Vista
24119,0,20/01/2026,Shopping Bela Vista
24120,0,20/01/2026,Shopping Bela Vista
24121,2,20/01/2026,Shopping Bela Vista
24122,2,20/01/2026,Shopping Bela Vista
24123,0,20/01/2026,Shopping Bela Vista
24124,0,20/01/2026,Shopping Bela Vista
24125,0,20/01/2026,Shopping Bela Vista
24126,0,20/01/2026,Shopping Bela Vista
24127,0,20/01/2026,Shopping Bela Vista
24128,0,20/01/2026,Shopping Bela Vista
24129,2,20/01/2026,Shopping Bela Vista
24130,0,20/01/2026,Shopping Bela Vista
24131,0,20/01/2026,Shopping Bela Vista
24134,2,20/01/2026,Shopping Bela Vista
24135,0,20/01/2026,Shopping Bela Vista
24136,0,20/01/2026,Shopping Bela Vista
24137,1,20/01/2026,Shopping Bela Vista
24140,0,20/01/2026,Shopping Bela Vista
24142,2,20/01/2026,Shopping Bela Vista
24149,0,20/01/2026,Shopping Bela Vista
24154,0,20/01/2026,Shopping Bela Vista
24158,0,20/01/2026,Shopping Bela Vista
24159,2,20/01/2026,Shopping Bela Vista
24160,0,20/01/2026,Shopping Bela Vista
24163,0,20/01/2026,Shopping Bela Vista
24164,0,20/01/2026,Shopping Bela Vista
24165,0,20/01/2026,Shopping Bela Vista
24166,0,20/01/2026,Shopping Bela Vista
24167,0,20/01/2026,Shopping Bela Vista
24168,0,20/01/2026,Shopping Bela Vista
24169,0,20/01/2026,Shopping Bela Vista
24170,0,20/01/2026,Shopping Bela Vista
24171,2,20/01/2026,Shopping Bela Vista
24172,0,20/01/2026,Shopping Bela Vista
24173,0,20/01/2026,Shopping Bela Vista
24174,0,20/01/2026,Shopping Bela Vista
24176,2,20/01/2026,Shopping Bela Vista
24177,2,20/01/2026,Shopping Bela Vista
24178,2,20/01/2026,Shopping Bela Vista
24179,0,20/01/2026,Shopping Bela Vista
24180,0,20/01/2026,Shopping Bela Vista
24188,0,20/01/2026,Shopping Bela Vista
24200,0,20/01/2026,Shopping Bela Vista
24204,1,20/01/2026,Shopping Bela Vista
24219,0,20/01/2026,Shopping Bela Vista
24220,0,20/01/2026,Shopping Bela Vista
24221,0,20/01/2026,Shopping Bela Vista
24234,0,20/01/2026,Shopping Bela Vista
24238,1,20/01/2026,Shopping Bela Vista
24324,2,20/01/2026,Shopping Bela Vista
24325,2,20/01/2026,Shopping Bela Vista
24326,2,20/01/2026,Shopping Bela Vista
24327,2,20/01/2026,Shopping Bela Vista
24328,1,20/01/2026,Shopping Bela Vista
24329,1,20/01/2026,Shopping Bela Vista
24330,0,20/01/2026,Shopping Bela Vista
24344,1,20/01/2026,Shopping Bela Vista
24387,3,20/01/2026,Shopping Bela Vista
24401,1,20/01/2026,Shopping Bela Vista
24412,0,20/01/2026,Shopping Bela Vista
24413,2,20/01/2026,Shopping Bela Vista
24415,2,20/01/2026,Shopping Bela Vista
24416,2,20/01/2026,Shopping Bela Vista
24417,2,20/01/2026,Shopping Bela Vista
24418,0,20/01/2026,Shopping Bela Vista
24419,0,20/01/2026,Shopping Bela Vista
24421,0,20/01/2026,Shopping Bela Vista
24422,0,20/01/2026,Shopping Bela Vista
24423,0,20/01/2026,Shopping Bela Vista
24424,0,20/01/2026,Shopping Bela Vista
24426,1,20/01/2026,Shopping Bela Vista
24427,0,20/01/2026,Shopping Bela Vista
24428,0,20/01/2026,Shopping Bela Vista
24429,0,20/01/2026,Shopping Bela Vista
24430,1,20/01/2026,Shopping Bela Vista
24431,2,20/01/2026,Shopping Bela Vista
24432,2,20/01/2026,Shopping Bela Vista
24433,0,20/01/2026,Shopping Bela Vista
24435,2,20/01/2026,Shopping Bela Vista
24436,1,20/01/2026,Shopping Bela Vista
24438,2,20/01/2026,Shopping Bela Vista
24439,2,20/01/2026,Shopping Bela Vista
24442,0,20/01/2026,Shopping Bela Vista
24443,0,20/01/2026,Shopping Bela Vista
24445,2,20/01/2026,Shopping Bela Vista
24446,2,20/01/2026,Shopping Bela Vista
24447,2,20/01/2026,Shopping Bela Vista
24448,0,20/01/2026,Shopping Bela Vista
24449,2,20/01/2026,Shopping Bela Vista
24450,2,20/01/2026,Shopping Bela Vista
24452,0,20/01/2026,Shopping Bela Vista
24454,2,20/01/2026,Shopping Bela Vista
24455,0,20/01/2026,Shopping Bela Vista
24469,0,20/01/2026,Shopping Bela Vista
24470,0,20/01/2026,Shopping Bela Vista
24533,0,20/01/2026,Shopping Bela Vista
24534,2,20/01/2026,Shopping Bela Vista
24579,1,20/01/2026,Shopping Bela Vista
24580,0,20/01/2026,Shopping Bela Vista
24581,0,20/01/2026,Shopping Bela Vista
24582,0,20/01/2026,Shopping Bela Vista
24583,0,20/01/2026,Shopping Bela Vista
24584,0,20/01/2026,Shopping Bela Vista
24585,0,20/01/2026,Shopping Bela Vista
24586,0,20/01/2026,Shopping Bela Vista
24587,1,20/01/2026,Shopping Bela Vista
24588,2,20/01/2026,Shopping Bela Vista
24589,2,20/01/2026,Shopping Bela Vista
24590,0,20/01/2026,Shopping Bela Vista
24591,0,20/01/2026,Shopping Bela Vista
24592,0,20/01/2026,Shopping Bela Vista
24593,0,20/01/2026,Shopping Bela Vista
24594,0,20/01/2026,Shopping Bela Vista
24595,0,20/01/2026,Shopping Bela Vista
24596,1,20/01/2026,Shopping Bela Vista
24597,1,20/01/2026,Shopping Bela Vista
24598,1,20/01/2026,Shopping Bela Vista
24599,1,20/01/2026,Shopping Bela Vista
24600,0,20/01/2026,Shopping Bela Vista
24601,0,20/01/2026,Shopping Bela Vista
24602,0,20/01/2026,Shopping Bela Vista
24603,0,20/01/2026,Shopping Bela Vista
24604,1,20/01/2026,Shopping Bela Vista
24605,0,20/01/2026,Shopping Bela Vista
24606,1,20/01/2026,Shopping Bela Vista
24607,2,20/01/2026,Shopping Bela Vista
24608,1,20/01/2026,Shopping Bela Vista
24609,1,20/01/2026,Shopping Bela Vista
24610,1,20/01/2026,Shopping Bela Vista
24611,1,20/01/2026,Shopping Bela Vista
24612,1,20/01/2026,Shopping Bela Vista
24613,1,20/01/2026,Shopping Bela Vista
24614,2,20/01/2026,Shopping Bela Vista
24615,1,20/01/2026,Shopping Bela Vista
24616,1,20/01/2026,Shopping Bela Vista
24617,1,20/01/2026,Shopping Bela Vista
24618,0,20/01/2026,Shopping Bela Vista
24619,1,20/01/2026,Shopping Bela Vista
24620,1,20/01/2026,Shopping Bela Vista
24621,1,20/01/2026,Shopping Bela Vista
24622,0,20/01/2026,Shopping Bela Vista
24623,0,20/01/2026,Shopping Bela Vista
24624,0,20/01/2026,Shopping Bela Vista
24625,1,20/01/2026,Shopping Bela Vista
24626,0,20/01/2026,Shopping Bela Vista
24627,0,20/01/2026,Shopping Bela Vista
24628,0,20/01/2026,Shopping Bela Vista
24629,0,20/01/2026,Shopping Bela Vista
24630,0,20/01/2026,Shopping Bela Vista
24631,0,20/01/2026,Shopping Bela Vista
24632,0,20/01/2026,Shopping Bela Vista
24633,0,20/01/2026,Shopping Bela Vista
24634,0,20/01/2026,Shopping Bela Vista
24635,0,20/01/2026,Shopping Bela Vista
24653,0,20/01/2026,Shopping Bela Vista
24682,0,20/01/2026,Shopping Bela Vista
24690,1,20/01/2026,Shopping Bela Vista
24693,0,20/01/2026,Shopping Bela Vista
24714,0,20/01/2026,Shopping Bela Vista
24722,0,20/01/2026,Shopping Bela Vista
24739,0,20/01/2026,Shopping Bela Vista
24757,0,20/01/2026,Shopping Bela Vista
24765,0,20/01/2026,Shopping Bela Vista
24766,0,20/01/2026,Shopping Bela Vista
24767,0,20/01/2026,Shopping Bela Vista
24768,0,20/01/2026,Shopping Bela Vista
24786,0,20/01/2026,Shopping Bela Vista
24806,1,20/01/2026,Shopping Bela Vista
24808,0,20/01/2026,Shopping Bela Vista
24809,1,20/01/2026,Shopping Bela Vista
24811,1,20/01/2026,Shopping Bela Vista
24812,2,20/01/2026,Shopping Bela Vista
24814,0,20/01/2026,Shopping Bela Vista
24874,0,20/01/2026,Shopping Bela Vista
24875,0,20/01/2026,Shopping Bela Vista
24876,0,20/01/2026,Shopping Bela Vista
24877,0,20/01/2026,Shopping Bela Vista
24878,0,20/01/2026,Shopping Bela Vista
24879,0,20/01/2026,Shopping Bela Vista
24880,1,20/01/2026,Shopping Bela Vista
24881,0,20/01/2026,Shopping Bela Vista
24882,0,20/01/2026,Shopping Bela Vista
24883,0,20/01/2026,Shopping Bela Vista
24884,0,20/01/2026,Shopping Bela Vista
24885,0,20/01/2026,Shopping Bela Vista
24886,0,20/01/2026,Shopping Bela Vista
24887,0,20/01/2026,Shopping Bela Vista
24888,0,20/01/2026,Shopping Bela Vista
24889,0,20/01/2026,Shopping Bela Vista
24891,1,20/01/2026,Shopping Bela Vista
24892,1,20/01/2026,Shopping Bela Vista
24894,1,20/01/2026,Shopping Bela Vista
24899,0,20/01/2026,Shopping Bela Vista
24900,1,20/01/2026,Shopping Bela Vista
24901,2,20/01/2026,Shopping Bela Vista
24923,0,20/01/2026,Shopping Bela Vista
24924,2,20/01/2026,Shopping Bela Vista
24925,1,20/01/2026,Shopping Bela Vista
24927,1,20/01/2026,Shopping Bela Vista
24928,1,20/01/2026,Shopping Bela Vista
24929,1,20/01/2026,Shopping Bela Vista
24930,1,20/01/2026,Shopping Bela Vista
24932,1,20/01/2026,Shopping Bela Vista
24933,1,20/01/2026,Shopping Bela Vista
24934,1,20/01/2026,Shopping Bela Vista
24935,1,20/01/2026,Shopping Bela Vista
24947,1,20/01/2026,Shopping Bela Vista
24948,1,20/01/2026,Shopping Bela Vista
24949,1,20/01/2026,Shopping Bela Vista
24950,1,20/01/2026,Shopping Bela Vista
24951,1,20/01/2026,Shopping Bela Vista
24952,1,20/01/2026,Shopping Bela Vista
24953,1,20/01/2026,Shopping Bela Vista
24954,1,20/01/2026,Shopping Bela Vista
24955,1,20/01/2026,Shopping Bela Vista
24956,1,20/01/2026,Shopping Bela Vista
24957,1,20/01/2026,Shopping Bela Vista
24958,1,20/01/2026,Shopping Bela Vista
24959,1,20/01/2026,Shopping Bela Vista
24960,1,20/01/2026,Shopping Bela Vista
24961,1,20/01/2026,Shopping Bela Vista
24962,0,20/01/2026,Shopping Bela Vista
24964,1,20/01/2026,Shopping Bela Vista
24965,1,20/01/2026,Shopping Bela Vista
24966,0,20/01/2026,Shopping Bela Vista
24967,1,20/01/2026,Shopping Bela Vista
24968,1,20/01/2026,Shopping Bela Vista
24969,1,20/01/2026,Shopping Bela Vista
24970,1,20/01/2026,Shopping Bela Vista
24971,1,20/01/2026,Shopping Bela Vista
24972,1,20/01/2026,Shopping Bela Vista
24973,1,20/01/2026,Shopping Bela Vista
24974,1,20/01/2026,Shopping Bela Vista
24975,1,20/01/2026,Shopping Bela Vista
24976,1,20/01/2026,Shopping Bela Vista
24977,1,20/01/2026,Shopping Bela Vista
24978,1,20/01/2026,Shopping Bela Vista
24979,1,20/01/2026,Shopping Bela Vista
24980,1,20/01/2026,Shopping Bela Vista
24981,1,20/01/2026,Shopping Bela Vista
24982,2,20/01/2026,Shopping Bela Vista
24983,1,20/01/2026,Shopping Bela Vista
24984,1,20/01/2026,Shopping Bela Vista
24985,0,20/01/2026,Shopping Bela Vista
24987,0,20/01/2026,Shopping Bela Vista
25007,2,20/01/2026,Shopping Bela Vista
25008,0,20/01/2026,Shopping Bela Vista
25011,2,20/01/2026,Shopping Bela Vista
25012,0,20/01/2026,Shopping Bela Vista
25013,0,20/01/2026,Shopping Bela Vista
25015,0,20/01/2026,Shopping Bela Vista
25018,0,20/01/2026,Shopping Bela Vista
25104,0,20/01/2026,Shopping Bela Vista
25160,2,20/01/2026,Shopping Bela Vista
25176,2,20/01/2026,Shopping Bela Vista
25178,2,20/01/2026,Shopping Bela Vista
25227,0,20/01/2026,Shopping Bela Vista
25228,2,20/01/2026,Shopping Bela Vista
25229,0,20/01/2026,Shopping Bela Vista
25232,1,20/01/2026,Shopping Bela Vista
25238,2,20/01/2026,Shopping Bela Vista
25247,1,20/01/2026,Shopping Bela Vista
25248,2,20/01/2026,Shopping Bela Vista
25259,0,20/01/2026,Shopping Bela Vista
25260,0,20/01/2026,Shopping Bela Vista
25261,1,20/01/2026,Shopping Bela Vista
25262,0,20/01/2026,Shopping Bela Vista
25263,0,20/01/2026,Shopping Bela Vista
25264,0,20/01/2026,Shopping Bela Vista
25265,2,20/01/2026,Shopping Bela Vista
25266,2,20/01/2026,Shopping Bela Vista
25267,2,20/01/2026,Shopping Bela Vista
25273,0,20/01/2026,Shopping Bela Vista
25288,0,20/01/2026,Shopping Bela Vista
25289,0,20/01/2026,Shopping Bela Vista
25330,2,20/01/2026,Shopping Bela Vista
25331,0,20/01/2026,Shopping Bela Vista
25368,2,20/01/2026,Shopping Bela Vista
25370,2,20/01/2026,Shopping Bela Vista
25371,1,20/01/2026,Shopping Bela Vista
25373,3,20/01/2026,Shopping Bela Vista
25378,1,20/01/2026,Shopping Bela Vista
25414,0,20/01/2026,Shopping Bela Vista
25415,2,20/01/2026,Shopping Bela Vista
25416,0,20/01/2026,Shopping Bela Vista
25418,0,20/01/2026,Shopping Bela Vista
25419,0,20/01/2026,Shopping Bela Vista
25420,0,20/01/2026,Shopping Bela Vista
25423,0,20/01/2026,Shopping Bela Vista
25424,1,20/01/2026,Shopping Bela Vista
25425,0,20/01/2026,Shopping Bela Vista
25426,0,20/01/2026,Shopping Bela Vista
25427,0,20/01/2026,Shopping Bela Vista
25428,2,20/01/2026,Shopping Bela Vista
25429,2,20/01/2026,Shopping Bela Vista
25430,2,20/01/2026,Shopping Bela Vista
25431,0,20/01/2026,Shopping Bela Vista
25432,2,20/01/2026,Shopping Bela Vista
25433,3,20/01/2026,Shopping Bela Vista
25434,0,20/01/2026,Shopping Bela Vista
25435,2,20/01/2026,Shopping Bela Vista
25437,1,20/01/2026,Shopping Bela Vista
25438,2,20/01/2026,Shopping Bela Vista
25440,1,20/01/2026,Shopping Bela Vista
25441,1,20/01/2026,Shopping Bela Vista
25442,1,20/01/2026,Shopping Bela Vista
25443,1,20/01/2026,Shopping Bela Vista
25444,1,20/01/2026,Shopping Bela Vista
25445,2,20/01/2026,Shopping Bela Vista
25447,0,20/01/2026,Shopping Bela Vista
25448,2,20/01/2026,Shopping Bela Vista
25449,0,20/01/2026,Shopping Bela Vista
25450,0,20/01/2026,Shopping Bela Vista
25451,1,20/01/2026,Shopping Bela Vista
25487,2,20/01/2026,Shopping Bela Vista
25488,1,20/01/2026,Shopping Bela Vista
25489,0,20/01/2026,Shopping Bela Vista
25490,0,20/01/2026,Shopping Bela Vista
25491,1,20/01/2026,Shopping Bela Vista
25492,2,20/01/2026,Shopping Bela Vista
25493,1,20/01/2026,Shopping Bela Vista
25494,1,20/01/2026,Shopping Bela Vista
25495,1,20/01/2026,Shopping Bela Vista
25499,1,20/01/2026,Shopping Bela Vista
25633,0,20/01/2026,Shopping Bela Vista
25634,1,20/01/2026,Shopping Bela Vista
25671,0,20/01/2026,Shopping Bela Vista
25718,1,20/01/2026,Shopping Bela Vista
25719,1,20/01/2026,Shopping Bela Vista
25720,0,20/01/2026,Shopping Bela Vista
25721,0,20/01/2026,Shopping Bela Vista
25722,2,20/01/2026,Shopping Bela Vista
25723,0,20/01/2026,Shopping Bela Vista
25724,1,20/01/2026,Shopping Bela Vista
25725,0,20/01/2026,Shopping Bela Vista
25726,0,20/01/2026,Shopping Bela Vista
25727,0,20/01/2026,Shopping Bela Vista
25728,0,20/01/2026,Shopping Bela Vista
25729,0,20/01/2026,Shopping Bela Vista
25730,0,20/01/2026,Shopping Bela Vista
25731,0,20/01/2026,Shopping Bela Vista
25732,0,20/01/2026,Shopping Bela Vista
25733,0,20/01/2026,Shopping Bela Vista
25734,1,20/01/2026,Shopping Bela Vista
25735,0,20/01/2026,Shopping Bela Vista
25736,2,20/01/2026,Shopping Bela Vista
25737,1,20/01/2026,Shopping Bela Vista
25738,1,20/01/2026,Shopping Bela Vista
25739,1,20/01/2026,Shopping Bela Vista
25740,1,20/01/2026,Shopping Bela Vista
25741,1,20/01/2026,Shopping Bela Vista
25742,0,20/01/2026,Shopping Bela Vista
25743,1,20/01/2026,Shopping Bela Vista
25744,1,20/01/2026,Shopping Bela Vista
25745,1,20/01/2026,Shopping Bela Vista
25746,0,20/01/2026,Shopping Bela Vista
25747,2,20/01/2026,Shopping Bela Vista
25748,2,20/01/2026,Shopping Bela Vista
25749,2,20/01/2026,Shopping Bela Vista
25750,2,20/01/2026,Shopping Bela Vista
25751,0,20/01/2026,Shopping Bela Vista
25752,0,20/01/2026,Shopping Bela Vista
25753,0,20/01/2026,Shopping Bela Vista
25755,0,20/01/2026,Shopping Bela Vista
25756,0,20/01/2026,Shopping Bela Vista
25757,1,20/01/2026,Shopping Bela Vista
25788,0,20/01/2026,Shopping Bela Vista
25796,0,20/01/2026,Shopping Bela Vista
25797,0,20/01/2026,Shopping Bela Vista
25800,0,20/01/2026,Shopping Bela Vista
25808,0,20/01/2026,Shopping Bela Vista
25810,1,20/01/2026,Shopping Bela Vista
25811,0,20/01/2026,Shopping Bela Vista
25812,0,20/01/2026,Shopping Bela Vista
25813,0,20/01/2026,Shopping Bela Vista
25814,0,20/01/2026,Shopping Bela Vista
25815,0,20/01/2026,Shopping Bela Vista
25816,0,20/01/2026,Shopping Bela Vista
25817,0,20/01/2026,Shopping Bela Vista
25818,0,20/01/2026,Shopping Bela Vista
25819,0,20/01/2026,Shopping Bela Vista
25831,0,20/01/2026,Shopping Bela Vista
25838,0,20/01/2026,Shopping Bela Vista
25840,0,20/01/2026,Shopping Bela Vista
25842,0,20/01/2026,Shopping Bela Vista
25846,0,20/01/2026,Shopping Bela Vista
25849,0,20/01/2026,Shopping Bela Vista
25854,0,20/01/2026,Shopping Bela Vista
25855,0,20/01/2026,Shopping Bela Vista
25856,0,20/01/2026,Shopping Bela Vista
25857,0,20/01/2026,Shopping Bela Vista
25858,0,20/01/2026,Shopping Bela Vista
25859,0,20/01/2026,Shopping Bela Vista
25860,0,20/01/2026,Shopping Bela Vista
25862,0,20/01/2026,Shopping Bela Vista
25868,0,20/01/2026,Shopping Bela Vista
25869,0,20/01/2026,Shopping Bela Vista
25880,0,20/01/2026,Shopping Bela Vista
25881,0,20/01/2026,Shopping Bela Vista
25883,0,20/01/2026,Shopping Bela Vista
26056,0,20/01/2026,Shopping Bela Vista
26057,1,20/01/2026,Shopping Bela Vista
26067,0,20/01/2026,Shopping Bela Vista
26092,0,20/01/2026,Shopping Bela Vista
26093,0,20/01/2026,Shopping Bela Vista
26094,0,20/01/2026,Shopping Bela Vista
26101,0,20/01/2026,Shopping Bela Vista
26131,0,20/01/2026,Shopping Bela Vista
26132,1,20/01/2026,Shopping Bela Vista
26139,0,20/01/2026,Shopping Bela Vista
26140,0,20/01/2026,Shopping Bela Vista
26177,2,20/01/2026,Shopping Bela Vista
26178,3,20/01/2026,Shopping Bela Vista
26179,3,20/01/2026,Shopping Bela Vista
26180,2,20/01/2026,Shopping Bela Vista
26181,2,20/01/2026,Shopping Bela Vista
26182,1,20/01/2026,Shopping Bela Vista
26183,1,20/01/2026,Shopping Bela Vista
26184,1,20/01/2026,Shopping Bela Vista
26185,1,20/01/2026,Shopping Bela Vista
26190,3,20/01/2026,Shopping Bela Vista
26202,0,20/01/2026,Shopping Bela Vista
26203,1,20/01/2026,Shopping Bela Vista
26204,1,20/01/2026,Shopping Bela Vista
26205,2,20/01/2026,Shopping Bela Vista
26206,0,20/01/2026,Shopping Bela Vista
26207,0,20/01/2026,Shopping Bela Vista
26208,0,20/01/2026,Shopping Bela Vista
26209,1,20/01/2026,Shopping Bela Vista
26210,1,20/01/2026,Shopping Bela Vista
26211,1,20/01/2026,Shopping Bela Vista
26212,2,20/01/2026,Shopping Bela Vista
26213,1,20/01/2026,Shopping Bela Vista
26214,1,20/01/2026,Shopping Bela Vista
26215,0,20/01/2026,Shopping Bela Vista
26216,1,20/01/2026,Shopping Bela Vista
26217,1,20/01/2026,Shopping Bela Vista
26218,3,20/01/2026,Shopping Bela Vista
26219,2,20/01/2026,Shopping Bela Vista
26220,1,20/01/2026,Shopping Bela Vista
26221,1,20/01/2026,Shopping Bela Vista
26243,0,20/01/2026,Shopping Bela Vista
26244,1,20/01/2026,Shopping Bela Vista
26245,0,20/01/2026,Shopping Bela Vista
26258,2,20/01/2026,Shopping Bela Vista
26260,0,20/01/2026,Shopping Bela Vista
26268,4,20/01/2026,Shopping Bela Vista
26269,2,20/01/2026,Shopping Bela Vista
26270,2,20/01/2026,Shopping Bela Vista
26275,2,20/01/2026,Shopping Bela Vista
26278,0,20/01/2026,Shopping Bela Vista
26294,0,20/01/2026,Shopping Bela Vista
26322,0,20/01/2026,Shopping Bela Vista
26326,0,20/01/2026,Shopping Bela Vista
26365,0,20/01/2026,Shopping Bela Vista
26366,1,20/01/2026,Shopping Bela Vista
26367,0,20/01/2026,Shopping Bela Vista
26368,0,20/01/2026,Shopping Bela Vista
26369,1,20/01/2026,Shopping Bela Vista
26370,0,20/01/2026,Shopping Bela Vista
26371,0,20/01/2026,Shopping Bela Vista
26372,0,20/01/2026,Shopping Bela Vista
26373,0,20/01/2026,Shopping Bela Vista
26374,0,20/01/2026,Shopping Bela Vista
26375,0,20/01/2026,Shopping Bela Vista
26376,0,20/01/2026,Shopping Bela Vista
26377,1,20/01/2026,Shopping Bela Vista
26378,0,20/01/2026,Shopping Bela Vista
26379,0,20/01/2026,Shopping Bela Vista
26380,0,20/01/2026,Shopping Bela Vista
26381,0,20/01/2026,Shopping Bela Vista
26382,0,20/01/2026,Shopping Bela Vista
26383,0,20/01/2026,Shopping Bela Vista
26384,0,20/01/2026,Shopping Bela Vista
26385,0,20/01/2026,Shopping Bela Vista
26386,2,20/01/2026,Shopping Bela Vista
26387,0,20/01/2026,Shopping Bela Vista
26388,0,20/01/2026,Shopping Bela Vista
26389,0,20/01/2026,Shopping Bela Vista
26399,0,20/01/2026,Shopping Bela Vista
26400,0,20/01/2026,Shopping Bela Vista
26401,0,20/01/2026,Shopping Bela Vista
26402,1,20/01/2026,Shopping Bela Vista
26403,0,20/01/2026,Shopping Bela Vista
26404,0,20/01/2026,Shopping Bela Vista
26405,0,20/01/2026,Shopping Bela Vista
26406,0,20/01/2026,Shopping Bela Vista
26407,0,20/01/2026,Shopping Bela Vista
26408,0,20/01/2026,Shopping Bela Vista
26409,0,20/01/2026,Shopping Bela Vista
26410,0,20/01/2026,Shopping Bela Vista
26411,0,20/01/2026,Shopping Bela Vista
26412,2,20/01/2026,Shopping Bela Vista
26413,0,20/01/2026,Shopping Bela Vista
26414,0,20/01/2026,Shopping Bela Vista
26415,1,20/01/2026,Shopping Bela Vista
26450,1,20/01/2026,Shopping Bela Vista
26583,0,20/01/2026,Shopping Bela Vista
26589,0,20/01/2026,Shopping Bela Vista
26590,0,20/01/2026,Shopping Bela Vista
26598,0,20/01/2026,Shopping Bela Vista
26599,1,20/01/2026,Shopping Bela Vista
26600,3,20/01/2026,Shopping Bela Vista
26601,2,20/01/2026,Shopping Bela Vista
26692,0,20/01/2026,Shopping Bela Vista
26721,3,20/01/2026,Shopping Bela Vista
26722,2,20/01/2026,Shopping Bela Vista
26723,1,20/01/2026,Shopping Bela Vista
26745,0,20/01/2026,Shopping Bela Vista
26746,0,20/01/2026,Shopping Bela Vista
26747,0,20/01/2026,Shopping Bela Vista
26748,0,20/01/2026,Shopping Bela Vista
26749,0,20/01/2026,Shopping Bela Vista
26750,0,20/01/2026,Shopping Bela Vista
26751,0,20/01/2026,Shopping Bela Vista
26752,0,20/01/2026,Shopping Bela Vista
26753,0,20/01/2026,Shopping Bela Vista
26754,0,20/01/2026,Shopping Bela Vista
26755,0,20/01/2026,Shopping Bela Vista
26756,0,20/01/2026,Shopping Bela Vista
26757,0,20/01/2026,Shopping Bela Vista
26758,0,20/01/2026,Shopping Bela Vista
26759,0,20/01/2026,Shopping Bela Vista
26760,0,20/01/2026,Shopping Bela Vista
26761,0,20/01/2026,Shopping Bela Vista
26762,0,20/01/2026,Shopping Bela Vista
26764,0,20/01/2026,Shopping Bela Vista
26766,1,20/01/2026,Shopping Bela Vista
26767,1,20/01/2026,Shopping Bela Vista
26768,2,20/01/2026,Shopping Bela Vista
26769,1,20/01/2026,Shopping Bela Vista
26815,2,20/01/2026,Shopping Bela Vista
26829,1,20/01/2026,Shopping Bela Vista
26842,0,20/01/2026,Shopping Bela Vista
26843,0,20/01/2026,Shopping Bela Vista
26844,0,20/01/2026,Shopping Bela Vista
26845,1,20/01/2026,Shopping Bela Vista
26923,0,20/01/2026,Shopping Bela Vista
26931,0,20/01/2026,Shopping Bela Vista
26932,0,20/01/2026,Shopping Bela Vista
26934,0,20/01/2026,Shopping Bela Vista
26935,0,20/01/2026,Shopping Bela Vista
26936,0,20/01/2026,Shopping Bela Vista
26938,0,20/01/2026,Shopping Bela Vista
26940,0,20/01/2026,Shopping Bela Vista
26942,0,20/01/2026,Shopping Bela Vista
26944,0,20/01/2026,Shopping Bela Vista
26945,1,20/01/2026,Shopping Bela Vista
26946,1,20/01/2026,Shopping Bela Vista
26947,0,20/01/2026,Shopping Bela Vista
26948,1,20/01/2026,Shopping Bela Vista
26949,1,20/01/2026,Shopping Bela Vista
26950,1,20/01/2026,Shopping Bela Vista
26951,2,20/01/2026,Shopping Bela Vista
26952,0,20/01/2026,Shopping Bela Vista
313,2,20/01/2026,Shopping Belem Boulevard
322,3,20/01/2026,Shopping Belem Boulevard
338,3,20/01/2026,Shopping Belem Boulevard
341,0,20/01/2026,Shopping Belem Boulevard
398,0,20/01/2026,Shopping Belem Boulevard
610,3,20/01/2026,Shopping Belem Boulevard
674,0,20/01/2026,Shopping Belem Boulevard
727,4,20/01/2026,Shopping Belem Boulevard
887,2,20/01/2026,Shopping Belem Boulevard
888,2,20/01/2026,Shopping Belem Boulevard
889,3,20/01/2026,Shopping Belem Boulevard
890,2,20/01/2026,Shopping Belem Boulevard
1049,0,20/01/2026,Shopping Belem Boulevard
1100,0,20/01/2026,Shopping Belem Boulevard
1109,2,20/01/2026,Shopping Belem Boulevard
1119,0,20/01/2026,Shopping Belem Boulevard
1276,1,20/01/2026,Shopping Belem Boulevard
1277,2,20/01/2026,Shopping Belem Boulevard
1362,0,20/01/2026,Shopping Belem Boulevard
1363,0,20/01/2026,Shopping Belem Boulevard
1367,1,20/01/2026,Shopping Belem Boulevard
1368,0,20/01/2026,Shopping Belem Boulevard
1405,3,20/01/2026,Shopping Belem Boulevard
1438,4,20/01/2026,Shopping Belem Boulevard
1499,0,20/01/2026,Shopping Belem Boulevard
1526,3,20/01/2026,Shopping Belem Boulevard
1712,2,20/01/2026,Shopping Belem Boulevard
1941,0,20/01/2026,Shopping Belem Boulevard
2197,2,20/01/2026,Shopping Belem Boulevard
2200,2,20/01/2026,Shopping Belem Boulevard
2202,4,20/01/2026,Shopping Belem Boulevard
2207,1,20/01/2026,Shopping Belem Boulevard
2208,2,20/01/2026,Shopping Belem Boulevard
2217,4,20/01/2026,Shopping Belem Boulevard
2398,2,20/01/2026,Shopping Belem Boulevard
2403,5,20/01/2026,Shopping Belem Boulevard
2617,2,20/01/2026,Shopping Belem Boulevard
2646,1,20/01/2026,Shopping Belem Boulevard
2693,0,20/01/2026,Shopping Belem Boulevard
2697,4,20/01/2026,Shopping Belem Boulevard
2721,0,20/01/2026,Shopping Belem Boulevard
2723,0,20/01/2026,Shopping Belem Boulevard
2725,2,20/01/2026,Shopping Belem Boulevard
2811,3,20/01/2026,Shopping Belem Boulevard
2842,1,20/01/2026,Shopping Belem Boulevard
2844,2,20/01/2026,Shopping Belem Boulevard
2845,0,20/01/2026,Shopping Belem Boulevard
2867,1,20/01/2026,Shopping Belem Boulevard
2881,4,20/01/2026,Shopping Belem Boulevard
2930,0,20/01/2026,Shopping Belem Boulevard
3056,2,20/01/2026,Shopping Belem Boulevard
3065,0,20/01/2026,Shopping Belem Boulevard
3099,4,20/01/2026,Shopping Belem Boulevard
3147,0,20/01/2026,Shopping Belem Boulevard
3190,0,20/01/2026,Shopping Belem Boulevard
3406,0,20/01/2026,Shopping Belem Boulevard
3462,2,20/01/2026,Shopping Belem Boulevard
3532,0,20/01/2026,Shopping Belem Boulevard
3533,4,20/01/2026,Shopping Belem Boulevard
3554,3,20/01/2026,Shopping Belem Boulevard
3555,1,20/01/2026,Shopping Belem Boulevard
3556,3,20/01/2026,Shopping Belem Boulevard
3573,0,20/01/2026,Shopping Belem Boulevard
3746,0,20/01/2026,Shopping Belem Boulevard
3747,3,20/01/2026,Shopping Belem Boulevard
3751,2,20/01/2026,Shopping Belem Boulevard
3800,2,20/01/2026,Shopping Belem Boulevard
3823,2,20/01/2026,Shopping Belem Boulevard
3825,0,20/01/2026,Shopping Belem Boulevard
3871,0,20/01/2026,Shopping Belem Boulevard
3882,3,20/01/2026,Shopping Belem Boulevard
3901,2,20/01/2026,Shopping Belem Boulevard
3904,2,20/01/2026,Shopping Belem Boulevard
3905,3,20/01/2026,Shopping Belem Boulevard
3906,0,20/01/2026,Shopping Belem Boulevard
3969,1,20/01/2026,Shopping Belem Boulevard
4028,2,20/01/2026,Shopping Belem Boulevard
4030,3,20/01/2026,Shopping Belem Boulevard
4031,2,20/01/2026,Shopping Belem Boulevard
4032,0,20/01/2026,Shopping Belem Boulevard
4033,4,20/01/2026,Shopping Belem Boulevard
4034,1,20/01/2026,Shopping Belem Boulevard
4035,2,20/01/2026,Shopping Belem Boulevard
4054,3,20/01/2026,Shopping Belem Boulevard
4111,1,20/01/2026,Shopping Belem Boulevard
4112,0,20/01/2026,Shopping Belem Boulevard
4113,0,20/01/2026,Shopping Belem Boulevard
4114,0,20/01/2026,Shopping Belem Boulevard
4140,0,20/01/2026,Shopping Belem Boulevard
4141,0,20/01/2026,Shopping Belem Boulevard
4147,1,20/01/2026,Shopping Belem Boulevard
4148,2,20/01/2026,Shopping Belem Boulevard
4149,0,20/01/2026,Shopping Belem Boulevard
4160,0,20/01/2026,Shopping Belem Boulevard
4310,0,20/01/2026,Shopping Belem Boulevard
4312,1,20/01/2026,Shopping Belem Boulevard
4325,2,20/01/2026,Shopping Belem Boulevard
4347,0,20/01/2026,Shopping Belem Boulevard
4348,3,20/01/2026,Shopping Belem Boulevard
4349,4,20/01/2026,Shopping Belem Boulevard
4350,0,20/01/2026,Shopping Belem Boulevard
4351,0,20/01/2026,Shopping Belem Boulevard
4352,2,20/01/2026,Shopping Belem Boulevard
4353,2,20/01/2026,Shopping Belem Boulevard
4354,2,20/01/2026,Shopping Belem Boulevard
4355,2,20/01/2026,Shopping Belem Boulevard
4356,2,20/01/2026,Shopping Belem Boulevard
4357,0,20/01/2026,Shopping Belem Boulevard
4358,0,20/01/2026,Shopping Belem Boulevard
4359,0,20/01/2026,Shopping Belem Boulevard
4362,2,20/01/2026,Shopping Belem Boulevard
4363,6,20/01/2026,Shopping Belem Boulevard
4364,0,20/01/2026,Shopping Belem Boulevard
4365,2,20/01/2026,Shopping Belem Boulevard
4366,2,20/01/2026,Shopping Belem Boulevard
4367,1,20/01/2026,Shopping Belem Boulevard
4368,0,20/01/2026,Shopping Belem Boulevard
4372,0,20/01/2026,Shopping Belem Boulevard
4380,3,20/01/2026,Shopping Belem Boulevard
4382,4,20/01/2026,Shopping Belem Boulevard
4395,3,20/01/2026,Shopping Belem Boulevard
4434,2,20/01/2026,Shopping Belem Boulevard
4456,3,20/01/2026,Shopping Belem Boulevard
4457,3,20/01/2026,Shopping Belem Boulevard
4459,0,20/01/2026,Shopping Belem Boulevard
4460,0,20/01/2026,Shopping Belem Boulevard
4497,4,20/01/2026,Shopping Belem Boulevard
4499,0,20/01/2026,Shopping Belem Boulevard
4550,2,20/01/2026,Shopping Belem Boulevard
4600,3,20/01/2026,Shopping Belem Boulevard
4658,2,20/01/2026,Shopping Belem Boulevard
4660,2,20/01/2026,Shopping Belem Boulevard
4687,1,20/01/2026,Shopping Belem Boulevard
4688,1,20/01/2026,Shopping Belem Boulevard
4700,2,20/01/2026,Shopping Belem Boulevard
4725,0,20/01/2026,Shopping Belem Boulevard
4726,1,20/01/2026,Shopping Belem Boulevard
4727,1,20/01/2026,Shopping Belem Boulevard
4728,4,20/01/2026,Shopping Belem Boulevard
4750,3,20/01/2026,Shopping Belem Boulevard
4882,0,20/01/2026,Shopping Belem Boulevard
4980,2,20/01/2026,Shopping Belem Boulevard
4981,2,20/01/2026,Shopping Belem Boulevard
5049,0,20/01/2026,Shopping Belem Boulevard
5702,0,20/01/2026,Shopping Belem Boulevard
5703,0,20/01/2026,Shopping Belem Boulevard
5704,0,20/01/2026,Shopping Belem Boulevard
5705,1,20/01/2026,Shopping Belem Boulevard
6332,0,20/01/2026,Shopping Belem Boulevard
8144,1,20/01/2026,Shopping Belem Boulevard
8145,2,20/01/2026,Shopping Belem Boulevard
8146,1,20/01/2026,Shopping Belem Boulevard
8152,0,20/01/2026,Shopping Belem Boulevard
8153,1,20/01/2026,Shopping Belem Boulevard
8154,4,20/01/2026,Shopping Belem Boulevard
8155,0,20/01/2026,Shopping Belem Boulevard
8156,0,20/01/2026,Shopping Belem Boulevard
8157,3,20/01/2026,Shopping Belem Boulevard
8158,0,20/01/2026,Shopping Belem Boulevard
8159,0,20/01/2026,Shopping Belem Boulevard
8520,1,20/01/2026,Shopping Belem Boulevard
8521,4,20/01/2026,Shopping Belem Boulevard
20715,0,20/01/2026,Shopping Belem Boulevard
20716,0,20/01/2026,Shopping Belem Boulevard
20717,0,20/01/2026,Shopping Belem Boulevard
20718,0,20/01/2026,Shopping Belem Boulevard
20719,2,20/01/2026,Shopping Belem Boulevard
20720,3,20/01/2026,Shopping Belem Boulevard
20721,2,20/01/2026,Shopping Belem Boulevard
20722,2,20/01/2026,Shopping Belem Boulevard
20723,3,20/01/2026,Shopping Belem Boulevard
20737,3,20/01/2026,Shopping Belem Boulevard
20755,0,20/01/2026,Shopping Belem Boulevard
20790,1,20/01/2026,Shopping Belem Boulevard
20791,1,20/01/2026,Shopping Belem Boulevard
20792,1,20/01/2026,Shopping Belem Boulevard
20793,1,20/01/2026,Shopping Belem Boulevard
20833,0,20/01/2026,Shopping Belem Boulevard
20834,1,20/01/2026,Shopping Belem Boulevard
20875,2,20/01/2026,Shopping Belem Boulevard
20877,2,20/01/2026,Shopping Belem Boulevard
20990,0,20/01/2026,Shopping Belem Boulevard
21069,3,20/01/2026,Shopping Belem Boulevard
21080,1,20/01/2026,Shopping Belem Boulevard
21113,2,20/01/2026,Shopping Belem Boulevard
21143,0,20/01/2026,Shopping Belem Boulevard
21144,0,20/01/2026,Shopping Belem Boulevard
21145,0,20/01/2026,Shopping Belem Boulevard
21146,0,20/01/2026,Shopping Belem Boulevard
21147,0,20/01/2026,Shopping Belem Boulevard
21148,0,20/01/2026,Shopping Belem Boulevard
21149,2,20/01/2026,Shopping Belem Boulevard
21190,0,20/01/2026,Shopping Belem Boulevard
21191,0,20/01/2026,Shopping Belem Boulevard
21227,2,20/01/2026,Shopping Belem Boulevard
21255,1,20/01/2026,Shopping Belem Boulevard
21267,0,20/01/2026,Shopping Belem Boulevard
21279,2,20/01/2026,Shopping Belem Boulevard
21286,3,20/01/2026,Shopping Belem Boulevard
21288,0,20/01/2026,Shopping Belem Boulevard
21289,2,20/01/2026,Shopping Belem Boulevard
21290,3,20/01/2026,Shopping Belem Boulevard
21291,0,20/01/2026,Shopping Belem Boulevard
21295,2,20/01/2026,Shopping Belem Boulevard
21296,2,20/01/2026,Shopping Belem Boulevard
21299,1,20/01/2026,Shopping Belem Boulevard
21300,2,20/01/2026,Shopping Belem Boulevard
21309,0,20/01/2026,Shopping Belem Boulevard
21311,1,20/01/2026,Shopping Belem Boulevard
21312,2,20/01/2026,Shopping Belem Boulevard
21313,1,20/01/2026,Shopping Belem Boulevard
21314,0,20/01/2026,Shopping Belem Boulevard
21315,2,20/01/2026,Shopping Belem Boulevard
21316,1,20/01/2026,Shopping Belem Boulevard
21317,1,20/01/2026,Shopping Belem Boulevard
21383,0,20/01/2026,Shopping Belem Boulevard
21414,0,20/01/2026,Shopping Belem Boulevard
21458,1,20/01/2026,Shopping Belem Boulevard
21462,1,20/01/2026,Shopping Belem Boulevard
21463,1,20/01/2026,Shopping Belem Boulevard
21464,1,20/01/2026,Shopping Belem Boulevard
21466,0,20/01/2026,Shopping Belem Boulevard
21467,1,20/01/2026,Shopping Belem Boulevard
21492,0,20/01/2026,Shopping Belem Boulevard
21510,1,20/01/2026,Shopping Belem Boulevard
21511,3,20/01/2026,Shopping Belem Boulevard
21512,2,20/01/2026,Shopping Belem Boulevard
21513,3,20/01/2026,Shopping Belem Boulevard
21514,3,20/01/2026,Shopping Belem Boulevard
21547,0,20/01/2026,Shopping Belem Boulevard
21557,2,20/01/2026,Shopping Belem Boulevard
21574,0,20/01/2026,Shopping Belem Boulevard
21575,0,20/01/2026,Shopping Belem Boulevard
21576,0,20/01/2026,Shopping Belem Boulevard
21581,0,20/01/2026,Shopping Belem Boulevard
21582,0,20/01/2026,Shopping Belem Boulevard
21583,2,20/01/2026,Shopping Belem Boulevard
21601,1,20/01/2026,Shopping Belem Boulevard
21613,4,20/01/2026,Shopping Belem Boulevard
21614,4,20/01/2026,Shopping Belem Boulevard
21682,0,20/01/2026,Shopping Belem Boulevard
21691,4,20/01/2026,Shopping Belem Boulevard
21694,1,20/01/2026,Shopping Belem Boulevard
21696,0,20/01/2026,Shopping Belem Boulevard
21697,0,20/01/2026,Shopping Belem Boulevard
21698,4,20/01/2026,Shopping Belem Boulevard
21703,4,20/01/2026,Shopping Belem Boulevard
21704,4,20/01/2026,Shopping Belem Boulevard
21710,0,20/01/2026,Shopping Belem Boulevard
21717,1,20/01/2026,Shopping Belem Boulevard
21718,2,20/01/2026,Shopping Belem Boulevard
21719,2,20/01/2026,Shopping Belem Boulevard
21875,0,20/01/2026,Shopping Belem Boulevard
21876,0,20/01/2026,Shopping Belem Boulevard
21905,2,20/01/2026,Shopping Belem Boulevard
21909,0,20/01/2026,Shopping Belem Boulevard
21910,0,20/01/2026,Shopping Belem Boulevard
21911,0,20/01/2026,Shopping Belem Boulevard
21912,0,20/01/2026,Shopping Belem Boulevard
21913,2,20/01/2026,Shopping Belem Boulevard
21914,2,20/01/2026,Shopping Belem Boulevard
21915,4,20/01/2026,Shopping Belem Boulevard
21917,0,20/01/2026,Shopping Belem Boulevard
21918,0,20/01/2026,Shopping Belem Boulevard
21919,0,20/01/2026,Shopping Belem Boulevard
21920,1,20/01/2026,Shopping Belem Boulevard
21921,2,20/01/2026,Shopping Belem Boulevard
21923,2,20/01/2026,Shopping Belem Boulevard
21924,0,20/01/2026,Shopping Belem Boulevard
21925,0,20/01/2026,Shopping Belem Boulevard
21926,0,20/01/2026,Shopping Belem Boulevard
21927,1,20/01/2026,Shopping Belem Boulevard
22000,0,20/01/2026,Shopping Belem Boulevard
22001,0,20/01/2026,Shopping Belem Boulevard
22002,0,20/01/2026,Shopping Belem Boulevard
22101,0,20/01/2026,Shopping Belem Boulevard
22102,0,20/01/2026,Shopping Belem Boulevard
22103,0,20/01/2026,Shopping Belem Boulevard
22114,1,20/01/2026,Shopping Belem Boulevard
22191,2,20/01/2026,Shopping Belem Boulevard
22278,0,20/01/2026,Shopping Belem Boulevard
22306,0,20/01/2026,Shopping Belem Boulevard
22307,0,20/01/2026,Shopping Belem Boulevard
22308,0,20/01/2026,Shopping Belem Boulevard
22403,0,20/01/2026,Shopping Belem Boulevard
22417,2,20/01/2026,Shopping Belem Boulevard
22476,3,20/01/2026,Shopping Belem Boulevard
22477,3,20/01/2026,Shopping Belem Boulevard
22482,0,20/01/2026,Shopping Belem Boulevard
22487,0,20/01/2026,Shopping Belem Boulevard
22492,0,20/01/2026,Shopping Belem Boulevard
22504,0,20/01/2026,Shopping Belem Boulevard
22515,2,20/01/2026,Shopping Belem Boulevard
22547,2,20/01/2026,Shopping Belem Boulevard
22578,0,20/01/2026,Shopping Belem Boulevard
22589,0,20/01/2026,Shopping Belem Boulevard
22590,4,20/01/2026,Shopping Belem Boulevard
22595,0,20/01/2026,Shopping Belem Boulevard
22597,2,20/01/2026,Shopping Belem Boulevard
22598,2,20/01/2026,Shopping Belem Boulevard
22642,0,20/01/2026,Shopping Belem Boulevard
22666,0,20/01/2026,Shopping Belem Boulevard
22667,0,20/01/2026,Shopping Belem Boulevard
22668,0,20/01/2026,Shopping Belem Boulevard
22756,3,20/01/2026,Shopping Belem Boulevard
22850,0,20/01/2026,Shopping Belem Boulevard
22854,0,20/01/2026,Shopping Belem Boulevard
22859,3,20/01/2026,Shopping Belem Boulevard
22870,0,20/01/2026,Shopping Belem Boulevard
22883,0,20/01/2026,Shopping Belem Boulevard
22922,0,20/01/2026,Shopping Belem Boulevard
22923,0,20/01/2026,Shopping Belem Boulevard
22980,0,20/01/2026,Shopping Belem Boulevard
22985,0,20/01/2026,Shopping Belem Boulevard
22987,2,20/01/2026,Shopping Belem Boulevard
22988,0,20/01/2026,Shopping Belem Boulevard
22990,2,20/01/2026,Shopping Belem Boulevard
23003,0,20/01/2026,Shopping Belem Boulevard
23004,0,20/01/2026,Shopping Belem Boulevard
23005,0,20/01/2026,Shopping Belem Boulevard
23006,0,20/01/2026,Shopping Belem Boulevard
23007,0,20/01/2026,Shopping Belem Boulevard
23008,0,20/01/2026,Shopping Belem Boulevard
23010,0,20/01/2026,Shopping Belem Boulevard
23011,3,20/01/2026,Shopping Belem Boulevard
23012,0,20/01/2026,Shopping Belem Boulevard
23013,0,20/01/2026,Shopping Belem Boulevard
23014,0,20/01/2026,Shopping Belem Boulevard
23015,0,20/01/2026,Shopping Belem Boulevard
23016,0,20/01/2026,Shopping Belem Boulevard
23017,0,20/01/2026,Shopping Belem Boulevard
23018,0,20/01/2026,Shopping Belem Boulevard
23019,0,20/01/2026,Shopping Belem Boulevard
23020,3,20/01/2026,Shopping Belem Boulevard
23023,0,20/01/2026,Shopping Belem Boulevard
23024,0,20/01/2026,Shopping Belem Boulevard
23061,0,20/01/2026,Shopping Belem Boulevard
23062,1,20/01/2026,Shopping Belem Boulevard
23063,1,20/01/2026,Shopping Belem Boulevard
23064,1,20/01/2026,Shopping Belem Boulevard
23065,0,20/01/2026,Shopping Belem Boulevard
23066,1,20/01/2026,Shopping Belem Boulevard
23067,1,20/01/2026,Shopping Belem Boulevard
23082,0,20/01/2026,Shopping Belem Boulevard
23083,1,20/01/2026,Shopping Belem Boulevard
23158,0,20/01/2026,Shopping Belem Boulevard
23186,0,20/01/2026,Shopping Belem Boulevard
23189,1,20/01/2026,Shopping Belem Boulevard
23217,0,20/01/2026,Shopping Belem Boulevard
23218,0,20/01/2026,Shopping Belem Boulevard
23224,2,20/01/2026,Shopping Belem Boulevard
23234,0,20/01/2026,Shopping Belem Boulevard
23264,0,20/01/2026,Shopping Belem Boulevard
23265,0,20/01/2026,Shopping Belem Boulevard
23266,0,20/01/2026,Shopping Belem Boulevard
23267,0,20/01/2026,Shopping Belem Boulevard
23268,0,20/01/2026,Shopping Belem Boulevard
23269,0,20/01/2026,Shopping Belem Boulevard
23270,0,20/01/2026,Shopping Belem Boulevard
23271,0,20/01/2026,Shopping Belem Boulevard
23273,0,20/01/2026,Shopping Belem Boulevard
23277,0,20/01/2026,Shopping Belem Boulevard
23284,3,20/01/2026,Shopping Belem Boulevard
23285,3,20/01/2026,Shopping Belem Boulevard
23286,2,20/01/2026,Shopping Belem Boulevard
23321,0,20/01/2026,Shopping Belem Boulevard
23323,0,20/01/2026,Shopping Belem Boulevard
23325,2,20/01/2026,Shopping Belem Boulevard
23341,1,20/01/2026,Shopping Belem Boulevard
23342,0,20/01/2026,Shopping Belem Boulevard
23364,0,20/01/2026,Shopping Belem Boulevard
23376,0,20/01/2026,Shopping Belem Boulevard
23397,0,20/01/2026,Shopping Belem Boulevard
23443,0,20/01/2026,Shopping Belem Boulevard
23461,0,20/01/2026,Shopping Belem Boulevard
23472,0,20/01/2026,Shopping Belem Boulevard
23473,0,20/01/2026,Shopping Belem Boulevard
23476,0,20/01/2026,Shopping Belem Boulevard
23590,2,20/01/2026,Shopping Belem Boulevard
23703,0,20/01/2026,Shopping Belem Boulevard
23714,0,20/01/2026,Shopping Belem Boulevard
23715,0,20/01/2026,Shopping Belem Boulevard
23716,0,20/01/2026,Shopping Belem Boulevard
23717,0,20/01/2026,Shopping Belem Boulevard
23718,0,20/01/2026,Shopping Belem Boulevard
23719,0,20/01/2026,Shopping Belem Boulevard
23720,0,20/01/2026,Shopping Belem Boulevard
23725,0,20/01/2026,Shopping Belem Boulevard
23726,0,20/01/2026,Shopping Belem Boulevard
23727,0,20/01/2026,Shopping Belem Boulevard
23728,0,20/01/2026,Shopping Belem Boulevard
23730,0,20/01/2026,Shopping Belem Boulevard
23731,0,20/01/2026,Shopping Belem Boulevard
23737,0,20/01/2026,Shopping Belem Boulevard
23738,0,20/01/2026,Shopping Belem Boulevard
23739,0,20/01/2026,Shopping Belem Boulevard
23740,0,20/01/2026,Shopping Belem Boulevard
23741,0,20/01/2026,Shopping Belem Boulevard
23742,0,20/01/2026,Shopping Belem Boulevard
23744,0,20/01/2026,Shopping Belem Boulevard
23745,0,20/01/2026,Shopping Belem Boulevard
23746,0,20/01/2026,Shopping Belem Boulevard
23747,0,20/01/2026,Shopping Belem Boulevard
23748,0,20/01/2026,Shopping Belem Boulevard
23755,0,20/01/2026,Shopping Belem Boulevard
23807,0,20/01/2026,Shopping Belem Boulevard
23810,0,20/01/2026,Shopping Belem Boulevard
23814,0,20/01/2026,Shopping Belem Boulevard
23817,1,20/01/2026,Shopping Belem Boulevard
23818,0,20/01/2026,Shopping Belem Boulevard
23819,0,20/01/2026,Shopping Belem Boulevard
23820,0,20/01/2026,Shopping Belem Boulevard
23821,0,20/01/2026,Shopping Belem Boulevard
23822,0,20/01/2026,Shopping Belem Boulevard
23827,0,20/01/2026,Shopping Belem Boulevard
23828,1,20/01/2026,Shopping Belem Boulevard
23829,0,20/01/2026,Shopping Belem Boulevard
23830,0,20/01/2026,Shopping Belem Boulevard
23887,1,20/01/2026,Shopping Belem Boulevard
23893,2,20/01/2026,Shopping Belem Boulevard
23894,5,20/01/2026,Shopping Belem Boulevard
23895,4,20/01/2026,Shopping Belem Boulevard
23896,2,20/01/2026,Shopping Belem Boulevard
23897,3,20/01/2026,Shopping Belem Boulevard
23898,2,20/01/2026,Shopping Belem Boulevard
23899,1,20/01/2026,Shopping Belem Boulevard
23900,2,20/01/2026,Shopping Belem Boulevard
23901,2,20/01/2026,Shopping Belem Boulevard
23902,3,20/01/2026,Shopping Belem Boulevard
23903,1,20/01/2026,Shopping Belem Boulevard
23904,2,20/01/2026,Shopping Belem Boulevard
23905,5,20/01/2026,Shopping Belem Boulevard
23906,2,20/01/2026,Shopping Belem Boulevard
23907,2,20/01/2026,Shopping Belem Boulevard
23908,1,20/01/2026,Shopping Belem Boulevard
23909,5,20/01/2026,Shopping Belem Boulevard
23910,3,20/01/2026,Shopping Belem Boulevard
23911,2,20/01/2026,Shopping Belem Boulevard
23912,1,20/01/2026,Shopping Belem Boulevard
23913,4,20/01/2026,Shopping Belem Boulevard
23914,1,20/01/2026,Shopping Belem Boulevard
23915,3,20/01/2026,Shopping Belem Boulevard
23916,1,20/01/2026,Shopping Belem Boulevard
23917,2,20/01/2026,Shopping Belem Boulevard
23918,2,20/01/2026,Shopping Belem Boulevard
23919,1,20/01/2026,Shopping Belem Boulevard
23920,0,20/01/2026,Shopping Belem Boulevard
23921,1,20/01/2026,Shopping Belem Boulevard
23922,1,20/01/2026,Shopping Belem Boulevard
23923,1,20/01/2026,Shopping Belem Boulevard
23924,1,20/01/2026,Shopping Belem Boulevard
23925,1,20/01/2026,Shopping Belem Boulevard
23926,1,20/01/2026,Shopping Belem Boulevard
23927,1,20/01/2026,Shopping Belem Boulevard
23928,2,20/01/2026,Shopping Belem Boulevard
23929,1,20/01/2026,Shopping Belem Boulevard
23930,0,20/01/2026,Shopping Belem Boulevard
23931,1,20/01/2026,Shopping Belem Boulevard
23932,0,20/01/2026,Shopping Belem Boulevard
23934,0,20/01/2026,Shopping Belem Boulevard
23935,0,20/01/2026,Shopping Belem Boulevard
23936,3,20/01/2026,Shopping Belem Boulevard
23937,0,20/01/2026,Shopping Belem Boulevard
23938,4,20/01/2026,Shopping Belem Boulevard
23939,2,20/01/2026,Shopping Belem Boulevard
23940,2,20/01/2026,Shopping Belem Boulevard
23941,4,20/01/2026,Shopping Belem Boulevard
23942,2,20/01/2026,Shopping Belem Boulevard
23943,2,20/01/2026,Shopping Belem Boulevard
23944,2,20/01/2026,Shopping Belem Boulevard
23945,3,20/01/2026,Shopping Belem Boulevard
23946,2,20/01/2026,Shopping Belem Boulevard
23947,0,20/01/2026,Shopping Belem Boulevard
23948,1,20/01/2026,Shopping Belem Boulevard
23949,0,20/01/2026,Shopping Belem Boulevard
23950,2,20/01/2026,Shopping Belem Boulevard
23951,2,20/01/2026,Shopping Belem Boulevard
23952,2,20/01/2026,Shopping Belem Boulevard
23953,0,20/01/2026,Shopping Belem Boulevard
23954,0,20/01/2026,Shopping Belem Boulevard
23955,1,20/01/2026,Shopping Belem Boulevard
23956,1,20/01/2026,Shopping Belem Boulevard
23958,1,20/01/2026,Shopping Belem Boulevard
23960,1,20/01/2026,Shopping Belem Boulevard
23961,2,20/01/2026,Shopping Belem Boulevard
23962,2,20/01/2026,Shopping Belem Boulevard
23963,2,20/01/2026,Shopping Belem Boulevard
23964,2,20/01/2026,Shopping Belem Boulevard
23965,2,20/01/2026,Shopping Belem Boulevard
23966,2,20/01/2026,Shopping Belem Boulevard
23967,2,20/01/2026,Shopping Belem Boulevard
23968,2,20/01/2026,Shopping Belem Boulevard
23969,2,20/01/2026,Shopping Belem Boulevard
23970,2,20/01/2026,Shopping Belem Boulevard
23971,1,20/01/2026,Shopping Belem Boulevard
23972,5,20/01/2026,Shopping Belem Boulevard
23973,0,20/01/2026,Shopping Belem Boulevard
23974,2,20/01/2026,Shopping Belem Boulevard
23975,2,20/01/2026,Shopping Belem Boulevard
23976,2,20/01/2026,Shopping Belem Boulevard
23977,2,20/01/2026,Shopping Belem Boulevard
23978,2,20/01/2026,Shopping Belem Boulevard
23979,2,20/01/2026,Shopping Belem Boulevard
23980,2,20/01/2026,Shopping Belem Boulevard
23981,2,20/01/2026,Shopping Belem Boulevard
23982,4,20/01/2026,Shopping Belem Boulevard
23983,2,20/01/2026,Shopping Belem Boulevard
23984,0,20/01/2026,Shopping Belem Boulevard
23985,1,20/01/2026,Shopping Belem Boulevard
23986,0,20/01/2026,Shopping Belem Boulevard
23987,2,20/01/2026,Shopping Belem Boulevard
23988,1,20/01/2026,Shopping Belem Boulevard
23989,3,20/01/2026,Shopping Belem Boulevard
23990,2,20/01/2026,Shopping Belem Boulevard
23991,1,20/01/2026,Shopping Belem Boulevard
23992,3,20/01/2026,Shopping Belem Boulevard
23993,5,20/01/2026,Shopping Belem Boulevard
23994,3,20/01/2026,Shopping Belem Boulevard
23995,2,20/01/2026,Shopping Belem Boulevard
23996,3,20/01/2026,Shopping Belem Boulevard
23997,1,20/01/2026,Shopping Belem Boulevard
23998,3,20/01/2026,Shopping Belem Boulevard
24000,0,20/01/2026,Shopping Belem Boulevard
24001,1,20/01/2026,Shopping Belem Boulevard
24002,1,20/01/2026,Shopping Belem Boulevard
24003,1,20/01/2026,Shopping Belem Boulevard
24004,0,20/01/2026,Shopping Belem Boulevard
24005,2,20/01/2026,Shopping Belem Boulevard
24006,0,20/01/2026,Shopping Belem Boulevard
24007,3,20/01/2026,Shopping Belem Boulevard
24008,0,20/01/2026,Shopping Belem Boulevard
24009,1,20/01/2026,Shopping Belem Boulevard
24010,1,20/01/2026,Shopping Belem Boulevard
24011,3,20/01/2026,Shopping Belem Boulevard
24012,0,20/01/2026,Shopping Belem Boulevard
24013,0,20/01/2026,Shopping Belem Boulevard
24014,0,20/01/2026,Shopping Belem Boulevard
24015,0,20/01/2026,Shopping Belem Boulevard
24016,1,20/01/2026,Shopping Belem Boulevard
24017,0,20/01/2026,Shopping Belem Boulevard
24018,1,20/01/2026,Shopping Belem Boulevard
24019,0,20/01/2026,Shopping Belem Boulevard
24021,2,20/01/2026,Shopping Belem Boulevard
24022,1,20/01/2026,Shopping Belem Boulevard
24023,1,20/01/2026,Shopping Belem Boulevard
24024,1,20/01/2026,Shopping Belem Boulevard
24025,2,20/01/2026,Shopping Belem Boulevard
24026,0,20/01/2026,Shopping Belem Boulevard
24027,4,20/01/2026,Shopping Belem Boulevard
24028,1,20/01/2026,Shopping Belem Boulevard
24029,5,20/01/2026,Shopping Belem Boulevard
24030,1,20/01/2026,Shopping Belem Boulevard
24031,4,20/01/2026,Shopping Belem Boulevard
24032,3,20/01/2026,Shopping Belem Boulevard
24033,3,20/01/2026,Shopping Belem Boulevard
24036,0,20/01/2026,Shopping Belem Boulevard
24037,2,20/01/2026,Shopping Belem Boulevard
24100,3,20/01/2026,Shopping Belem Boulevard
24101,1,20/01/2026,Shopping Belem Boulevard
24102,2,20/01/2026,Shopping Belem Boulevard
24103,3,20/01/2026,Shopping Belem Boulevard
24104,3,20/01/2026,Shopping Belem Boulevard
24105,2,20/01/2026,Shopping Belem Boulevard
24106,3,20/01/2026,Shopping Belem Boulevard
24107,3,20/01/2026,Shopping Belem Boulevard
24108,3,20/01/2026,Shopping Belem Boulevard
24109,3,20/01/2026,Shopping Belem Boulevard
24110,5,20/01/2026,Shopping Belem Boulevard
24111,1,20/01/2026,Shopping Belem Boulevard
24112,1,20/01/2026,Shopping Belem Boulevard
24113,2,20/01/2026,Shopping Belem Boulevard
24115,2,20/01/2026,Shopping Belem Boulevard
24116,2,20/01/2026,Shopping Belem Boulevard
24117,3,20/01/2026,Shopping Belem Boulevard
24118,2,20/01/2026,Shopping Belem Boulevard
24119,4,20/01/2026,Shopping Belem Boulevard
24120,1,20/01/2026,Shopping Belem Boulevard
24121,3,20/01/2026,Shopping Belem Boulevard
24122,0,20/01/2026,Shopping Belem Boulevard
24123,2,20/01/2026,Shopping Belem Boulevard
24124,0,20/01/2026,Shopping Belem Boulevard
24125,0,20/01/2026,Shopping Belem Boulevard
24126,1,20/01/2026,Shopping Belem Boulevard
24127,1,20/01/2026,Shopping Belem Boulevard
24128,1,20/01/2026,Shopping Belem Boulevard
24129,1,20/01/2026,Shopping Belem Boulevard
24130,0,20/01/2026,Shopping Belem Boulevard
24131,0,20/01/2026,Shopping Belem Boulevard
24134,2,20/01/2026,Shopping Belem Boulevard
24135,0,20/01/2026,Shopping Belem Boulevard
24136,0,20/01/2026,Shopping Belem Boulevard
24137,0,20/01/2026,Shopping Belem Boulevard
24140,3,20/01/2026,Shopping Belem Boulevard
24142,1,20/01/2026,Shopping Belem Boulevard
24149,0,20/01/2026,Shopping Belem Boulevard
24154,0,20/01/2026,Shopping Belem Boulevard
24158,1,20/01/2026,Shopping Belem Boulevard
24159,0,20/01/2026,Shopping Belem Boulevard
24160,0,20/01/2026,Shopping Belem Boulevard
24163,2,20/01/2026,Shopping Belem Boulevard
24164,0,20/01/2026,Shopping Belem Boulevard
24165,0,20/01/2026,Shopping Belem Boulevard
24166,1,20/01/2026,Shopping Belem Boulevard
24167,0,20/01/2026,Shopping Belem Boulevard
24168,0,20/01/2026,Shopping Belem Boulevard
24169,1,20/01/2026,Shopping Belem Boulevard
24170,3,20/01/2026,Shopping Belem Boulevard
24171,0,20/01/2026,Shopping Belem Boulevard
24172,0,20/01/2026,Shopping Belem Boulevard
24173,0,20/01/2026,Shopping Belem Boulevard
24174,0,20/01/2026,Shopping Belem Boulevard
24176,0,20/01/2026,Shopping Belem Boulevard
24177,0,20/01/2026,Shopping Belem Boulevard
24178,2,20/01/2026,Shopping Belem Boulevard
24179,2,20/01/2026,Shopping Belem Boulevard
24180,0,20/01/2026,Shopping Belem Boulevard
24188,0,20/01/2026,Shopping Belem Boulevard
24200,0,20/01/2026,Shopping Belem Boulevard
24204,2,20/01/2026,Shopping Belem Boulevard
24219,1,20/01/2026,Shopping Belem Boulevard
24220,0,20/01/2026,Shopping Belem Boulevard
24221,0,20/01/2026,Shopping Belem Boulevard
24234,0,20/01/2026,Shopping Belem Boulevard
24238,0,20/01/2026,Shopping Belem Boulevard
24324,4,20/01/2026,Shopping Belem Boulevard
24325,5,20/01/2026,Shopping Belem Boulevard
24326,3,20/01/2026,Shopping Belem Boulevard
24327,2,20/01/2026,Shopping Belem Boulevard
24328,3,20/01/2026,Shopping Belem Boulevard
24329,1,20/01/2026,Shopping Belem Boulevard
24330,1,20/01/2026,Shopping Belem Boulevard
24344,2,20/01/2026,Shopping Belem Boulevard
24387,2,20/01/2026,Shopping Belem Boulevard
24401,2,20/01/2026,Shopping Belem Boulevard
24412,0,20/01/2026,Shopping Belem Boulevard
24413,5,20/01/2026,Shopping Belem Boulevard
24415,1,20/01/2026,Shopping Belem Boulevard
24416,5,20/01/2026,Shopping Belem Boulevard
24417,1,20/01/2026,Shopping Belem Boulevard
24418,0,20/01/2026,Shopping Belem Boulevard
24419,0,20/01/2026,Shopping Belem Boulevard
24421,0,20/01/2026,Shopping Belem Boulevard
24422,0,20/01/2026,Shopping Belem Boulevard
24423,0,20/01/2026,Shopping Belem Boulevard
24424,0,20/01/2026,Shopping Belem Boulevard
24426,0,20/01/2026,Shopping Belem Boulevard
24427,0,20/01/2026,Shopping Belem Boulevard
24428,2,20/01/2026,Shopping Belem Boulevard
24429,0,20/01/2026,Shopping Belem Boulevard
24430,0,20/01/2026,Shopping Belem Boulevard
24431,2,20/01/2026,Shopping Belem Boulevard
24432,2,20/01/2026,Shopping Belem Boulevard
24433,0,20/01/2026,Shopping Belem Boulevard
24435,5,20/01/2026,Shopping Belem Boulevard
24436,5,20/01/2026,Shopping Belem Boulevard
24438,2,20/01/2026,Shopping Belem Boulevard
24439,2,20/01/2026,Shopping Belem Boulevard
24442,0,20/01/2026,Shopping Belem Boulevard
24443,0,20/01/2026,Shopping Belem Boulevard
24445,2,20/01/2026,Shopping Belem Boulevard
24446,2,20/01/2026,Shopping Belem Boulevard
24447,1,20/01/2026,Shopping Belem Boulevard
24448,0,20/01/2026,Shopping Belem Boulevard
24449,0,20/01/2026,Shopping Belem Boulevard
24450,0,20/01/2026,Shopping Belem Boulevard
24452,0,20/01/2026,Shopping Belem Boulevard
24454,4,20/01/2026,Shopping Belem Boulevard
24455,0,20/01/2026,Shopping Belem Boulevard
24469,1,20/01/2026,Shopping Belem Boulevard
24470,2,20/01/2026,Shopping Belem Boulevard
24533,1,20/01/2026,Shopping Belem Boulevard
24534,3,20/01/2026,Shopping Belem Boulevard
24579,2,20/01/2026,Shopping Belem Boulevard
24580,1,20/01/2026,Shopping Belem Boulevard
24581,1,20/01/2026,Shopping Belem Boulevard
24582,0,20/01/2026,Shopping Belem Boulevard
24583,1,20/01/2026,Shopping Belem Boulevard
24584,0,20/01/2026,Shopping Belem Boulevard
24585,2,20/01/2026,Shopping Belem Boulevard
24586,3,20/01/2026,Shopping Belem Boulevard
24587,2,20/01/2026,Shopping Belem Boulevard
24588,4,20/01/2026,Shopping Belem Boulevard
24589,2,20/01/2026,Shopping Belem Boulevard
24590,2,20/01/2026,Shopping Belem Boulevard
24591,0,20/01/2026,Shopping Belem Boulevard
24592,0,20/01/2026,Shopping Belem Boulevard
24593,0,20/01/2026,Shopping Belem Boulevard
24594,0,20/01/2026,Shopping Belem Boulevard
24595,0,20/01/2026,Shopping Belem Boulevard
24596,1,20/01/2026,Shopping Belem Boulevard
24597,1,20/01/2026,Shopping Belem Boulevard
24598,1,20/01/2026,Shopping Belem Boulevard
24599,1,20/01/2026,Shopping Belem Boulevard
24600,1,20/01/2026,Shopping Belem Boulevard
24601,1,20/01/2026,Shopping Belem Boulevard
24602,0,20/01/2026,Shopping Belem Boulevard
24603,2,20/01/2026,Shopping Belem Boulevard
24604,3,20/01/2026,Shopping Belem Boulevard
24605,0,20/01/2026,Shopping Belem Boulevard
24606,2,20/01/2026,Shopping Belem Boulevard
24607,0,20/01/2026,Shopping Belem Boulevard
24608,1,20/01/2026,Shopping Belem Boulevard
24609,0,20/01/2026,Shopping Belem Boulevard
24610,0,20/01/2026,Shopping Belem Boulevard
24611,1,20/01/2026,Shopping Belem Boulevard
24612,0,20/01/2026,Shopping Belem Boulevard
24613,0,20/01/2026,Shopping Belem Boulevard
24614,0,20/01/2026,Shopping Belem Boulevard
24615,1,20/01/2026,Shopping Belem Boulevard
24616,2,20/01/2026,Shopping Belem Boulevard
24617,1,20/01/2026,Shopping Belem Boulevard
24618,1,20/01/2026,Shopping Belem Boulevard
24619,4,20/01/2026,Shopping Belem Boulevard
24620,3,20/01/2026,Shopping Belem Boulevard
24621,2,20/01/2026,Shopping Belem Boulevard
24622,2,20/01/2026,Shopping Belem Boulevard
24623,2,20/01/2026,Shopping Belem Boulevard
24624,1,20/01/2026,Shopping Belem Boulevard
24625,0,20/01/2026,Shopping Belem Boulevard
24626,1,20/01/2026,Shopping Belem Boulevard
24627,1,20/01/2026,Shopping Belem Boulevard
24628,1,20/01/2026,Shopping Belem Boulevard
24629,0,20/01/2026,Shopping Belem Boulevard
24630,1,20/01/2026,Shopping Belem Boulevard
24631,1,20/01/2026,Shopping Belem Boulevard
24632,1,20/01/2026,Shopping Belem Boulevard
24633,0,20/01/2026,Shopping Belem Boulevard
24634,0,20/01/2026,Shopping Belem Boulevard
24635,0,20/01/2026,Shopping Belem Boulevard
24653,0,20/01/2026,Shopping Belem Boulevard
24682,2,20/01/2026,Shopping Belem Boulevard
24690,2,20/01/2026,Shopping Belem Boulevard
24693,0,20/01/2026,Shopping Belem Boulevard
24714,0,20/01/2026,Shopping Belem Boulevard
24722,0,20/01/2026,Shopping Belem Boulevard
24739,0,20/01/2026,Shopping Belem Boulevard
24757,1,20/01/2026,Shopping Belem Boulevard
24765,1,20/01/2026,Shopping Belem Boulevard
24766,0,20/01/2026,Shopping Belem Boulevard
24767,0,20/01/2026,Shopping Belem Boulevard
24768,1,20/01/2026,Shopping Belem Boulevard
24786,1,20/01/2026,Shopping Belem Boulevard
24806,3,20/01/2026,Shopping Belem Boulevard
24808,2,20/01/2026,Shopping Belem Boulevard
24809,2,20/01/2026,Shopping Belem Boulevard
24811,1,20/01/2026,Shopping Belem Boulevard
24812,2,20/01/2026,Shopping Belem Boulevard
24814,2,20/01/2026,Shopping Belem Boulevard
24874,0,20/01/2026,Shopping Belem Boulevard
24875,1,20/01/2026,Shopping Belem Boulevard
24876,1,20/01/2026,Shopping Belem Boulevard
24877,1,20/01/2026,Shopping Belem Boulevard
24878,0,20/01/2026,Shopping Belem Boulevard
24879,1,20/01/2026,Shopping Belem Boulevard
24880,0,20/01/2026,Shopping Belem Boulevard
24881,1,20/01/2026,Shopping Belem Boulevard
24882,0,20/01/2026,Shopping Belem Boulevard
24883,1,20/01/2026,Shopping Belem Boulevard
24884,1,20/01/2026,Shopping Belem Boulevard
24885,2,20/01/2026,Shopping Belem Boulevard
24886,0,20/01/2026,Shopping Belem Boulevard
24887,1,20/01/2026,Shopping Belem Boulevard
24888,0,20/01/2026,Shopping Belem Boulevard
24889,0,20/01/2026,Shopping Belem Boulevard
24891,2,20/01/2026,Shopping Belem Boulevard
24892,1,20/01/2026,Shopping Belem Boulevard
24894,2,20/01/2026,Shopping Belem Boulevard
24899,0,20/01/2026,Shopping Belem Boulevard
24900,1,20/01/2026,Shopping Belem Boulevard
24901,3,20/01/2026,Shopping Belem Boulevard
24923,1,20/01/2026,Shopping Belem Boulevard
24924,1,20/01/2026,Shopping Belem Boulevard
24925,1,20/01/2026,Shopping Belem Boulevard
24927,1,20/01/2026,Shopping Belem Boulevard
24928,0,20/01/2026,Shopping Belem Boulevard
24929,0,20/01/2026,Shopping Belem Boulevard
24930,0,20/01/2026,Shopping Belem Boulevard
24932,0,20/01/2026,Shopping Belem Boulevard
24933,0,20/01/2026,Shopping Belem Boulevard
24934,0,20/01/2026,Shopping Belem Boulevard
24935,0,20/01/2026,Shopping Belem Boulevard
24947,0,20/01/2026,Shopping Belem Boulevard
24948,0,20/01/2026,Shopping Belem Boulevard
24949,0,20/01/2026,Shopping Belem Boulevard
24950,0,20/01/2026,Shopping Belem Boulevard
24951,0,20/01/2026,Shopping Belem Boulevard
24952,0,20/01/2026,Shopping Belem Boulevard
24953,0,20/01/2026,Shopping Belem Boulevard
24954,0,20/01/2026,Shopping Belem Boulevard
24955,0,20/01/2026,Shopping Belem Boulevard
24956,0,20/01/2026,Shopping Belem Boulevard
24957,0,20/01/2026,Shopping Belem Boulevard
24958,0,20/01/2026,Shopping Belem Boulevard
24959,0,20/01/2026,Shopping Belem Boulevard
24960,0,20/01/2026,Shopping Belem Boulevard
24961,1,20/01/2026,Shopping Belem Boulevard
24962,0,20/01/2026,Shopping Belem Boulevard
24964,0,20/01/2026,Shopping Belem Boulevard
24965,0,20/01/2026,Shopping Belem Boulevard
24966,0,20/01/2026,Shopping Belem Boulevard
24967,0,20/01/2026,Shopping Belem Boulevard
24968,0,20/01/2026,Shopping Belem Boulevard
24969,1,20/01/2026,Shopping Belem Boulevard
24970,0,20/01/2026,Shopping Belem Boulevard
24971,0,20/01/2026,Shopping Belem Boulevard
24972,0,20/01/2026,Shopping Belem Boulevard
24973,0,20/01/2026,Shopping Belem Boulevard
24974,0,20/01/2026,Shopping Belem Boulevard
24975,0,20/01/2026,Shopping Belem Boulevard
24976,0,20/01/2026,Shopping Belem Boulevard
24977,0,20/01/2026,Shopping Belem Boulevard
24978,0,20/01/2026,Shopping Belem Boulevard
24979,0,20/01/2026,Shopping Belem Boulevard
24980,0,20/01/2026,Shopping Belem Boulevard
24981,0,20/01/2026,Shopping Belem Boulevard
24982,1,20/01/2026,Shopping Belem Boulevard
24983,0,20/01/2026,Shopping Belem Boulevard
24984,0,20/01/2026,Shopping Belem Boulevard
24985,1,20/01/2026,Shopping Belem Boulevard
24987,1,20/01/2026,Shopping Belem Boulevard
25007,0,20/01/2026,Shopping Belem Boulevard
25008,0,20/01/2026,Shopping Belem Boulevard
25011,0,20/01/2026,Shopping Belem Boulevard
25012,0,20/01/2026,Shopping Belem Boulevard
25013,0,20/01/2026,Shopping Belem Boulevard
25015,2,20/01/2026,Shopping Belem Boulevard
25018,1,20/01/2026,Shopping Belem Boulevard
25104,1,20/01/2026,Shopping Belem Boulevard
25160,3,20/01/2026,Shopping Belem Boulevard
25176,1,20/01/2026,Shopping Belem Boulevard
25178,2,20/01/2026,Shopping Belem Boulevard
25227,0,20/01/2026,Shopping Belem Boulevard
25228,2,20/01/2026,Shopping Belem Boulevard
25229,3,20/01/2026,Shopping Belem Boulevard
25232,2,20/01/2026,Shopping Belem Boulevard
25238,2,20/01/2026,Shopping Belem Boulevard
25247,2,20/01/2026,Shopping Belem Boulevard
25248,2,20/01/2026,Shopping Belem Boulevard
25259,0,20/01/2026,Shopping Belem Boulevard
25260,0,20/01/2026,Shopping Belem Boulevard
25261,0,20/01/2026,Shopping Belem Boulevard
25262,0,20/01/2026,Shopping Belem Boulevard
25263,0,20/01/2026,Shopping Belem Boulevard
25264,0,20/01/2026,Shopping Belem Boulevard
25265,1,20/01/2026,Shopping Belem Boulevard
25266,1,20/01/2026,Shopping Belem Boulevard
25267,1,20/01/2026,Shopping Belem Boulevard
25273,2,20/01/2026,Shopping Belem Boulevard
25288,0,20/01/2026,Shopping Belem Boulevard
25289,1,20/01/2026,Shopping Belem Boulevard
25330,2,20/01/2026,Shopping Belem Boulevard
25331,0,20/01/2026,Shopping Belem Boulevard
25368,4,20/01/2026,Shopping Belem Boulevard
25370,4,20/01/2026,Shopping Belem Boulevard
25371,2,20/01/2026,Shopping Belem Boulevard
25373,2,20/01/2026,Shopping Belem Boulevard
25378,0,20/01/2026,Shopping Belem Boulevard
25414,1,20/01/2026,Shopping Belem Boulevard
25415,2,20/01/2026,Shopping Belem Boulevard
25416,1,20/01/2026,Shopping Belem Boulevard
25418,1,20/01/2026,Shopping Belem Boulevard
25419,0,20/01/2026,Shopping Belem Boulevard
25420,0,20/01/2026,Shopping Belem Boulevard
25423,0,20/01/2026,Shopping Belem Boulevard
25424,2,20/01/2026,Shopping Belem Boulevard
25425,0,20/01/2026,Shopping Belem Boulevard
25426,0,20/01/2026,Shopping Belem Boulevard
25427,0,20/01/2026,Shopping Belem Boulevard
25428,3,20/01/2026,Shopping Belem Boulevard
25429,2,20/01/2026,Shopping Belem Boulevard
25430,0,20/01/2026,Shopping Belem Boulevard
25431,1,20/01/2026,Shopping Belem Boulevard
25432,1,20/01/2026,Shopping Belem Boulevard
25433,1,20/01/2026,Shopping Belem Boulevard
25434,0,20/01/2026,Shopping Belem Boulevard
25435,1,20/01/2026,Shopping Belem Boulevard
25437,1,20/01/2026,Shopping Belem Boulevard
25438,0,20/01/2026,Shopping Belem Boulevard
25440,2,20/01/2026,Shopping Belem Boulevard
25441,1,20/01/2026,Shopping Belem Boulevard
25442,0,20/01/2026,Shopping Belem Boulevard
25443,0,20/01/2026,Shopping Belem Boulevard
25444,1,20/01/2026,Shopping Belem Boulevard
25445,1,20/01/2026,Shopping Belem Boulevard
25447,0,20/01/2026,Shopping Belem Boulevard
25448,1,20/01/2026,Shopping Belem Boulevard
25449,2,20/01/2026,Shopping Belem Boulevard
25450,2,20/01/2026,Shopping Belem Boulevard
25451,1,20/01/2026,Shopping Belem Boulevard
25487,2,20/01/2026,Shopping Belem Boulevard
25488,1,20/01/2026,Shopping Belem Boulevard
25489,3,20/01/2026,Shopping Belem Boulevard
25490,1,20/01/2026,Shopping Belem Boulevard
25491,2,20/01/2026,Shopping Belem Boulevard
25492,1,20/01/2026,Shopping Belem Boulevard
25493,3,20/01/2026,Shopping Belem Boulevard
25494,1,20/01/2026,Shopping Belem Boulevard
25495,0,20/01/2026,Shopping Belem Boulevard
25499,0,20/01/2026,Shopping Belem Boulevard
25633,2,20/01/2026,Shopping Belem Boulevard
25634,1,20/01/2026,Shopping Belem Boulevard
25671,1,20/01/2026,Shopping Belem Boulevard
25718,0,20/01/2026,Shopping Belem Boulevard
25719,1,20/01/2026,Shopping Belem Boulevard
25720,2,20/01/2026,Shopping Belem Boulevard
25721,3,20/01/2026,Shopping Belem Boulevard
25722,1,20/01/2026,Shopping Belem Boulevard
25723,1,20/01/2026,Shopping Belem Boulevard
25724,1,20/01/2026,Shopping Belem Boulevard
25725,0,20/01/2026,Shopping Belem Boulevard
25726,1,20/01/2026,Shopping Belem Boulevard
25727,1,20/01/2026,Shopping Belem Boulevard
25728,0,20/01/2026,Shopping Belem Boulevard
25729,0,20/01/2026,Shopping Belem Boulevard
25730,1,20/01/2026,Shopping Belem Boulevard
25731,1,20/01/2026,Shopping Belem Boulevard
25732,1,20/01/2026,Shopping Belem Boulevard
25733,1,20/01/2026,Shopping Belem Boulevard
25734,2,20/01/2026,Shopping Belem Boulevard
25735,0,20/01/2026,Shopping Belem Boulevard
25736,1,20/01/2026,Shopping Belem Boulevard
25737,1,20/01/2026,Shopping Belem Boulevard
25738,3,20/01/2026,Shopping Belem Boulevard
25739,1,20/01/2026,Shopping Belem Boulevard
25740,1,20/01/2026,Shopping Belem Boulevard
25741,1,20/01/2026,Shopping Belem Boulevard
25742,3,20/01/2026,Shopping Belem Boulevard
25743,2,20/01/2026,Shopping Belem Boulevard
25744,2,20/01/2026,Shopping Belem Boulevard
25745,1,20/01/2026,Shopping Belem Boulevard
25746,2,20/01/2026,Shopping Belem Boulevard
25747,2,20/01/2026,Shopping Belem Boulevard
25748,3,20/01/2026,Shopping Belem Boulevard
25749,3,20/01/2026,Shopping Belem Boulevard
25750,2,20/01/2026,Shopping Belem Boulevard
25751,1,20/01/2026,Shopping Belem Boulevard
25752,1,20/01/2026,Shopping Belem Boulevard
25753,1,20/01/2026,Shopping Belem Boulevard
25755,0,20/01/2026,Shopping Belem Boulevard
25756,2,20/01/2026,Shopping Belem Boulevard
25757,2,20/01/2026,Shopping Belem Boulevard
25788,1,20/01/2026,Shopping Belem Boulevard
25796,0,20/01/2026,Shopping Belem Boulevard
25797,0,20/01/2026,Shopping Belem Boulevard
25800,0,20/01/2026,Shopping Belem Boulevard
25808,2,20/01/2026,Shopping Belem Boulevard
25810,1,20/01/2026,Shopping Belem Boulevard
25811,1,20/01/2026,Shopping Belem Boulevard
25812,0,20/01/2026,Shopping Belem Boulevard
25813,2,20/01/2026,Shopping Belem Boulevard
25814,2,20/01/2026,Shopping Belem Boulevard
25815,2,20/01/2026,Shopping Belem Boulevard
25816,1,20/01/2026,Shopping Belem Boulevard
25817,1,20/01/2026,Shopping Belem Boulevard
25818,1,20/01/2026,Shopping Belem Boulevard
25819,1,20/01/2026,Shopping Belem Boulevard
25831,0,20/01/2026,Shopping Belem Boulevard
25838,0,20/01/2026,Shopping Belem Boulevard
25840,0,20/01/2026,Shopping Belem Boulevard
25842,0,20/01/2026,Shopping Belem Boulevard
25846,0,20/01/2026,Shopping Belem Boulevard
25849,0,20/01/2026,Shopping Belem Boulevard
25854,0,20/01/2026,Shopping Belem Boulevard
25855,0,20/01/2026,Shopping Belem Boulevard
25856,0,20/01/2026,Shopping Belem Boulevard
25857,0,20/01/2026,Shopping Belem Boulevard
25858,0,20/01/2026,Shopping Belem Boulevard
25859,0,20/01/2026,Shopping Belem Boulevard
25860,0,20/01/2026,Shopping Belem Boulevard
25862,0,20/01/2026,Shopping Belem Boulevard
25868,0,20/01/2026,Shopping Belem Boulevard
25869,0,20/01/2026,Shopping Belem Boulevard
25880,0,20/01/2026,Shopping Belem Boulevard
25881,0,20/01/2026,Shopping Belem Boulevard
25883,0,20/01/2026,Shopping Belem Boulevard
26056,0,20/01/2026,Shopping Belem Boulevard
26057,0,20/01/2026,Shopping Belem Boulevard
26067,0,20/01/2026,Shopping Belem Boulevard
26092,2,20/01/2026,Shopping Belem Boulevard
26093,2,20/01/2026,Shopping Belem Boulevard
26094,2,20/01/2026,Shopping Belem Boulevard
26101,0,20/01/2026,Shopping Belem Boulevard
26131,0,20/01/2026,Shopping Belem Boulevard
26132,3,20/01/2026,Shopping Belem Boulevard
26139,4,20/01/2026,Shopping Belem Boulevard
26140,7,20/01/2026,Shopping Belem Boulevard
26177,1,20/01/2026,Shopping Belem Boulevard
26178,1,20/01/2026,Shopping Belem Boulevard
26179,1,20/01/2026,Shopping Belem Boulevard
26180,1,20/01/2026,Shopping Belem Boulevard
26181,1,20/01/2026,Shopping Belem Boulevard
26182,1,20/01/2026,Shopping Belem Boulevard
26183,2,20/01/2026,Shopping Belem Boulevard
26184,0,20/01/2026,Shopping Belem Boulevard
26185,3,20/01/2026,Shopping Belem Boulevard
26190,2,20/01/2026,Shopping Belem Boulevard
26202,1,20/01/2026,Shopping Belem Boulevard
26203,2,20/01/2026,Shopping Belem Boulevard
26204,2,20/01/2026,Shopping Belem Boulevard
26205,2,20/01/2026,Shopping Belem Boulevard
26206,2,20/01/2026,Shopping Belem Boulevard
26207,3,20/01/2026,Shopping Belem Boulevard
26208,2,20/01/2026,Shopping Belem Boulevard
26209,1,20/01/2026,Shopping Belem Boulevard
26210,2,20/01/2026,Shopping Belem Boulevard
26211,2,20/01/2026,Shopping Belem Boulevard
26212,1,20/01/2026,Shopping Belem Boulevard
26213,2,20/01/2026,Shopping Belem Boulevard
26214,4,20/01/2026,Shopping Belem Boulevard
26215,2,20/01/2026,Shopping Belem Boulevard
26216,3,20/01/2026,Shopping Belem Boulevard
26217,3,20/01/2026,Shopping Belem Boulevard
26218,3,20/01/2026,Shopping Belem Boulevard
26219,2,20/01/2026,Shopping Belem Boulevard
26220,1,20/01/2026,Shopping Belem Boulevard
26221,2,20/01/2026,Shopping Belem Boulevard
26243,2,20/01/2026,Shopping Belem Boulevard
26244,3,20/01/2026,Shopping Belem Boulevard
26245,1,20/01/2026,Shopping Belem Boulevard
26258,3,20/01/2026,Shopping Belem Boulevard
26260,0,20/01/2026,Shopping Belem Boulevard
26268,2,20/01/2026,Shopping Belem Boulevard
26269,3,20/01/2026,Shopping Belem Boulevard
26270,3,20/01/2026,Shopping Belem Boulevard
26275,2,20/01/2026,Shopping Belem Boulevard
26278,0,20/01/2026,Shopping Belem Boulevard
26294,1,20/01/2026,Shopping Belem Boulevard
26322,0,20/01/2026,Shopping Belem Boulevard
26326,0,20/01/2026,Shopping Belem Boulevard
26365,0,20/01/2026,Shopping Belem Boulevard
26366,1,20/01/2026,Shopping Belem Boulevard
26367,1,20/01/2026,Shopping Belem Boulevard
26368,1,20/01/2026,Shopping Belem Boulevard
26369,1,20/01/2026,Shopping Belem Boulevard
26370,2,20/01/2026,Shopping Belem Boulevard
26371,1,20/01/2026,Shopping Belem Boulevard
26372,1,20/01/2026,Shopping Belem Boulevard
26373,0,20/01/2026,Shopping Belem Boulevard
26374,2,20/01/2026,Shopping Belem Boulevard
26375,2,20/01/2026,Shopping Belem Boulevard
26376,2,20/01/2026,Shopping Belem Boulevard
26377,3,20/01/2026,Shopping Belem Boulevard
26378,1,20/01/2026,Shopping Belem Boulevard
26379,0,20/01/2026,Shopping Belem Boulevard
26380,2,20/01/2026,Shopping Belem Boulevard
26381,2,20/01/2026,Shopping Belem Boulevard
26382,3,20/01/2026,Shopping Belem Boulevard
26383,2,20/01/2026,Shopping Belem Boulevard
26384,0,20/01/2026,Shopping Belem Boulevard
26385,1,20/01/2026,Shopping Belem Boulevard
26386,0,20/01/2026,Shopping Belem Boulevard
26387,2,20/01/2026,Shopping Belem Boulevard
26388,2,20/01/2026,Shopping Belem Boulevard
26389,2,20/01/2026,Shopping Belem Boulevard
26399,1,20/01/2026,Shopping Belem Boulevard
26400,1,20/01/2026,Shopping Belem Boulevard
26401,2,20/01/2026,Shopping Belem Boulevard
26402,2,20/01/2026,Shopping Belem Boulevard
26403,0,20/01/2026,Shopping Belem Boulevard
26404,0,20/01/2026,Shopping Belem Boulevard
26405,3,20/01/2026,Shopping Belem Boulevard
26406,1,20/01/2026,Shopping Belem Boulevard
26407,0,20/01/2026,Shopping Belem Boulevard
26408,0,20/01/2026,Shopping Belem Boulevard
26409,0,20/01/2026,Shopping Belem Boulevard
26410,0,20/01/2026,Shopping Belem Boulevard
26411,1,20/01/2026,Shopping Belem Boulevard
26412,1,20/01/2026,Shopping Belem Boulevard
26413,1,20/01/2026,Shopping Belem Boulevard
26414,1,20/01/2026,Shopping Belem Boulevard
26415,2,20/01/2026,Shopping Belem Boulevard
26450,0,20/01/2026,Shopping Belem Boulevard
26583,1,20/01/2026,Shopping Belem Boulevard
26589,1,20/01/2026,Shopping Belem Boulevard
26590,0,20/01/2026,Shopping Belem Boulevard
26598,4,20/01/2026,Shopping Belem Boulevard
26599,1,20/01/2026,Shopping Belem Boulevard
26600,2,20/01/2026,Shopping Belem Boulevard
26601,1,20/01/2026,Shopping Belem Boulevard
26692,0,20/01/2026,Shopping Belem Boulevard
26721,3,20/01/2026,Shopping Belem Boulevard
26722,3,20/01/2026,Shopping Belem Boulevard
26723,1,20/01/2026,Shopping Belem Boulevard
26745,1,20/01/2026,Shopping Belem Boulevard
26746,0,20/01/2026,Shopping Belem Boulevard
26747,0,20/01/2026,Shopping Belem Boulevard
26748,1,20/01/2026,Shopping Belem Boulevard
26749,0,20/01/2026,Shopping Belem Boulevard
26750,0,20/01/2026,Shopping Belem Boulevard
26751,0,20/01/2026,Shopping Belem Boulevard
26752,0,20/01/2026,Shopping Belem Boulevard
26753,0,20/01/2026,Shopping Belem Boulevard
26754,0,20/01/2026,Shopping Belem Boulevard
26755,0,20/01/2026,Shopping Belem Boulevard
26756,0,20/01/2026,Shopping Belem Boulevard
26757,0,20/01/2026,Shopping Belem Boulevard
26758,0,20/01/2026,Shopping Belem Boulevard
26759,1,20/01/2026,Shopping Belem Boulevard
26760,1,20/01/2026,Shopping Belem Boulevard
26761,0,20/01/2026,Shopping Belem Boulevard
26762,1,20/01/2026,Shopping Belem Boulevard
26764,0,20/01/2026,Shopping Belem Boulevard
26766,4,20/01/2026,Shopping Belem Boulevard
26767,1,20/01/2026,Shopping Belem Boulevard
26768,4,20/01/2026,Shopping Belem Boulevard
26769,6,20/01/2026,Shopping Belem Boulevard
26815,2,20/01/2026,Shopping Belem Boulevard
26829,4,20/01/2026,Shopping Belem Boulevard
26842,1,20/01/2026,Shopping Belem Boulevard
26843,2,20/01/2026,Shopping Belem Boulevard
26844,2,20/01/2026,Shopping Belem Boulevard
26845,3,20/01/2026,Shopping Belem Boulevard
26923,0,20/01/2026,Shopping Belem Boulevard
26931,0,20/01/2026,Shopping Belem Boulevard
26932,0,20/01/2026,Shopping Belem Boulevard
26934,0,20/01/2026,Shopping Belem Boulevard
26935,0,20/01/2026,Shopping Belem Boulevard
26936,0,20/01/2026,Shopping Belem Boulevard
26938,0,20/01/2026,Shopping Belem Boulevard
26940,0,20/01/2026,Shopping Belem Boulevard
26942,0,20/01/2026,Shopping Belem Boulevard
26944,2,20/01/2026,Shopping Belem Boulevard
26945,2,20/01/2026,Shopping Belem Boulevard
26946,2,20/01/2026,Shopping Belem Boulevard
26947,2,20/01/2026,Shopping Belem Boulevard
26948,2,20/01/2026,Shopping Belem Boulevard
26949,2,20/01/2026,Shopping Belem Boulevard
26950,2,20/01/2026,Shopping Belem Boulevard
26951,2,20/01/2026,Shopping Belem Boulevard
26952,1,20/01/2026,Shopping Belem Boulevard
313,0,20/01/2026,Shopping da Bahia
322,0,20/01/2026,Shopping da Bahia
338,0,20/01/2026,Shopping da Bahia
341,0,20/01/2026,Shopping da Bahia
398,0,20/01/2026,Shopping da Bahia
610,0,20/01/2026,Shopping da Bahia
674,0,20/01/2026,Shopping da Bahia
727,0,20/01/2026,Shopping da Bahia
887,2,20/01/2026,Shopping da Bahia
888,4,20/01/2026,Shopping da Bahia
889,0,20/01/2026,Shopping da Bahia
890,0,20/01/2026,Shopping da Bahia
1049,0,20/01/2026,Shopping da Bahia
1100,0,20/01/2026,Shopping da Bahia
1109,2,20/01/2026,Shopping da Bahia
1119,0,20/01/2026,Shopping da Bahia
1276,0,20/01/2026,Shopping da Bahia
1277,0,20/01/2026,Shopping da Bahia
1362,0,20/01/2026,Shopping da Bahia
1363,0,20/01/2026,Shopping da Bahia
1367,3,20/01/2026,Shopping da Bahia
1368,0,20/01/2026,Shopping da Bahia
1405,1,20/01/2026,Shopping da Bahia
1438,0,20/01/2026,Shopping da Bahia
1499,0,20/01/2026,Shopping da Bahia
1526,0,20/01/2026,Shopping da Bahia
1712,0,20/01/2026,Shopping da Bahia
1941,0,20/01/2026,Shopping da Bahia
2197,2,20/01/2026,Shopping da Bahia
2200,0,20/01/2026,Shopping da Bahia
2202,0,20/01/2026,Shopping da Bahia
2207,0,20/01/2026,Shopping da Bahia
2208,0,20/01/2026,Shopping da Bahia
2217,0,20/01/2026,Shopping da Bahia
2398,0,20/01/2026,Shopping da Bahia
2403,0,20/01/2026,Shopping da Bahia
2617,3,20/01/2026,Shopping da Bahia
2646,0,20/01/2026,Shopping da Bahia
2693,0,20/01/2026,Shopping da Bahia
2697,0,20/01/2026,Shopping da Bahia
2721,0,20/01/2026,Shopping da Bahia
2723,0,20/01/2026,Shopping da Bahia
2725,1,20/01/2026,Shopping da Bahia
2811,1,20/01/2026,Shopping da Bahia
2842,4,20/01/2026,Shopping da Bahia
2844,2,20/01/2026,Shopping da Bahia
2845,0,20/01/2026,Shopping da Bahia
2867,0,20/01/2026,Shopping da Bahia
2881,0,20/01/2026,Shopping da Bahia
2930,0,20/01/2026,Shopping da Bahia
3056,3,20/01/2026,Shopping da Bahia
3065,0,20/01/2026,Shopping da Bahia
3099,0,20/01/2026,Shopping da Bahia
3147,3,20/01/2026,Shopping da Bahia
3190,0,20/01/2026,Shopping da Bahia
3406,0,20/01/2026,Shopping da Bahia
3462,0,20/01/2026,Shopping da Bahia
3532,0,20/01/2026,Shopping da Bahia
3533,0,20/01/2026,Shopping da Bahia
3554,0,20/01/2026,Shopping da Bahia
3555,0,20/01/2026,Shopping da Bahia
3556,0,20/01/2026,Shopping da Bahia
3573,0,20/01/2026,Shopping da Bahia
3746,0,20/01/2026,Shopping da Bahia
3747,1,20/01/2026,Shopping da Bahia
3751,2,20/01/2026,Shopping da Bahia
3800,0,20/01/2026,Shopping da Bahia
3823,0,20/01/2026,Shopping da Bahia
3825,0,20/01/2026,Shopping da Bahia
3871,0,20/01/2026,Shopping da Bahia
3882,2,20/01/2026,Shopping da Bahia
3901,0,20/01/2026,Shopping da Bahia
3904,2,20/01/2026,Shopping da Bahia
3905,0,20/01/2026,Shopping da Bahia
3906,0,20/01/2026,Shopping da Bahia
3969,2,20/01/2026,Shopping da Bahia
4028,2,20/01/2026,Shopping da Bahia
4030,1,20/01/2026,Shopping da Bahia
4031,0,20/01/2026,Shopping da Bahia
4032,0,20/01/2026,Shopping da Bahia
4033,0,20/01/2026,Shopping da Bahia
4034,0,20/01/2026,Shopping da Bahia
4035,0,20/01/2026,Shopping da Bahia
4054,2,20/01/2026,Shopping da Bahia
4111,0,20/01/2026,Shopping da Bahia
4112,0,20/01/2026,Shopping da Bahia
4113,0,20/01/2026,Shopping da Bahia
4114,0,20/01/2026,Shopping da Bahia
4140,0,20/01/2026,Shopping da Bahia
4141,2,20/01/2026,Shopping da Bahia
4147,0,20/01/2026,Shopping da Bahia
4148,0,20/01/2026,Shopping da Bahia
4149,0,20/01/2026,Shopping da Bahia
4160,0,20/01/2026,Shopping da Bahia
4310,0,20/01/2026,Shopping da Bahia
4312,2,20/01/2026,Shopping da Bahia
4325,0,20/01/2026,Shopping da Bahia
4347,0,20/01/2026,Shopping da Bahia
4348,1,20/01/2026,Shopping da Bahia
4349,3,20/01/2026,Shopping da Bahia
4350,0,20/01/2026,Shopping da Bahia
4351,0,20/01/2026,Shopping da Bahia
4352,2,20/01/2026,Shopping da Bahia
4353,1,20/01/2026,Shopping da Bahia
4354,0,20/01/2026,Shopping da Bahia
4355,3,20/01/2026,Shopping da Bahia
4356,1,20/01/2026,Shopping da Bahia
4357,8,20/01/2026,Shopping da Bahia
4358,3,20/01/2026,Shopping da Bahia
4359,0,20/01/2026,Shopping da Bahia
4362,1,20/01/2026,Shopping da Bahia
4363,3,20/01/2026,Shopping da Bahia
4364,0,20/01/2026,Shopping da Bahia
4365,3,20/01/2026,Shopping da Bahia
4366,3,20/01/2026,Shopping da Bahia
4367,3,20/01/2026,Shopping da Bahia
4368,1,20/01/2026,Shopping da Bahia
4372,0,20/01/2026,Shopping da Bahia
4380,2,20/01/2026,Shopping da Bahia
4382,0,20/01/2026,Shopping da Bahia
4395,2,20/01/2026,Shopping da Bahia
4434,3,20/01/2026,Shopping da Bahia
4456,3,20/01/2026,Shopping da Bahia
4457,1,20/01/2026,Shopping da Bahia
4459,0,20/01/2026,Shopping da Bahia
4460,0,20/01/2026,Shopping da Bahia
4497,2,20/01/2026,Shopping da Bahia
4499,0,20/01/2026,Shopping da Bahia
4550,0,20/01/2026,Shopping da Bahia
4600,0,20/01/2026,Shopping da Bahia
4658,2,20/01/2026,Shopping da Bahia
4660,0,20/01/2026,Shopping da Bahia
4687,0,20/01/2026,Shopping da Bahia
4688,0,20/01/2026,Shopping da Bahia
4700,0,20/01/2026,Shopping da Bahia
4725,2,20/01/2026,Shopping da Bahia
4726,1,20/01/2026,Shopping da Bahia
4727,0,20/01/2026,Shopping da Bahia
4728,2,20/01/2026,Shopping da Bahia
4750,0,20/01/2026,Shopping da Bahia
4882,0,20/01/2026,Shopping da Bahia
4980,0,20/01/2026,Shopping da Bahia
4981,1,20/01/2026,Shopping da Bahia
5049,1,20/01/2026,Shopping da Bahia
5702,1,20/01/2026,Shopping da Bahia
5703,0,20/01/2026,Shopping da Bahia
5704,1,20/01/2026,Shopping da Bahia
5705,2,20/01/2026,Shopping da Bahia
6332,0,20/01/2026,Shopping da Bahia
8144,2,20/01/2026,Shopping da Bahia
8145,0,20/01/2026,Shopping da Bahia
8146,0,20/01/2026,Shopping da Bahia
8152,0,20/01/2026,Shopping da Bahia
8153,2,20/01/2026,Shopping da Bahia
8154,1,20/01/2026,Shopping da Bahia
8155,0,20/01/2026,Shopping da Bahia
8156,0,20/01/2026,Shopping da Bahia
8157,3,20/01/2026,Shopping da Bahia
8158,3,20/01/2026,Shopping da Bahia
8159,1,20/01/2026,Shopping da Bahia
8520,1,20/01/2026,Shopping da Bahia
8521,1,20/01/2026,Shopping da Bahia
20715,0,20/01/2026,Shopping da Bahia
20716,0,20/01/2026,Shopping da Bahia
20717,0,20/01/2026,Shopping da Bahia
20718,3,20/01/2026,Shopping da Bahia
20719,2,20/01/2026,Shopping da Bahia
20720,1,20/01/2026,Shopping da Bahia
20721,2,20/01/2026,Shopping da Bahia
20722,2,20/01/2026,Shopping da Bahia
20723,3,20/01/2026,Shopping da Bahia
20737,1,20/01/2026,Shopping da Bahia
20755,1,20/01/2026,Shopping da Bahia
20790,0,20/01/2026,Shopping da Bahia
20791,0,20/01/2026,Shopping da Bahia
20792,0,20/01/2026,Shopping da Bahia
20793,0,20/01/2026,Shopping da Bahia
20833,0,20/01/2026,Shopping da Bahia
20834,0,20/01/2026,Shopping da Bahia
20875,2,20/01/2026,Shopping da Bahia
20877,2,20/01/2026,Shopping da Bahia
20990,2,20/01/2026,Shopping da Bahia
21069,3,20/01/2026,Shopping da Bahia
21080,2,20/01/2026,Shopping da Bahia
21113,2,20/01/2026,Shopping da Bahia
21143,0,20/01/2026,Shopping da Bahia
21144,0,20/01/2026,Shopping da Bahia
21145,0,20/01/2026,Shopping da Bahia
21146,0,20/01/2026,Shopping da Bahia
21147,0,20/01/2026,Shopping da Bahia
21148,0,20/01/2026,Shopping da Bahia
21149,3,20/01/2026,Shopping da Bahia
21190,0,20/01/2026,Shopping da Bahia
21191,0,20/01/2026,Shopping da Bahia
21227,2,20/01/2026,Shopping da Bahia
21255,0,20/01/2026,Shopping da Bahia
21267,3,20/01/2026,Shopping da Bahia
21279,2,20/01/2026,Shopping da Bahia
21286,0,20/01/2026,Shopping da Bahia
21288,0,20/01/2026,Shopping da Bahia
21289,2,20/01/2026,Shopping da Bahia
21290,3,20/01/2026,Shopping da Bahia
21291,0,20/01/2026,Shopping da Bahia
21295,1,20/01/2026,Shopping da Bahia
21296,5,20/01/2026,Shopping da Bahia
21299,2,20/01/2026,Shopping da Bahia
21300,2,20/01/2026,Shopping da Bahia
21309,1,20/01/2026,Shopping da Bahia
21311,2,20/01/2026,Shopping da Bahia
21312,0,20/01/2026,Shopping da Bahia
21313,0,20/01/2026,Shopping da Bahia
21314,2,20/01/2026,Shopping da Bahia
21315,3,20/01/2026,Shopping da Bahia
21316,1,20/01/2026,Shopping da Bahia
21317,1,20/01/2026,Shopping da Bahia
21383,1,20/01/2026,Shopping da Bahia
21414,0,20/01/2026,Shopping da Bahia
21458,0,20/01/2026,Shopping da Bahia
21462,2,20/01/2026,Shopping da Bahia
21463,0,20/01/2026,Shopping da Bahia
21464,0,20/01/2026,Shopping da Bahia
21466,0,20/01/2026,Shopping da Bahia
21467,1,20/01/2026,Shopping da Bahia
21492,0,20/01/2026,Shopping da Bahia
21510,3,20/01/2026,Shopping da Bahia
21511,2,20/01/2026,Shopping da Bahia
21512,2,20/01/2026,Shopping da Bahia
21513,2,20/01/2026,Shopping da Bahia
21514,2,20/01/2026,Shopping da Bahia
21547,0,20/01/2026,Shopping da Bahia
21557,0,20/01/2026,Shopping da Bahia
21574,0,20/01/2026,Shopping da Bahia
21575,0,20/01/2026,Shopping da Bahia
21576,0,20/01/2026,Shopping da Bahia
21581,0,20/01/2026,Shopping da Bahia
21582,0,20/01/2026,Shopping da Bahia
21583,1,20/01/2026,Shopping da Bahia
21601,1,20/01/2026,Shopping da Bahia
21613,0,20/01/2026,Shopping da Bahia
21614,0,20/01/2026,Shopping da Bahia
21682,1,20/01/2026,Shopping da Bahia
21691,1,20/01/2026,Shopping da Bahia
21694,0,20/01/2026,Shopping da Bahia
21696,6,20/01/2026,Shopping da Bahia
21697,0,20/01/2026,Shopping da Bahia
21698,4,20/01/2026,Shopping da Bahia
21703,0,20/01/2026,Shopping da Bahia
21704,0,20/01/2026,Shopping da Bahia
21710,2,20/01/2026,Shopping da Bahia
21717,0,20/01/2026,Shopping da Bahia
21718,0,20/01/2026,Shopping da Bahia
21719,0,20/01/2026,Shopping da Bahia
21875,0,20/01/2026,Shopping da Bahia
21876,0,20/01/2026,Shopping da Bahia
21905,2,20/01/2026,Shopping da Bahia
21909,0,20/01/2026,Shopping da Bahia
21910,0,20/01/2026,Shopping da Bahia
21911,0,20/01/2026,Shopping da Bahia
21912,0,20/01/2026,Shopping da Bahia
21913,2,20/01/2026,Shopping da Bahia
21914,0,20/01/2026,Shopping da Bahia
21915,2,20/01/2026,Shopping da Bahia
21917,0,20/01/2026,Shopping da Bahia
21918,0,20/01/2026,Shopping da Bahia
21919,0,20/01/2026,Shopping da Bahia
21920,2,20/01/2026,Shopping da Bahia
21921,4,20/01/2026,Shopping da Bahia
21923,1,20/01/2026,Shopping da Bahia
21924,0,20/01/2026,Shopping da Bahia
21925,0,20/01/2026,Shopping da Bahia
21926,0,20/01/2026,Shopping da Bahia
21927,0,20/01/2026,Shopping da Bahia
22000,0,20/01/2026,Shopping da Bahia
22001,0,20/01/2026,Shopping da Bahia
22002,0,20/01/2026,Shopping da Bahia
22101,0,20/01/2026,Shopping da Bahia
22102,1,20/01/2026,Shopping da Bahia
22103,2,20/01/2026,Shopping da Bahia
22114,2,20/01/2026,Shopping da Bahia
22191,2,20/01/2026,Shopping da Bahia
22278,0,20/01/2026,Shopping da Bahia
22306,0,20/01/2026,Shopping da Bahia
22307,0,20/01/2026,Shopping da Bahia
22308,0,20/01/2026,Shopping da Bahia
22403,0,20/01/2026,Shopping da Bahia
22417,2,20/01/2026,Shopping da Bahia
22476,0,20/01/2026,Shopping da Bahia
22477,0,20/01/2026,Shopping da Bahia
22482,0,20/01/2026,Shopping da Bahia
22487,0,20/01/2026,Shopping da Bahia
22492,0,20/01/2026,Shopping da Bahia
22504,0,20/01/2026,Shopping da Bahia
22515,0,20/01/2026,Shopping da Bahia
22547,3,20/01/2026,Shopping da Bahia
22578,0,20/01/2026,Shopping da Bahia
22589,0,20/01/2026,Shopping da Bahia
22590,0,20/01/2026,Shopping da Bahia
22595,1,20/01/2026,Shopping da Bahia
22597,1,20/01/2026,Shopping da Bahia
22598,0,20/01/2026,Shopping da Bahia
22642,0,20/01/2026,Shopping da Bahia
22666,0,20/01/2026,Shopping da Bahia
22667,0,20/01/2026,Shopping da Bahia
22668,0,20/01/2026,Shopping da Bahia
22756,2,20/01/2026,Shopping da Bahia
22850,0,20/01/2026,Shopping da Bahia
22854,0,20/01/2026,Shopping da Bahia
22859,1,20/01/2026,Shopping da Bahia
22870,0,20/01/2026,Shopping da Bahia
22883,0,20/01/2026,Shopping da Bahia
22922,0,20/01/2026,Shopping da Bahia
22923,0,20/01/2026,Shopping da Bahia
22980,0,20/01/2026,Shopping da Bahia
22985,0,20/01/2026,Shopping da Bahia
22987,0,20/01/2026,Shopping da Bahia
22988,0,20/01/2026,Shopping da Bahia
22990,0,20/01/2026,Shopping da Bahia
23003,0,20/01/2026,Shopping da Bahia
23004,0,20/01/2026,Shopping da Bahia
23005,0,20/01/2026,Shopping da Bahia
23006,0,20/01/2026,Shopping da Bahia
23007,0,20/01/2026,Shopping da Bahia
23008,0,20/01/2026,Shopping da Bahia
23010,0,20/01/2026,Shopping da Bahia
23011,0,20/01/2026,Shopping da Bahia
23012,0,20/01/2026,Shopping da Bahia
23013,0,20/01/2026,Shopping da Bahia
23014,0,20/01/2026,Shopping da Bahia
23015,0,20/01/2026,Shopping da Bahia
23016,0,20/01/2026,Shopping da Bahia
23017,0,20/01/2026,Shopping da Bahia
23018,2,20/01/2026,Shopping da Bahia
23019,0,20/01/2026,Shopping da Bahia
23020,2,20/01/2026,Shopping da Bahia
23023,0,20/01/2026,Shopping da Bahia
23024,0,20/01/2026,Shopping da Bahia
23061,0,20/01/2026,Shopping da Bahia
23062,0,20/01/2026,Shopping da Bahia
23063,2,20/01/2026,Shopping da Bahia
23064,0,20/01/2026,Shopping da Bahia
23065,2,20/01/2026,Shopping da Bahia
23066,0,20/01/2026,Shopping da Bahia
23067,2,20/01/2026,Shopping da Bahia
23082,0,20/01/2026,Shopping da Bahia
23083,2,20/01/2026,Shopping da Bahia
23158,0,20/01/2026,Shopping da Bahia
23186,0,20/01/2026,Shopping da Bahia
23189,1,20/01/2026,Shopping da Bahia
23217,0,20/01/2026,Shopping da Bahia
23218,0,20/01/2026,Shopping da Bahia
23224,0,20/01/2026,Shopping da Bahia
23234,0,20/01/2026,Shopping da Bahia
23264,0,20/01/2026,Shopping da Bahia
23265,0,20/01/2026,Shopping da Bahia
23266,0,20/01/2026,Shopping da Bahia
23267,0,20/01/2026,Shopping da Bahia
23268,1,20/01/2026,Shopping da Bahia
23269,0,20/01/2026,Shopping da Bahia
23270,0,20/01/2026,Shopping da Bahia
23271,0,20/01/2026,Shopping da Bahia
23273,1,20/01/2026,Shopping da Bahia
23277,0,20/01/2026,Shopping da Bahia
23284,2,20/01/2026,Shopping da Bahia
23285,3,20/01/2026,Shopping da Bahia
23286,3,20/01/2026,Shopping da Bahia
23321,1,20/01/2026,Shopping da Bahia
23323,0,20/01/2026,Shopping da Bahia
23325,0,20/01/2026,Shopping da Bahia
23341,2,20/01/2026,Shopping da Bahia
23342,2,20/01/2026,Shopping da Bahia
23364,0,20/01/2026,Shopping da Bahia
23376,1,20/01/2026,Shopping da Bahia
23397,0,20/01/2026,Shopping da Bahia
23443,0,20/01/2026,Shopping da Bahia
23461,0,20/01/2026,Shopping da Bahia
23472,0,20/01/2026,Shopping da Bahia
23473,0,20/01/2026,Shopping da Bahia
23476,0,20/01/2026,Shopping da Bahia
23590,2,20/01/2026,Shopping da Bahia
23703,0,20/01/2026,Shopping da Bahia
23714,0,20/01/2026,Shopping da Bahia
23715,0,20/01/2026,Shopping da Bahia
23716,0,20/01/2026,Shopping da Bahia
23717,0,20/01/2026,Shopping da Bahia
23718,0,20/01/2026,Shopping da Bahia
23719,0,20/01/2026,Shopping da Bahia
23720,0,20/01/2026,Shopping da Bahia
23725,0,20/01/2026,Shopping da Bahia
23726,0,20/01/2026,Shopping da Bahia
23727,0,20/01/2026,Shopping da Bahia
23728,0,20/01/2026,Shopping da Bahia
23730,0,20/01/2026,Shopping da Bahia
23731,0,20/01/2026,Shopping da Bahia
23737,0,20/01/2026,Shopping da Bahia
23738,0,20/01/2026,Shopping da Bahia
23739,0,20/01/2026,Shopping da Bahia
23740,0,20/01/2026,Shopping da Bahia
23741,0,20/01/2026,Shopping da Bahia
23742,0,20/01/2026,Shopping da Bahia
23744,0,20/01/2026,Shopping da Bahia
23745,0,20/01/2026,Shopping da Bahia
23746,0,20/01/2026,Shopping da Bahia
23747,0,20/01/2026,Shopping da Bahia
23748,0,20/01/2026,Shopping da Bahia
23755,0,20/01/2026,Shopping da Bahia
23807,0,20/01/2026,Shopping da Bahia
23810,0,20/01/2026,Shopping da Bahia
23814,0,20/01/2026,Shopping da Bahia
23817,0,20/01/2026,Shopping da Bahia
23818,0,20/01/2026,Shopping da Bahia
23819,0,20/01/2026,Shopping da Bahia
23820,1,20/01/2026,Shopping da Bahia
23821,0,20/01/2026,Shopping da Bahia
23822,0,20/01/2026,Shopping da Bahia
23827,0,20/01/2026,Shopping da Bahia
23828,0,20/01/2026,Shopping da Bahia
23829,0,20/01/2026,Shopping da Bahia
23830,0,20/01/2026,Shopping da Bahia
23887,0,20/01/2026,Shopping da Bahia
23893,2,20/01/2026,Shopping da Bahia
23894,3,20/01/2026,Shopping da Bahia
23895,3,20/01/2026,Shopping da Bahia
23896,2,20/01/2026,Shopping da Bahia
23897,2,20/01/2026,Shopping da Bahia
23898,2,20/01/2026,Shopping da Bahia
23899,0,20/01/2026,Shopping da Bahia
23900,2,20/01/2026,Shopping da Bahia
23901,2,20/01/2026,Shopping da Bahia
23902,0,20/01/2026,Shopping da Bahia
23903,1,20/01/2026,Shopping da Bahia
23904,2,20/01/2026,Shopping da Bahia
23905,3,20/01/2026,Shopping da Bahia
23906,2,20/01/2026,Shopping da Bahia
23907,1,20/01/2026,Shopping da Bahia
23908,2,20/01/2026,Shopping da Bahia
23909,3,20/01/2026,Shopping da Bahia
23910,2,20/01/2026,Shopping da Bahia
23911,2,20/01/2026,Shopping da Bahia
23912,0,20/01/2026,Shopping da Bahia
23913,1,20/01/2026,Shopping da Bahia
23914,0,20/01/2026,Shopping da Bahia
23915,4,20/01/2026,Shopping da Bahia
23916,2,20/01/2026,Shopping da Bahia
23917,2,20/01/2026,Shopping da Bahia
23918,1,20/01/2026,Shopping da Bahia
23919,2,20/01/2026,Shopping da Bahia
23920,0,20/01/2026,Shopping da Bahia
23921,0,20/01/2026,Shopping da Bahia
23922,0,20/01/2026,Shopping da Bahia
23923,0,20/01/2026,Shopping da Bahia
23924,0,20/01/2026,Shopping da Bahia
23925,0,20/01/2026,Shopping da Bahia
23926,0,20/01/2026,Shopping da Bahia
23927,0,20/01/2026,Shopping da Bahia
23928,3,20/01/2026,Shopping da Bahia
23929,2,20/01/2026,Shopping da Bahia
23930,0,20/01/2026,Shopping da Bahia
23931,1,20/01/2026,Shopping da Bahia
23932,1,20/01/2026,Shopping da Bahia
23934,2,20/01/2026,Shopping da Bahia
23935,1,20/01/2026,Shopping da Bahia
23936,2,20/01/2026,Shopping da Bahia
23937,1,20/01/2026,Shopping da Bahia
23938,2,20/01/2026,Shopping da Bahia
23939,0,20/01/2026,Shopping da Bahia
23940,2,20/01/2026,Shopping da Bahia
23941,3,20/01/2026,Shopping da Bahia
23942,1,20/01/2026,Shopping da Bahia
23943,2,20/01/2026,Shopping da Bahia
23944,2,20/01/2026,Shopping da Bahia
23945,2,20/01/2026,Shopping da Bahia
23946,2,20/01/2026,Shopping da Bahia
23947,3,20/01/2026,Shopping da Bahia
23948,0,20/01/2026,Shopping da Bahia
23949,0,20/01/2026,Shopping da Bahia
23950,0,20/01/2026,Shopping da Bahia
23951,1,20/01/2026,Shopping da Bahia
23952,2,20/01/2026,Shopping da Bahia
23953,0,20/01/2026,Shopping da Bahia
23954,0,20/01/2026,Shopping da Bahia
23955,1,20/01/2026,Shopping da Bahia
23956,1,20/01/2026,Shopping da Bahia
23958,0,20/01/2026,Shopping da Bahia
23960,2,20/01/2026,Shopping da Bahia
23961,3,20/01/2026,Shopping da Bahia
23962,0,20/01/2026,Shopping da Bahia
23963,1,20/01/2026,Shopping da Bahia
23964,0,20/01/2026,Shopping da Bahia
23965,3,20/01/2026,Shopping da Bahia
23966,0,20/01/2026,Shopping da Bahia
23967,2,20/01/2026,Shopping da Bahia
23968,2,20/01/2026,Shopping da Bahia
23969,2,20/01/2026,Shopping da Bahia
23970,0,20/01/2026,Shopping da Bahia
23971,0,20/01/2026,Shopping da Bahia
23972,1,20/01/2026,Shopping da Bahia
23973,1,20/01/2026,Shopping da Bahia
23974,2,20/01/2026,Shopping da Bahia
23975,2,20/01/2026,Shopping da Bahia
23976,3,20/01/2026,Shopping da Bahia
23977,2,20/01/2026,Shopping da Bahia
23978,1,20/01/2026,Shopping da Bahia
23979,0,20/01/2026,Shopping da Bahia
23980,3,20/01/2026,Shopping da Bahia
23981,3,20/01/2026,Shopping da Bahia
23982,1,20/01/2026,Shopping da Bahia
23983,1,20/01/2026,Shopping da Bahia
23984,0,20/01/2026,Shopping da Bahia
23985,2,20/01/2026,Shopping da Bahia
23986,0,20/01/2026,Shopping da Bahia
23987,1,20/01/2026,Shopping da Bahia
23988,1,20/01/2026,Shopping da Bahia
23989,2,20/01/2026,Shopping da Bahia
23990,1,20/01/2026,Shopping da Bahia
23991,5,20/01/2026,Shopping da Bahia
23992,0,20/01/2026,Shopping da Bahia
23993,3,20/01/2026,Shopping da Bahia
23994,1,20/01/2026,Shopping da Bahia
23995,1,20/01/2026,Shopping da Bahia
23996,2,20/01/2026,Shopping da Bahia
23997,1,20/01/2026,Shopping da Bahia
23998,2,20/01/2026,Shopping da Bahia
24000,0,20/01/2026,Shopping da Bahia
24001,2,20/01/2026,Shopping da Bahia
24002,0,20/01/2026,Shopping da Bahia
24003,2,20/01/2026,Shopping da Bahia
24004,1,20/01/2026,Shopping da Bahia
24005,2,20/01/2026,Shopping da Bahia
24006,0,20/01/2026,Shopping da Bahia
24007,3,20/01/2026,Shopping da Bahia
24008,0,20/01/2026,Shopping da Bahia
24009,0,20/01/2026,Shopping da Bahia
24010,0,20/01/2026,Shopping da Bahia
24011,2,20/01/2026,Shopping da Bahia
24012,0,20/01/2026,Shopping da Bahia
24013,0,20/01/2026,Shopping da Bahia
24014,1,20/01/2026,Shopping da Bahia
24015,0,20/01/2026,Shopping da Bahia
24016,1,20/01/2026,Shopping da Bahia
24017,0,20/01/2026,Shopping da Bahia
24018,0,20/01/2026,Shopping da Bahia
24019,0,20/01/2026,Shopping da Bahia
24021,0,20/01/2026,Shopping da Bahia
24022,0,20/01/2026,Shopping da Bahia
24023,0,20/01/2026,Shopping da Bahia
24024,0,20/01/2026,Shopping da Bahia
24025,3,20/01/2026,Shopping da Bahia
24026,1,20/01/2026,Shopping da Bahia
24027,3,20/01/2026,Shopping da Bahia
24028,0,20/01/2026,Shopping da Bahia
24029,3,20/01/2026,Shopping da Bahia
24030,0,20/01/2026,Shopping da Bahia
24031,3,20/01/2026,Shopping da Bahia
24032,2,20/01/2026,Shopping da Bahia
24033,3,20/01/2026,Shopping da Bahia
24036,0,20/01/2026,Shopping da Bahia
24037,0,20/01/2026,Shopping da Bahia
24100,0,20/01/2026,Shopping da Bahia
24101,1,20/01/2026,Shopping da Bahia
24102,3,20/01/2026,Shopping da Bahia
24103,2,20/01/2026,Shopping da Bahia
24104,2,20/01/2026,Shopping da Bahia
24105,3,20/01/2026,Shopping da Bahia
24106,4,20/01/2026,Shopping da Bahia
24107,2,20/01/2026,Shopping da Bahia
24108,1,20/01/2026,Shopping da Bahia
24109,3,20/01/2026,Shopping da Bahia
24110,4,20/01/2026,Shopping da Bahia
24111,0,20/01/2026,Shopping da Bahia
24112,2,20/01/2026,Shopping da Bahia
24113,0,20/01/2026,Shopping da Bahia
24115,1,20/01/2026,Shopping da Bahia
24116,0,20/01/2026,Shopping da Bahia
24117,2,20/01/2026,Shopping da Bahia
24118,4,20/01/2026,Shopping da Bahia
24119,0,20/01/2026,Shopping da Bahia
24120,0,20/01/2026,Shopping da Bahia
24121,1,20/01/2026,Shopping da Bahia
24122,3,20/01/2026,Shopping da Bahia
24123,1,20/01/2026,Shopping da Bahia
24124,0,20/01/2026,Shopping da Bahia
24125,3,20/01/2026,Shopping da Bahia
24126,0,20/01/2026,Shopping da Bahia
24127,0,20/01/2026,Shopping da Bahia
24128,0,20/01/2026,Shopping da Bahia
24129,0,20/01/2026,Shopping da Bahia
24130,0,20/01/2026,Shopping da Bahia
24131,0,20/01/2026,Shopping da Bahia
24134,0,20/01/2026,Shopping da Bahia
24135,0,20/01/2026,Shopping da Bahia
24136,2,20/01/2026,Shopping da Bahia
24137,2,20/01/2026,Shopping da Bahia
24140,3,20/01/2026,Shopping da Bahia
24142,0,20/01/2026,Shopping da Bahia
24149,0,20/01/2026,Shopping da Bahia
24154,0,20/01/2026,Shopping da Bahia
24158,3,20/01/2026,Shopping da Bahia
24159,2,20/01/2026,Shopping da Bahia
24160,2,20/01/2026,Shopping da Bahia
24163,2,20/01/2026,Shopping da Bahia
24164,3,20/01/2026,Shopping da Bahia
24165,0,20/01/2026,Shopping da Bahia
24166,0,20/01/2026,Shopping da Bahia
24167,0,20/01/2026,Shopping da Bahia
24168,0,20/01/2026,Shopping da Bahia
24169,1,20/01/2026,Shopping da Bahia
24170,1,20/01/2026,Shopping da Bahia
24171,2,20/01/2026,Shopping da Bahia
24172,2,20/01/2026,Shopping da Bahia
24173,3,20/01/2026,Shopping da Bahia
24174,0,20/01/2026,Shopping da Bahia
24176,0,20/01/2026,Shopping da Bahia
24177,0,20/01/2026,Shopping da Bahia
24178,1,20/01/2026,Shopping da Bahia
24179,1,20/01/2026,Shopping da Bahia
24180,0,20/01/2026,Shopping da Bahia
24188,0,20/01/2026,Shopping da Bahia
24200,2,20/01/2026,Shopping da Bahia
24204,2,20/01/2026,Shopping da Bahia
24219,0,20/01/2026,Shopping da Bahia
24220,0,20/01/2026,Shopping da Bahia
24221,0,20/01/2026,Shopping da Bahia
24234,0,20/01/2026,Shopping da Bahia
24238,0,20/01/2026,Shopping da Bahia
24324,7,20/01/2026,Shopping da Bahia
24325,2,20/01/2026,Shopping da Bahia
24326,2,20/01/2026,Shopping da Bahia
24327,2,20/01/2026,Shopping da Bahia
24328,2,20/01/2026,Shopping da Bahia
24329,1,20/01/2026,Shopping da Bahia
24330,2,20/01/2026,Shopping da Bahia
24344,3,20/01/2026,Shopping da Bahia
24387,4,20/01/2026,Shopping da Bahia
24401,3,20/01/2026,Shopping da Bahia
24412,2,20/01/2026,Shopping da Bahia
24413,2,20/01/2026,Shopping da Bahia
24415,2,20/01/2026,Shopping da Bahia
24416,3,20/01/2026,Shopping da Bahia
24417,1,20/01/2026,Shopping da Bahia
24418,0,20/01/2026,Shopping da Bahia
24419,0,20/01/2026,Shopping da Bahia
24421,2,20/01/2026,Shopping da Bahia
24422,2,20/01/2026,Shopping da Bahia
24423,0,20/01/2026,Shopping da Bahia
24424,0,20/01/2026,Shopping da Bahia
24426,1,20/01/2026,Shopping da Bahia
24427,0,20/01/2026,Shopping da Bahia
24428,1,20/01/2026,Shopping da Bahia
24429,0,20/01/2026,Shopping da Bahia
24430,0,20/01/2026,Shopping da Bahia
24431,0,20/01/2026,Shopping da Bahia
24432,2,20/01/2026,Shopping da Bahia
24433,0,20/01/2026,Shopping da Bahia
24435,0,20/01/2026,Shopping da Bahia
24436,0,20/01/2026,Shopping da Bahia
24438,2,20/01/2026,Shopping da Bahia
24439,0,20/01/2026,Shopping da Bahia
24442,2,20/01/2026,Shopping da Bahia
24443,0,20/01/2026,Shopping da Bahia
24445,0,20/01/2026,Shopping da Bahia
24446,0,20/01/2026,Shopping da Bahia
24447,3,20/01/2026,Shopping da Bahia
24448,0,20/01/2026,Shopping da Bahia
24449,1,20/01/2026,Shopping da Bahia
24450,2,20/01/2026,Shopping da Bahia
24452,0,20/01/2026,Shopping da Bahia
24454,2,20/01/2026,Shopping da Bahia
24455,2,20/01/2026,Shopping da Bahia
24469,0,20/01/2026,Shopping da Bahia
24470,1,20/01/2026,Shopping da Bahia
24533,0,20/01/2026,Shopping da Bahia
24534,2,20/01/2026,Shopping da Bahia
24579,6,20/01/2026,Shopping da Bahia
24580,0,20/01/2026,Shopping da Bahia
24581,0,20/01/2026,Shopping da Bahia
24582,0,20/01/2026,Shopping da Bahia
24583,0,20/01/2026,Shopping da Bahia
24584,0,20/01/2026,Shopping da Bahia
24585,0,20/01/2026,Shopping da Bahia
24586,2,20/01/2026,Shopping da Bahia
24587,4,20/01/2026,Shopping da Bahia
24588,3,20/01/2026,Shopping da Bahia
24589,3,20/01/2026,Shopping da Bahia
24590,1,20/01/2026,Shopping da Bahia
24591,3,20/01/2026,Shopping da Bahia
24592,1,20/01/2026,Shopping da Bahia
24593,0,20/01/2026,Shopping da Bahia
24594,2,20/01/2026,Shopping da Bahia
24595,2,20/01/2026,Shopping da Bahia
24596,0,20/01/2026,Shopping da Bahia
24597,0,20/01/2026,Shopping da Bahia
24598,1,20/01/2026,Shopping da Bahia
24599,1,20/01/2026,Shopping da Bahia
24600,1,20/01/2026,Shopping da Bahia
24601,1,20/01/2026,Shopping da Bahia
24602,0,20/01/2026,Shopping da Bahia
24603,0,20/01/2026,Shopping da Bahia
24604,2,20/01/2026,Shopping da Bahia
24605,0,20/01/2026,Shopping da Bahia
24606,0,20/01/2026,Shopping da Bahia
24607,0,20/01/2026,Shopping da Bahia
24608,1,20/01/2026,Shopping da Bahia
24609,0,20/01/2026,Shopping da Bahia
24610,0,20/01/2026,Shopping da Bahia
24611,1,20/01/2026,Shopping da Bahia
24612,0,20/01/2026,Shopping da Bahia
24613,0,20/01/2026,Shopping da Bahia
24614,0,20/01/2026,Shopping da Bahia
24615,0,20/01/2026,Shopping da Bahia
24616,0,20/01/2026,Shopping da Bahia
24617,0,20/01/2026,Shopping da Bahia
24618,3,20/01/2026,Shopping da Bahia
24619,2,20/01/2026,Shopping da Bahia
24620,2,20/01/2026,Shopping da Bahia
24621,1,20/01/2026,Shopping da Bahia
24622,0,20/01/2026,Shopping da Bahia
24623,0,20/01/2026,Shopping da Bahia
24624,0,20/01/2026,Shopping da Bahia
24625,0,20/01/2026,Shopping da Bahia
24626,0,20/01/2026,Shopping da Bahia
24627,0,20/01/2026,Shopping da Bahia
24628,0,20/01/2026,Shopping da Bahia
24629,0,20/01/2026,Shopping da Bahia
24630,0,20/01/2026,Shopping da Bahia
24631,0,20/01/2026,Shopping da Bahia
24632,0,20/01/2026,Shopping da Bahia
24633,0,20/01/2026,Shopping da Bahia
24634,0,20/01/2026,Shopping da Bahia
24635,0,20/01/2026,Shopping da Bahia
24653,0,20/01/2026,Shopping da Bahia
24682,5,20/01/2026,Shopping da Bahia
24690,1,20/01/2026,Shopping da Bahia
24693,0,20/01/2026,Shopping da Bahia
24714,1,20/01/2026,Shopping da Bahia
24722,0,20/01/2026,Shopping da Bahia
24739,0,20/01/2026,Shopping da Bahia
24757,0,20/01/2026,Shopping da Bahia
24765,1,20/01/2026,Shopping da Bahia
24766,0,20/01/2026,Shopping da Bahia
24767,0,20/01/2026,Shopping da Bahia
24768,0,20/01/2026,Shopping da Bahia
24786,0,20/01/2026,Shopping da Bahia
24806,1,20/01/2026,Shopping da Bahia
24808,2,20/01/2026,Shopping da Bahia
24809,2,20/01/2026,Shopping da Bahia
24811,2,20/01/2026,Shopping da Bahia
24812,3,20/01/2026,Shopping da Bahia
24814,3,20/01/2026,Shopping da Bahia
24874,0,20/01/2026,Shopping da Bahia
24875,0,20/01/2026,Shopping da Bahia
24876,0,20/01/2026,Shopping da Bahia
24877,0,20/01/2026,Shopping da Bahia
24878,0,20/01/2026,Shopping da Bahia
24879,0,20/01/2026,Shopping da Bahia
24880,0,20/01/2026,Shopping da Bahia
24881,0,20/01/2026,Shopping da Bahia
24882,0,20/01/2026,Shopping da Bahia
24883,0,20/01/2026,Shopping da Bahia
24884,0,20/01/2026,Shopping da Bahia
24885,0,20/01/2026,Shopping da Bahia
24886,0,20/01/2026,Shopping da Bahia
24887,0,20/01/2026,Shopping da Bahia
24888,0,20/01/2026,Shopping da Bahia
24889,0,20/01/2026,Shopping da Bahia
24891,0,20/01/2026,Shopping da Bahia
24892,1,20/01/2026,Shopping da Bahia
24894,0,20/01/2026,Shopping da Bahia
24899,2,20/01/2026,Shopping da Bahia
24900,5,20/01/2026,Shopping da Bahia
24901,0,20/01/2026,Shopping da Bahia
24923,0,20/01/2026,Shopping da Bahia
24924,3,20/01/2026,Shopping da Bahia
24925,1,20/01/2026,Shopping da Bahia
24927,2,20/01/2026,Shopping da Bahia
24928,2,20/01/2026,Shopping da Bahia
24929,1,20/01/2026,Shopping da Bahia
24930,2,20/01/2026,Shopping da Bahia
24932,2,20/01/2026,Shopping da Bahia
24933,2,20/01/2026,Shopping da Bahia
24934,2,20/01/2026,Shopping da Bahia
24935,2,20/01/2026,Shopping da Bahia
24947,2,20/01/2026,Shopping da Bahia
24948,2,20/01/2026,Shopping da Bahia
24949,2,20/01/2026,Shopping da Bahia
24950,2,20/01/2026,Shopping da Bahia
24951,1,20/01/2026,Shopping da Bahia
24952,2,20/01/2026,Shopping da Bahia
24953,2,20/01/2026,Shopping da Bahia
24954,2,20/01/2026,Shopping da Bahia
24955,2,20/01/2026,Shopping da Bahia
24956,2,20/01/2026,Shopping da Bahia
24957,2,20/01/2026,Shopping da Bahia
24958,2,20/01/2026,Shopping da Bahia
24959,1,20/01/2026,Shopping da Bahia
24960,2,20/01/2026,Shopping da Bahia
24961,1,20/01/2026,Shopping da Bahia
24962,0,20/01/2026,Shopping da Bahia
24964,2,20/01/2026,Shopping da Bahia
24965,2,20/01/2026,Shopping da Bahia
24966,2,20/01/2026,Shopping da Bahia
24967,2,20/01/2026,Shopping da Bahia
24968,2,20/01/2026,Shopping da Bahia
24969,1,20/01/2026,Shopping da Bahia
24970,2,20/01/2026,Shopping da Bahia
24971,2,20/01/2026,Shopping da Bahia
24972,2,20/01/2026,Shopping da Bahia
24973,1,20/01/2026,Shopping da Bahia
24974,2,20/01/2026,Shopping da Bahia
24975,2,20/01/2026,Shopping da Bahia
24976,2,20/01/2026,Shopping da Bahia
24977,2,20/01/2026,Shopping da Bahia
24978,2,20/01/2026,Shopping da Bahia
24979,2,20/01/2026,Shopping da Bahia
24980,2,20/01/2026,Shopping da Bahia
24981,2,20/01/2026,Shopping da Bahia
24982,2,20/01/2026,Shopping da Bahia
24983,2,20/01/2026,Shopping da Bahia
24984,2,20/01/2026,Shopping da Bahia
24985,0,20/01/2026,Shopping da Bahia
24987,0,20/01/2026,Shopping da Bahia
25007,2,20/01/2026,Shopping da Bahia
25008,2,20/01/2026,Shopping da Bahia
25011,0,20/01/2026,Shopping da Bahia
25012,0,20/01/2026,Shopping da Bahia
25013,0,20/01/2026,Shopping da Bahia
25015,0,20/01/2026,Shopping da Bahia
25018,0,20/01/2026,Shopping da Bahia
25104,2,20/01/2026,Shopping da Bahia
25160,3,20/01/2026,Shopping da Bahia
25176,1,20/01/2026,Shopping da Bahia
25178,2,20/01/2026,Shopping da Bahia
25227,0,20/01/2026,Shopping da Bahia
25228,2,20/01/2026,Shopping da Bahia
25229,0,20/01/2026,Shopping da Bahia
25232,2,20/01/2026,Shopping da Bahia
25238,0,20/01/2026,Shopping da Bahia
25247,3,20/01/2026,Shopping da Bahia
25248,2,20/01/2026,Shopping da Bahia
25259,1,20/01/2026,Shopping da Bahia
25260,1,20/01/2026,Shopping da Bahia
25261,0,20/01/2026,Shopping da Bahia
25262,0,20/01/2026,Shopping da Bahia
25263,0,20/01/2026,Shopping da Bahia
25264,0,20/01/2026,Shopping da Bahia
25265,3,20/01/2026,Shopping da Bahia
25266,2,20/01/2026,Shopping da Bahia
25267,1,20/01/2026,Shopping da Bahia
25273,0,20/01/2026,Shopping da Bahia
25288,0,20/01/2026,Shopping da Bahia
25289,0,20/01/2026,Shopping da Bahia
25330,0,20/01/2026,Shopping da Bahia
25331,0,20/01/2026,Shopping da Bahia
25368,2,20/01/2026,Shopping da Bahia
25370,1,20/01/2026,Shopping da Bahia
25371,2,20/01/2026,Shopping da Bahia
25373,5,20/01/2026,Shopping da Bahia
25378,1,20/01/2026,Shopping da Bahia
25414,0,20/01/2026,Shopping da Bahia
25415,1,20/01/2026,Shopping da Bahia
25416,0,20/01/2026,Shopping da Bahia
25418,0,20/01/2026,Shopping da Bahia
25419,0,20/01/2026,Shopping da Bahia
25420,0,20/01/2026,Shopping da Bahia
25423,0,20/01/2026,Shopping da Bahia
25424,1,20/01/2026,Shopping da Bahia
25425,0,20/01/2026,Shopping da Bahia
25426,1,20/01/2026,Shopping da Bahia
25427,0,20/01/2026,Shopping da Bahia
25428,0,20/01/2026,Shopping da Bahia
25429,0,20/01/2026,Shopping da Bahia
25430,0,20/01/2026,Shopping da Bahia
25431,0,20/01/2026,Shopping da Bahia
25432,0,20/01/2026,Shopping da Bahia
25433,2,20/01/2026,Shopping da Bahia
25434,0,20/01/2026,Shopping da Bahia
25435,0,20/01/2026,Shopping da Bahia
25437,0,20/01/2026,Shopping da Bahia
25438,0,20/01/2026,Shopping da Bahia
25440,0,20/01/2026,Shopping da Bahia
25441,0,20/01/2026,Shopping da Bahia
25442,0,20/01/2026,Shopping da Bahia
25443,2,20/01/2026,Shopping da Bahia
25444,0,20/01/2026,Shopping da Bahia
25445,0,20/01/2026,Shopping da Bahia
25447,0,20/01/2026,Shopping da Bahia
25448,0,20/01/2026,Shopping da Bahia
25449,0,20/01/2026,Shopping da Bahia
25450,2,20/01/2026,Shopping da Bahia
25451,1,20/01/2026,Shopping da Bahia
25487,2,20/01/2026,Shopping da Bahia
25488,1,20/01/2026,Shopping da Bahia
25489,1,20/01/2026,Shopping da Bahia
25490,0,20/01/2026,Shopping da Bahia
25491,0,20/01/2026,Shopping da Bahia
25492,3,20/01/2026,Shopping da Bahia
25493,1,20/01/2026,Shopping da Bahia
25494,2,20/01/2026,Shopping da Bahia
25495,2,20/01/2026,Shopping da Bahia
25499,1,20/01/2026,Shopping da Bahia
25633,1,20/01/2026,Shopping da Bahia
25634,1,20/01/2026,Shopping da Bahia
25671,0,20/01/2026,Shopping da Bahia
25718,0,20/01/2026,Shopping da Bahia
25719,3,20/01/2026,Shopping da Bahia
25720,4,20/01/2026,Shopping da Bahia
25721,2,20/01/2026,Shopping da Bahia
25722,8,20/01/2026,Shopping da Bahia
25723,2,20/01/2026,Shopping da Bahia
25724,1,20/01/2026,Shopping da Bahia
25725,0,20/01/2026,Shopping da Bahia
25726,1,20/01/2026,Shopping da Bahia
25727,0,20/01/2026,Shopping da Bahia
25728,1,20/01/2026,Shopping da Bahia
25729,0,20/01/2026,Shopping da Bahia
25730,0,20/01/2026,Shopping da Bahia
25731,0,20/01/2026,Shopping da Bahia
25732,0,20/01/2026,Shopping da Bahia
25733,0,20/01/2026,Shopping da Bahia
25734,0,20/01/2026,Shopping da Bahia
25735,0,20/01/2026,Shopping da Bahia
25736,1,20/01/2026,Shopping da Bahia
25737,0,20/01/2026,Shopping da Bahia
25738,1,20/01/2026,Shopping da Bahia
25739,2,20/01/2026,Shopping da Bahia
25740,0,20/01/2026,Shopping da Bahia
25741,0,20/01/2026,Shopping da Bahia
25742,0,20/01/2026,Shopping da Bahia
25743,2,20/01/2026,Shopping da Bahia
25744,0,20/01/2026,Shopping da Bahia
25745,1,20/01/2026,Shopping da Bahia
25746,1,20/01/2026,Shopping da Bahia
25747,5,20/01/2026,Shopping da Bahia
25748,2,20/01/2026,Shopping da Bahia
25749,2,20/01/2026,Shopping da Bahia
25750,3,20/01/2026,Shopping da Bahia
25751,3,20/01/2026,Shopping da Bahia
25752,3,20/01/2026,Shopping da Bahia
25753,0,20/01/2026,Shopping da Bahia
25755,0,20/01/2026,Shopping da Bahia
25756,2,20/01/2026,Shopping da Bahia
25757,0,20/01/2026,Shopping da Bahia
25788,0,20/01/2026,Shopping da Bahia
25796,0,20/01/2026,Shopping da Bahia
25797,0,20/01/2026,Shopping da Bahia
25800,0,20/01/2026,Shopping da Bahia
25808,1,20/01/2026,Shopping da Bahia
25810,2,20/01/2026,Shopping da Bahia
25811,0,20/01/2026,Shopping da Bahia
25812,1,20/01/2026,Shopping da Bahia
25813,0,20/01/2026,Shopping da Bahia
25814,0,20/01/2026,Shopping da Bahia
25815,0,20/01/2026,Shopping da Bahia
25816,0,20/01/2026,Shopping da Bahia
25817,0,20/01/2026,Shopping da Bahia
25818,0,20/01/2026,Shopping da Bahia
25819,0,20/01/2026,Shopping da Bahia
25831,0,20/01/2026,Shopping da Bahia
25838,0,20/01/2026,Shopping da Bahia
25840,0,20/01/2026,Shopping da Bahia
25842,0,20/01/2026,Shopping da Bahia
25846,0,20/01/2026,Shopping da Bahia
25849,0,20/01/2026,Shopping da Bahia
25854,0,20/01/2026,Shopping da Bahia
25855,0,20/01/2026,Shopping da Bahia
25856,0,20/01/2026,Shopping da Bahia
25857,0,20/01/2026,Shopping da Bahia
25858,0,20/01/2026,Shopping da Bahia
25859,0,20/01/2026,Shopping da Bahia
25860,0,20/01/2026,Shopping da Bahia
25862,0,20/01/2026,Shopping da Bahia
25868,0,20/01/2026,Shopping da Bahia
25869,0,20/01/2026,Shopping da Bahia
25880,0,20/01/2026,Shopping da Bahia
25881,0,20/01/2026,Shopping da Bahia
25883,0,20/01/2026,Shopping da Bahia
26056,0,20/01/2026,Shopping da Bahia
26057,0,20/01/2026,Shopping da Bahia
26067,0,20/01/2026,Shopping da Bahia
26092,2,20/01/2026,Shopping da Bahia
26093,0,20/01/2026,Shopping da Bahia
26094,2,20/01/2026,Shopping da Bahia
26101,0,20/01/2026,Shopping da Bahia
26131,0,20/01/2026,Shopping da Bahia
26132,1,20/01/2026,Shopping da Bahia
26139,3,20/01/2026,Shopping da Bahia
26140,0,20/01/2026,Shopping da Bahia
26177,1,20/01/2026,Shopping da Bahia
26178,2,20/01/2026,Shopping da Bahia
26179,2,20/01/2026,Shopping da Bahia
26180,1,20/01/2026,Shopping da Bahia
26181,2,20/01/2026,Shopping da Bahia
26182,1,20/01/2026,Shopping da Bahia
26183,0,20/01/2026,Shopping da Bahia
26184,2,20/01/2026,Shopping da Bahia
26185,3,20/01/2026,Shopping da Bahia
26190,3,20/01/2026,Shopping da Bahia
26202,2,20/01/2026,Shopping da Bahia
26203,2,20/01/2026,Shopping da Bahia
26204,3,20/01/2026,Shopping da Bahia
26205,2,20/01/2026,Shopping da Bahia
26206,3,20/01/2026,Shopping da Bahia
26207,2,20/01/2026,Shopping da Bahia
26208,4,20/01/2026,Shopping da Bahia
26209,1,20/01/2026,Shopping da Bahia
26210,2,20/01/2026,Shopping da Bahia
26211,1,20/01/2026,Shopping da Bahia
26212,1,20/01/2026,Shopping da Bahia
26213,0,20/01/2026,Shopping da Bahia
26214,2,20/01/2026,Shopping da Bahia
26215,2,20/01/2026,Shopping da Bahia
26216,2,20/01/2026,Shopping da Bahia
26217,2,20/01/2026,Shopping da Bahia
26218,2,20/01/2026,Shopping da Bahia
26219,0,20/01/2026,Shopping da Bahia
26220,2,20/01/2026,Shopping da Bahia
26221,1,20/01/2026,Shopping da Bahia
26243,1,20/01/2026,Shopping da Bahia
26244,1,20/01/2026,Shopping da Bahia
26245,0,20/01/2026,Shopping da Bahia
26258,0,20/01/2026,Shopping da Bahia
26260,0,20/01/2026,Shopping da Bahia
26268,4,20/01/2026,Shopping da Bahia
26269,2,20/01/2026,Shopping da Bahia
26270,3,20/01/2026,Shopping da Bahia
26275,2,20/01/2026,Shopping da Bahia
26278,2,20/01/2026,Shopping da Bahia
26294,0,20/01/2026,Shopping da Bahia
26322,0,20/01/2026,Shopping da Bahia
26326,1,20/01/2026,Shopping da Bahia
26365,0,20/01/2026,Shopping da Bahia
26366,0,20/01/2026,Shopping da Bahia
26367,0,20/01/2026,Shopping da Bahia
26368,0,20/01/2026,Shopping da Bahia
26369,0,20/01/2026,Shopping da Bahia
26370,0,20/01/2026,Shopping da Bahia
26371,0,20/01/2026,Shopping da Bahia
26372,0,20/01/2026,Shopping da Bahia
26373,1,20/01/2026,Shopping da Bahia
26374,0,20/01/2026,Shopping da Bahia
26375,0,20/01/2026,Shopping da Bahia
26376,0,20/01/2026,Shopping da Bahia
26377,0,20/01/2026,Shopping da Bahia
26378,0,20/01/2026,Shopping da Bahia
26379,0,20/01/2026,Shopping da Bahia
26380,0,20/01/2026,Shopping da Bahia
26381,0,20/01/2026,Shopping da Bahia
26382,0,20/01/2026,Shopping da Bahia
26383,0,20/01/2026,Shopping da Bahia
26384,0,20/01/2026,Shopping da Bahia
26385,0,20/01/2026,Shopping da Bahia
26386,0,20/01/2026,Shopping da Bahia
26387,1,20/01/2026,Shopping da Bahia
26388,0,20/01/2026,Shopping da Bahia
26389,1,20/01/2026,Shopping da Bahia
26399,0,20/01/2026,Shopping da Bahia
26400,0,20/01/2026,Shopping da Bahia
26401,2,20/01/2026,Shopping da Bahia
26402,0,20/01/2026,Shopping da Bahia
26403,0,20/01/2026,Shopping da Bahia
26404,2,20/01/2026,Shopping da Bahia
26405,0,20/01/2026,Shopping da Bahia
26406,0,20/01/2026,Shopping da Bahia
26407,0,20/01/2026,Shopping da Bahia
26408,0,20/01/2026,Shopping da Bahia
26409,0,20/01/2026,Shopping da Bahia
26410,0,20/01/2026,Shopping da Bahia
26411,2,20/01/2026,Shopping da Bahia
26412,0,20/01/2026,Shopping da Bahia
26413,2,20/01/2026,Shopping da Bahia
26414,1,20/01/2026,Shopping da Bahia
26415,0,20/01/2026,Shopping da Bahia
26450,0,20/01/2026,Shopping da Bahia
26583,0,20/01/2026,Shopping da Bahia
26589,0,20/01/2026,Shopping da Bahia
26590,0,20/01/2026,Shopping da Bahia
26598,2,20/01/2026,Shopping da Bahia
26599,1,20/01/2026,Shopping da Bahia
26600,2,20/01/2026,Shopping da Bahia
26601,1,20/01/2026,Shopping da Bahia
26692,0,20/01/2026,Shopping da Bahia
26721,3,20/01/2026,Shopping da Bahia
26722,1,20/01/2026,Shopping da Bahia
26723,2,20/01/2026,Shopping da Bahia
26745,0,20/01/2026,Shopping da Bahia
26746,0,20/01/2026,Shopping da Bahia
26747,0,20/01/2026,Shopping da Bahia
26748,0,20/01/2026,Shopping da Bahia
26749,0,20/01/2026,Shopping da Bahia
26750,0,20/01/2026,Shopping da Bahia
26751,0,20/01/2026,Shopping da Bahia
26752,0,20/01/2026,Shopping da Bahia
26753,0,20/01/2026,Shopping da Bahia
26754,0,20/01/2026,Shopping da Bahia
26755,0,20/01/2026,Shopping da Bahia
26756,0,20/01/2026,Shopping da Bahia
26757,0,20/01/2026,Shopping da Bahia
26758,0,20/01/2026,Shopping da Bahia
26759,0,20/01/2026,Shopping da Bahia
26760,0,20/01/2026,Shopping da Bahia
26761,0,20/01/2026,Shopping da Bahia
26762,0,20/01/2026,Shopping da Bahia
26764,0,20/01/2026,Shopping da Bahia
26766,1,20/01/2026,Shopping da Bahia
26767,2,20/01/2026,Shopping da Bahia
26768,0,20/01/2026,Shopping da Bahia
26769,4,20/01/2026,Shopping da Bahia
26815,0,20/01/2026,Shopping da Bahia
26829,1,20/01/2026,Shopping da Bahia
26842,0,20/01/2026,Shopping da Bahia
26843,0,20/01/2026,Shopping da Bahia
26844,1,20/01/2026,Shopping da Bahia
26845,1,20/01/2026,Shopping da Bahia
26923,0,20/01/2026,Shopping da Bahia
26931,2,20/01/2026,Shopping da Bahia
26932,2,20/01/2026,Shopping da Bahia
26934,0,20/01/2026,Shopping da Bahia
26935,0,20/01/2026,Shopping da Bahia
26936,0,20/01/2026,Shopping da Bahia
26938,0,20/01/2026,Shopping da Bahia
26940,0,20/01/2026,Shopping da Bahia
26942,0,20/01/2026,Shopping da Bahia
26944,3,20/01/2026,Shopping da Bahia
26945,2,20/01/2026,Shopping da Bahia
26946,0,20/01/2026,Shopping da Bahia
26947,1,20/01/2026,Shopping da Bahia
26948,1,20/01/2026,Shopping da Bahia
26949,3,20/01/2026,Shopping da Bahia
26950,2,20/01/2026,Shopping da Bahia
26951,0,20/01/2026,Shopping da Bahia
26952,3,20/01/2026,Shopping da Bahia
313,0,20/01/2026,Shopping Iguatemi Fortaleza
322,0,20/01/2026,Shopping Iguatemi Fortaleza
338,0,20/01/2026,Shopping Iguatemi Fortaleza
341,0,20/01/2026,Shopping Iguatemi Fortaleza
398,0,20/01/2026,Shopping Iguatemi Fortaleza
610,0,20/01/2026,Shopping Iguatemi Fortaleza
674,0,20/01/2026,Shopping Iguatemi Fortaleza
727,3,20/01/2026,Shopping Iguatemi Fortaleza
887,0,20/01/2026,Shopping Iguatemi Fortaleza
888,0,20/01/2026,Shopping Iguatemi Fortaleza
889,5,20/01/2026,Shopping Iguatemi Fortaleza
890,3,20/01/2026,Shopping Iguatemi Fortaleza
1049,0,20/01/2026,Shopping Iguatemi Fortaleza
1100,0,20/01/2026,Shopping Iguatemi Fortaleza
1109,1,20/01/2026,Shopping Iguatemi Fortaleza
1119,0,20/01/2026,Shopping Iguatemi Fortaleza
1276,0,20/01/2026,Shopping Iguatemi Fortaleza
1277,0,20/01/2026,Shopping Iguatemi Fortaleza
1362,0,20/01/2026,Shopping Iguatemi Fortaleza
1363,0,20/01/2026,Shopping Iguatemi Fortaleza
1367,1,20/01/2026,Shopping Iguatemi Fortaleza
1368,0,20/01/2026,Shopping Iguatemi Fortaleza
1405,0,20/01/2026,Shopping Iguatemi Fortaleza
1438,0,20/01/2026,Shopping Iguatemi Fortaleza
1499,0,20/01/2026,Shopping Iguatemi Fortaleza
1526,0,20/01/2026,Shopping Iguatemi Fortaleza
1712,0,20/01/2026,Shopping Iguatemi Fortaleza
1941,0,20/01/2026,Shopping Iguatemi Fortaleza
2197,0,20/01/2026,Shopping Iguatemi Fortaleza
2200,0,20/01/2026,Shopping Iguatemi Fortaleza
2202,0,20/01/2026,Shopping Iguatemi Fortaleza
2207,0,20/01/2026,Shopping Iguatemi Fortaleza
2208,0,20/01/2026,Shopping Iguatemi Fortaleza
2217,3,20/01/2026,Shopping Iguatemi Fortaleza
2398,0,20/01/2026,Shopping Iguatemi Fortaleza
2403,0,20/01/2026,Shopping Iguatemi Fortaleza
2617,0,20/01/2026,Shopping Iguatemi Fortaleza
2646,0,20/01/2026,Shopping Iguatemi Fortaleza
2693,0,20/01/2026,Shopping Iguatemi Fortaleza
2697,0,20/01/2026,Shopping Iguatemi Fortaleza
2721,0,20/01/2026,Shopping Iguatemi Fortaleza
2723,2,20/01/2026,Shopping Iguatemi Fortaleza
2725,1,20/01/2026,Shopping Iguatemi Fortaleza
2811,1,20/01/2026,Shopping Iguatemi Fortaleza
2842,3,20/01/2026,Shopping Iguatemi Fortaleza
2844,2,20/01/2026,Shopping Iguatemi Fortaleza
2845,0,20/01/2026,Shopping Iguatemi Fortaleza
2867,0,20/01/2026,Shopping Iguatemi Fortaleza
2881,0,20/01/2026,Shopping Iguatemi Fortaleza
2930,0,20/01/2026,Shopping Iguatemi Fortaleza
3056,3,20/01/2026,Shopping Iguatemi Fortaleza
3065,0,20/01/2026,Shopping Iguatemi Fortaleza
3099,3,20/01/2026,Shopping Iguatemi Fortaleza
3147,3,20/01/2026,Shopping Iguatemi Fortaleza
3190,0,20/01/2026,Shopping Iguatemi Fortaleza
3406,0,20/01/2026,Shopping Iguatemi Fortaleza
3462,0,20/01/2026,Shopping Iguatemi Fortaleza
3532,0,20/01/2026,Shopping Iguatemi Fortaleza
3533,0,20/01/2026,Shopping Iguatemi Fortaleza
3554,1,20/01/2026,Shopping Iguatemi Fortaleza
3555,2,20/01/2026,Shopping Iguatemi Fortaleza
3556,2,20/01/2026,Shopping Iguatemi Fortaleza
3573,0,20/01/2026,Shopping Iguatemi Fortaleza
3746,4,20/01/2026,Shopping Iguatemi Fortaleza
3747,2,20/01/2026,Shopping Iguatemi Fortaleza
3751,2,20/01/2026,Shopping Iguatemi Fortaleza
3800,2,20/01/2026,Shopping Iguatemi Fortaleza
3823,1,20/01/2026,Shopping Iguatemi Fortaleza
3825,3,20/01/2026,Shopping Iguatemi Fortaleza
3871,0,20/01/2026,Shopping Iguatemi Fortaleza
3882,5,20/01/2026,Shopping Iguatemi Fortaleza
3901,0,20/01/2026,Shopping Iguatemi Fortaleza
3904,0,20/01/2026,Shopping Iguatemi Fortaleza
3905,0,20/01/2026,Shopping Iguatemi Fortaleza
3906,5,20/01/2026,Shopping Iguatemi Fortaleza
3969,1,20/01/2026,Shopping Iguatemi Fortaleza
4028,0,20/01/2026,Shopping Iguatemi Fortaleza
4030,2,20/01/2026,Shopping Iguatemi Fortaleza
4031,2,20/01/2026,Shopping Iguatemi Fortaleza
4032,0,20/01/2026,Shopping Iguatemi Fortaleza
4033,0,20/01/2026,Shopping Iguatemi Fortaleza
4034,0,20/01/2026,Shopping Iguatemi Fortaleza
4035,0,20/01/2026,Shopping Iguatemi Fortaleza
4054,0,20/01/2026,Shopping Iguatemi Fortaleza
4111,0,20/01/2026,Shopping Iguatemi Fortaleza
4112,0,20/01/2026,Shopping Iguatemi Fortaleza
4113,0,20/01/2026,Shopping Iguatemi Fortaleza
4114,0,20/01/2026,Shopping Iguatemi Fortaleza
4140,0,20/01/2026,Shopping Iguatemi Fortaleza
4141,0,20/01/2026,Shopping Iguatemi Fortaleza
4147,0,20/01/2026,Shopping Iguatemi Fortaleza
4148,2,20/01/2026,Shopping Iguatemi Fortaleza
4149,2,20/01/2026,Shopping Iguatemi Fortaleza
4160,0,20/01/2026,Shopping Iguatemi Fortaleza
4310,1,20/01/2026,Shopping Iguatemi Fortaleza
4312,2,20/01/2026,Shopping Iguatemi Fortaleza
4325,0,20/01/2026,Shopping Iguatemi Fortaleza
4347,0,20/01/2026,Shopping Iguatemi Fortaleza
4348,2,20/01/2026,Shopping Iguatemi Fortaleza
4349,2,20/01/2026,Shopping Iguatemi Fortaleza
4350,0,20/01/2026,Shopping Iguatemi Fortaleza
4351,2,20/01/2026,Shopping Iguatemi Fortaleza
4352,0,20/01/2026,Shopping Iguatemi Fortaleza
4353,3,20/01/2026,Shopping Iguatemi Fortaleza
4354,0,20/01/2026,Shopping Iguatemi Fortaleza
4355,1,20/01/2026,Shopping Iguatemi Fortaleza
4356,2,20/01/2026,Shopping Iguatemi Fortaleza
4357,2,20/01/2026,Shopping Iguatemi Fortaleza
4358,2,20/01/2026,Shopping Iguatemi Fortaleza
4359,2,20/01/2026,Shopping Iguatemi Fortaleza
4362,1,20/01/2026,Shopping Iguatemi Fortaleza
4363,4,20/01/2026,Shopping Iguatemi Fortaleza
4364,0,20/01/2026,Shopping Iguatemi Fortaleza
4365,0,20/01/2026,Shopping Iguatemi Fortaleza
4366,2,20/01/2026,Shopping Iguatemi Fortaleza
4367,1,20/01/2026,Shopping Iguatemi Fortaleza
4368,0,20/01/2026,Shopping Iguatemi Fortaleza
4372,0,20/01/2026,Shopping Iguatemi Fortaleza
4380,2,20/01/2026,Shopping Iguatemi Fortaleza
4382,0,20/01/2026,Shopping Iguatemi Fortaleza
4395,0,20/01/2026,Shopping Iguatemi Fortaleza
4434,0,20/01/2026,Shopping Iguatemi Fortaleza
4456,0,20/01/2026,Shopping Iguatemi Fortaleza
4457,2,20/01/2026,Shopping Iguatemi Fortaleza
4459,0,20/01/2026,Shopping Iguatemi Fortaleza
4460,1,20/01/2026,Shopping Iguatemi Fortaleza
4497,3,20/01/2026,Shopping Iguatemi Fortaleza
4499,0,20/01/2026,Shopping Iguatemi Fortaleza
4550,0,20/01/2026,Shopping Iguatemi Fortaleza
4600,2,20/01/2026,Shopping Iguatemi Fortaleza
4658,0,20/01/2026,Shopping Iguatemi Fortaleza
4660,0,20/01/2026,Shopping Iguatemi Fortaleza
4687,0,20/01/2026,Shopping Iguatemi Fortaleza
4688,0,20/01/2026,Shopping Iguatemi Fortaleza
4700,1,20/01/2026,Shopping Iguatemi Fortaleza
4725,0,20/01/2026,Shopping Iguatemi Fortaleza
4726,2,20/01/2026,Shopping Iguatemi Fortaleza
4727,1,20/01/2026,Shopping Iguatemi Fortaleza
4728,2,20/01/2026,Shopping Iguatemi Fortaleza
4750,0,20/01/2026,Shopping Iguatemi Fortaleza
4882,0,20/01/2026,Shopping Iguatemi Fortaleza
4980,0,20/01/2026,Shopping Iguatemi Fortaleza
4981,2,20/01/2026,Shopping Iguatemi Fortaleza
5049,1,20/01/2026,Shopping Iguatemi Fortaleza
5702,0,20/01/2026,Shopping Iguatemi Fortaleza
5703,0,20/01/2026,Shopping Iguatemi Fortaleza
5704,1,20/01/2026,Shopping Iguatemi Fortaleza
5705,1,20/01/2026,Shopping Iguatemi Fortaleza
6332,0,20/01/2026,Shopping Iguatemi Fortaleza
8144,3,20/01/2026,Shopping Iguatemi Fortaleza
8145,2,20/01/2026,Shopping Iguatemi Fortaleza
8146,2,20/01/2026,Shopping Iguatemi Fortaleza
8152,0,20/01/2026,Shopping Iguatemi Fortaleza
8153,2,20/01/2026,Shopping Iguatemi Fortaleza
8154,2,20/01/2026,Shopping Iguatemi Fortaleza
8155,1,20/01/2026,Shopping Iguatemi Fortaleza
8156,0,20/01/2026,Shopping Iguatemi Fortaleza
8157,2,20/01/2026,Shopping Iguatemi Fortaleza
8158,2,20/01/2026,Shopping Iguatemi Fortaleza
8159,5,20/01/2026,Shopping Iguatemi Fortaleza
8520,2,20/01/2026,Shopping Iguatemi Fortaleza
8521,1,20/01/2026,Shopping Iguatemi Fortaleza
20715,0,20/01/2026,Shopping Iguatemi Fortaleza
20716,3,20/01/2026,Shopping Iguatemi Fortaleza
20717,0,20/01/2026,Shopping Iguatemi Fortaleza
20718,2,20/01/2026,Shopping Iguatemi Fortaleza
20719,2,20/01/2026,Shopping Iguatemi Fortaleza
20720,2,20/01/2026,Shopping Iguatemi Fortaleza
20721,1,20/01/2026,Shopping Iguatemi Fortaleza
20722,2,20/01/2026,Shopping Iguatemi Fortaleza
20723,1,20/01/2026,Shopping Iguatemi Fortaleza
20737,2,20/01/2026,Shopping Iguatemi Fortaleza
20755,0,20/01/2026,Shopping Iguatemi Fortaleza
20790,0,20/01/2026,Shopping Iguatemi Fortaleza
20791,0,20/01/2026,Shopping Iguatemi Fortaleza
20792,0,20/01/2026,Shopping Iguatemi Fortaleza
20793,0,20/01/2026,Shopping Iguatemi Fortaleza
20833,0,20/01/2026,Shopping Iguatemi Fortaleza
20834,0,20/01/2026,Shopping Iguatemi Fortaleza
20875,2,20/01/2026,Shopping Iguatemi Fortaleza
20877,0,20/01/2026,Shopping Iguatemi Fortaleza
20990,0,20/01/2026,Shopping Iguatemi Fortaleza
21069,2,20/01/2026,Shopping Iguatemi Fortaleza
21080,0,20/01/2026,Shopping Iguatemi Fortaleza
21113,2,20/01/2026,Shopping Iguatemi Fortaleza
21143,0,20/01/2026,Shopping Iguatemi Fortaleza
21144,0,20/01/2026,Shopping Iguatemi Fortaleza
21145,2,20/01/2026,Shopping Iguatemi Fortaleza
21146,2,20/01/2026,Shopping Iguatemi Fortaleza
21147,0,20/01/2026,Shopping Iguatemi Fortaleza
21148,3,20/01/2026,Shopping Iguatemi Fortaleza
21149,3,20/01/2026,Shopping Iguatemi Fortaleza
21190,0,20/01/2026,Shopping Iguatemi Fortaleza
21191,0,20/01/2026,Shopping Iguatemi Fortaleza
21227,2,20/01/2026,Shopping Iguatemi Fortaleza
21255,0,20/01/2026,Shopping Iguatemi Fortaleza
21267,2,20/01/2026,Shopping Iguatemi Fortaleza
21279,0,20/01/2026,Shopping Iguatemi Fortaleza
21286,3,20/01/2026,Shopping Iguatemi Fortaleza
21288,3,20/01/2026,Shopping Iguatemi Fortaleza
21289,2,20/01/2026,Shopping Iguatemi Fortaleza
21290,2,20/01/2026,Shopping Iguatemi Fortaleza
21291,2,20/01/2026,Shopping Iguatemi Fortaleza
21295,2,20/01/2026,Shopping Iguatemi Fortaleza
21296,2,20/01/2026,Shopping Iguatemi Fortaleza
21299,0,20/01/2026,Shopping Iguatemi Fortaleza
21300,2,20/01/2026,Shopping Iguatemi Fortaleza
21309,1,20/01/2026,Shopping Iguatemi Fortaleza
21311,1,20/01/2026,Shopping Iguatemi Fortaleza
21312,1,20/01/2026,Shopping Iguatemi Fortaleza
21313,1,20/01/2026,Shopping Iguatemi Fortaleza
21314,0,20/01/2026,Shopping Iguatemi Fortaleza
21315,0,20/01/2026,Shopping Iguatemi Fortaleza
21316,1,20/01/2026,Shopping Iguatemi Fortaleza
21317,1,20/01/2026,Shopping Iguatemi Fortaleza
21383,0,20/01/2026,Shopping Iguatemi Fortaleza
21414,1,20/01/2026,Shopping Iguatemi Fortaleza
21458,1,20/01/2026,Shopping Iguatemi Fortaleza
21462,1,20/01/2026,Shopping Iguatemi Fortaleza
21463,0,20/01/2026,Shopping Iguatemi Fortaleza
21464,1,20/01/2026,Shopping Iguatemi Fortaleza
21466,0,20/01/2026,Shopping Iguatemi Fortaleza
21467,1,20/01/2026,Shopping Iguatemi Fortaleza
21492,0,20/01/2026,Shopping Iguatemi Fortaleza
21510,2,20/01/2026,Shopping Iguatemi Fortaleza
21511,4,20/01/2026,Shopping Iguatemi Fortaleza
21512,0,20/01/2026,Shopping Iguatemi Fortaleza
21513,2,20/01/2026,Shopping Iguatemi Fortaleza
21514,1,20/01/2026,Shopping Iguatemi Fortaleza
21547,2,20/01/2026,Shopping Iguatemi Fortaleza
21557,3,20/01/2026,Shopping Iguatemi Fortaleza
21574,3,20/01/2026,Shopping Iguatemi Fortaleza
21575,0,20/01/2026,Shopping Iguatemi Fortaleza
21576,1,20/01/2026,Shopping Iguatemi Fortaleza
21581,0,20/01/2026,Shopping Iguatemi Fortaleza
21582,0,20/01/2026,Shopping Iguatemi Fortaleza
21583,1,20/01/2026,Shopping Iguatemi Fortaleza
21601,1,20/01/2026,Shopping Iguatemi Fortaleza
21613,0,20/01/2026,Shopping Iguatemi Fortaleza
21614,0,20/01/2026,Shopping Iguatemi Fortaleza
21682,1,20/01/2026,Shopping Iguatemi Fortaleza
21691,0,20/01/2026,Shopping Iguatemi Fortaleza
21694,0,20/01/2026,Shopping Iguatemi Fortaleza
21696,4,20/01/2026,Shopping Iguatemi Fortaleza
21697,1,20/01/2026,Shopping Iguatemi Fortaleza
21698,3,20/01/2026,Shopping Iguatemi Fortaleza
21703,4,20/01/2026,Shopping Iguatemi Fortaleza
21704,4,20/01/2026,Shopping Iguatemi Fortaleza
21710,1,20/01/2026,Shopping Iguatemi Fortaleza
21717,0,20/01/2026,Shopping Iguatemi Fortaleza
21718,2,20/01/2026,Shopping Iguatemi Fortaleza
21719,0,20/01/2026,Shopping Iguatemi Fortaleza
21875,1,20/01/2026,Shopping Iguatemi Fortaleza
21876,0,20/01/2026,Shopping Iguatemi Fortaleza
21905,1,20/01/2026,Shopping Iguatemi Fortaleza
21909,0,20/01/2026,Shopping Iguatemi Fortaleza
21910,0,20/01/2026,Shopping Iguatemi Fortaleza
21911,2,20/01/2026,Shopping Iguatemi Fortaleza
21912,0,20/01/2026,Shopping Iguatemi Fortaleza
21913,1,20/01/2026,Shopping Iguatemi Fortaleza
21914,0,20/01/2026,Shopping Iguatemi Fortaleza
21915,3,20/01/2026,Shopping Iguatemi Fortaleza
21917,0,20/01/2026,Shopping Iguatemi Fortaleza
21918,0,20/01/2026,Shopping Iguatemi Fortaleza
21919,0,20/01/2026,Shopping Iguatemi Fortaleza
21920,1,20/01/2026,Shopping Iguatemi Fortaleza
21921,2,20/01/2026,Shopping Iguatemi Fortaleza
21923,2,20/01/2026,Shopping Iguatemi Fortaleza
21924,1,20/01/2026,Shopping Iguatemi Fortaleza
21925,2,20/01/2026,Shopping Iguatemi Fortaleza
21926,0,20/01/2026,Shopping Iguatemi Fortaleza
21927,1,20/01/2026,Shopping Iguatemi Fortaleza
22000,0,20/01/2026,Shopping Iguatemi Fortaleza
22001,0,20/01/2026,Shopping Iguatemi Fortaleza
22002,2,20/01/2026,Shopping Iguatemi Fortaleza
22101,0,20/01/2026,Shopping Iguatemi Fortaleza
22102,0,20/01/2026,Shopping Iguatemi Fortaleza
22103,0,20/01/2026,Shopping Iguatemi Fortaleza
22114,0,20/01/2026,Shopping Iguatemi Fortaleza
22191,1,20/01/2026,Shopping Iguatemi Fortaleza
22278,0,20/01/2026,Shopping Iguatemi Fortaleza
22306,0,20/01/2026,Shopping Iguatemi Fortaleza
22307,1,20/01/2026,Shopping Iguatemi Fortaleza
22308,0,20/01/2026,Shopping Iguatemi Fortaleza
22403,0,20/01/2026,Shopping Iguatemi Fortaleza
22417,2,20/01/2026,Shopping Iguatemi Fortaleza
22476,3,20/01/2026,Shopping Iguatemi Fortaleza
22477,2,20/01/2026,Shopping Iguatemi Fortaleza
22482,1,20/01/2026,Shopping Iguatemi Fortaleza
22487,1,20/01/2026,Shopping Iguatemi Fortaleza
22492,0,20/01/2026,Shopping Iguatemi Fortaleza
22504,0,20/01/2026,Shopping Iguatemi Fortaleza
22515,1,20/01/2026,Shopping Iguatemi Fortaleza
22547,0,20/01/2026,Shopping Iguatemi Fortaleza
22578,2,20/01/2026,Shopping Iguatemi Fortaleza
22589,0,20/01/2026,Shopping Iguatemi Fortaleza
22590,0,20/01/2026,Shopping Iguatemi Fortaleza
22595,0,20/01/2026,Shopping Iguatemi Fortaleza
22597,1,20/01/2026,Shopping Iguatemi Fortaleza
22598,1,20/01/2026,Shopping Iguatemi Fortaleza
22642,0,20/01/2026,Shopping Iguatemi Fortaleza
22666,1,20/01/2026,Shopping Iguatemi Fortaleza
22667,0,20/01/2026,Shopping Iguatemi Fortaleza
22668,0,20/01/2026,Shopping Iguatemi Fortaleza
22756,3,20/01/2026,Shopping Iguatemi Fortaleza
22850,2,20/01/2026,Shopping Iguatemi Fortaleza
22854,0,20/01/2026,Shopping Iguatemi Fortaleza
22859,0,20/01/2026,Shopping Iguatemi Fortaleza
22870,2,20/01/2026,Shopping Iguatemi Fortaleza
22883,1,20/01/2026,Shopping Iguatemi Fortaleza
22922,0,20/01/2026,Shopping Iguatemi Fortaleza
22923,0,20/01/2026,Shopping Iguatemi Fortaleza
22980,2,20/01/2026,Shopping Iguatemi Fortaleza
22985,3,20/01/2026,Shopping Iguatemi Fortaleza
22987,0,20/01/2026,Shopping Iguatemi Fortaleza
22988,0,20/01/2026,Shopping Iguatemi Fortaleza
22990,0,20/01/2026,Shopping Iguatemi Fortaleza
23003,1,20/01/2026,Shopping Iguatemi Fortaleza
23004,1,20/01/2026,Shopping Iguatemi Fortaleza
23005,2,20/01/2026,Shopping Iguatemi Fortaleza
23006,0,20/01/2026,Shopping Iguatemi Fortaleza
23007,0,20/01/2026,Shopping Iguatemi Fortaleza
23008,0,20/01/2026,Shopping Iguatemi Fortaleza
23010,0,20/01/2026,Shopping Iguatemi Fortaleza
23011,0,20/01/2026,Shopping Iguatemi Fortaleza
23012,0,20/01/2026,Shopping Iguatemi Fortaleza
23013,0,20/01/2026,Shopping Iguatemi Fortaleza
23014,0,20/01/2026,Shopping Iguatemi Fortaleza
23015,2,20/01/2026,Shopping Iguatemi Fortaleza
23016,0,20/01/2026,Shopping Iguatemi Fortaleza
23017,0,20/01/2026,Shopping Iguatemi Fortaleza
23018,2,20/01/2026,Shopping Iguatemi Fortaleza
23019,1,20/01/2026,Shopping Iguatemi Fortaleza
23020,0,20/01/2026,Shopping Iguatemi Fortaleza
23023,0,20/01/2026,Shopping Iguatemi Fortaleza
23024,0,20/01/2026,Shopping Iguatemi Fortaleza
23061,0,20/01/2026,Shopping Iguatemi Fortaleza
23062,0,20/01/2026,Shopping Iguatemi Fortaleza
23063,0,20/01/2026,Shopping Iguatemi Fortaleza
23064,0,20/01/2026,Shopping Iguatemi Fortaleza
23065,0,20/01/2026,Shopping Iguatemi Fortaleza
23066,0,20/01/2026,Shopping Iguatemi Fortaleza
23067,0,20/01/2026,Shopping Iguatemi Fortaleza
23082,0,20/01/2026,Shopping Iguatemi Fortaleza
23083,0,20/01/2026,Shopping Iguatemi Fortaleza
23158,0,20/01/2026,Shopping Iguatemi Fortaleza
23186,0,20/01/2026,Shopping Iguatemi Fortaleza
23189,0,20/01/2026,Shopping Iguatemi Fortaleza
23217,0,20/01/2026,Shopping Iguatemi Fortaleza
23218,2,20/01/2026,Shopping Iguatemi Fortaleza
23224,0,20/01/2026,Shopping Iguatemi Fortaleza
23234,0,20/01/2026,Shopping Iguatemi Fortaleza
23264,0,20/01/2026,Shopping Iguatemi Fortaleza
23265,1,20/01/2026,Shopping Iguatemi Fortaleza
23266,1,20/01/2026,Shopping Iguatemi Fortaleza
23267,0,20/01/2026,Shopping Iguatemi Fortaleza
23268,2,20/01/2026,Shopping Iguatemi Fortaleza
23269,1,20/01/2026,Shopping Iguatemi Fortaleza
23270,0,20/01/2026,Shopping Iguatemi Fortaleza
23271,2,20/01/2026,Shopping Iguatemi Fortaleza
23273,0,20/01/2026,Shopping Iguatemi Fortaleza
23277,0,20/01/2026,Shopping Iguatemi Fortaleza
23284,3,20/01/2026,Shopping Iguatemi Fortaleza
23285,4,20/01/2026,Shopping Iguatemi Fortaleza
23286,2,20/01/2026,Shopping Iguatemi Fortaleza
23321,0,20/01/2026,Shopping Iguatemi Fortaleza
23323,0,20/01/2026,Shopping Iguatemi Fortaleza
23325,0,20/01/2026,Shopping Iguatemi Fortaleza
23341,0,20/01/2026,Shopping Iguatemi Fortaleza
23342,0,20/01/2026,Shopping Iguatemi Fortaleza
23364,0,20/01/2026,Shopping Iguatemi Fortaleza
23376,0,20/01/2026,Shopping Iguatemi Fortaleza
23397,2,20/01/2026,Shopping Iguatemi Fortaleza
23443,0,20/01/2026,Shopping Iguatemi Fortaleza
23461,0,20/01/2026,Shopping Iguatemi Fortaleza
23472,0,20/01/2026,Shopping Iguatemi Fortaleza
23473,1,20/01/2026,Shopping Iguatemi Fortaleza
23476,0,20/01/2026,Shopping Iguatemi Fortaleza
23590,1,20/01/2026,Shopping Iguatemi Fortaleza
23703,1,20/01/2026,Shopping Iguatemi Fortaleza
23714,0,20/01/2026,Shopping Iguatemi Fortaleza
23715,0,20/01/2026,Shopping Iguatemi Fortaleza
23716,0,20/01/2026,Shopping Iguatemi Fortaleza
23717,0,20/01/2026,Shopping Iguatemi Fortaleza
23718,0,20/01/2026,Shopping Iguatemi Fortaleza
23719,0,20/01/2026,Shopping Iguatemi Fortaleza
23720,0,20/01/2026,Shopping Iguatemi Fortaleza
23725,0,20/01/2026,Shopping Iguatemi Fortaleza
23726,0,20/01/2026,Shopping Iguatemi Fortaleza
23727,0,20/01/2026,Shopping Iguatemi Fortaleza
23728,0,20/01/2026,Shopping Iguatemi Fortaleza
23730,1,20/01/2026,Shopping Iguatemi Fortaleza
23731,1,20/01/2026,Shopping Iguatemi Fortaleza
23737,0,20/01/2026,Shopping Iguatemi Fortaleza
23738,0,20/01/2026,Shopping Iguatemi Fortaleza
23739,0,20/01/2026,Shopping Iguatemi Fortaleza
23740,0,20/01/2026,Shopping Iguatemi Fortaleza
23741,0,20/01/2026,Shopping Iguatemi Fortaleza
23742,0,20/01/2026,Shopping Iguatemi Fortaleza
23744,0,20/01/2026,Shopping Iguatemi Fortaleza
23745,0,20/01/2026,Shopping Iguatemi Fortaleza
23746,0,20/01/2026,Shopping Iguatemi Fortaleza
23747,0,20/01/2026,Shopping Iguatemi Fortaleza
23748,0,20/01/2026,Shopping Iguatemi Fortaleza
23755,0,20/01/2026,Shopping Iguatemi Fortaleza
23807,0,20/01/2026,Shopping Iguatemi Fortaleza
23810,0,20/01/2026,Shopping Iguatemi Fortaleza
23814,0,20/01/2026,Shopping Iguatemi Fortaleza
23817,0,20/01/2026,Shopping Iguatemi Fortaleza
23818,0,20/01/2026,Shopping Iguatemi Fortaleza
23819,0,20/01/2026,Shopping Iguatemi Fortaleza
23820,1,20/01/2026,Shopping Iguatemi Fortaleza
23821,0,20/01/2026,Shopping Iguatemi Fortaleza
23822,0,20/01/2026,Shopping Iguatemi Fortaleza
23827,0,20/01/2026,Shopping Iguatemi Fortaleza
23828,2,20/01/2026,Shopping Iguatemi Fortaleza
23829,2,20/01/2026,Shopping Iguatemi Fortaleza
23830,0,20/01/2026,Shopping Iguatemi Fortaleza
23887,0,20/01/2026,Shopping Iguatemi Fortaleza
23893,3,20/01/2026,Shopping Iguatemi Fortaleza
23894,1,20/01/2026,Shopping Iguatemi Fortaleza
23895,2,20/01/2026,Shopping Iguatemi Fortaleza
23896,1,20/01/2026,Shopping Iguatemi Fortaleza
23897,2,20/01/2026,Shopping Iguatemi Fortaleza
23898,1,20/01/2026,Shopping Iguatemi Fortaleza
23899,3,20/01/2026,Shopping Iguatemi Fortaleza
23900,1,20/01/2026,Shopping Iguatemi Fortaleza
23901,1,20/01/2026,Shopping Iguatemi Fortaleza
23902,0,20/01/2026,Shopping Iguatemi Fortaleza
23903,1,20/01/2026,Shopping Iguatemi Fortaleza
23904,0,20/01/2026,Shopping Iguatemi Fortaleza
23905,1,20/01/2026,Shopping Iguatemi Fortaleza
23906,3,20/01/2026,Shopping Iguatemi Fortaleza
23907,0,20/01/2026,Shopping Iguatemi Fortaleza
23908,2,20/01/2026,Shopping Iguatemi Fortaleza
23909,3,20/01/2026,Shopping Iguatemi Fortaleza
23910,2,20/01/2026,Shopping Iguatemi Fortaleza
23911,0,20/01/2026,Shopping Iguatemi Fortaleza
23912,2,20/01/2026,Shopping Iguatemi Fortaleza
23913,0,20/01/2026,Shopping Iguatemi Fortaleza
23914,1,20/01/2026,Shopping Iguatemi Fortaleza
23915,3,20/01/2026,Shopping Iguatemi Fortaleza
23916,2,20/01/2026,Shopping Iguatemi Fortaleza
23917,1,20/01/2026,Shopping Iguatemi Fortaleza
23918,2,20/01/2026,Shopping Iguatemi Fortaleza
23919,2,20/01/2026,Shopping Iguatemi Fortaleza
23920,0,20/01/2026,Shopping Iguatemi Fortaleza
23921,1,20/01/2026,Shopping Iguatemi Fortaleza
23922,2,20/01/2026,Shopping Iguatemi Fortaleza
23923,1,20/01/2026,Shopping Iguatemi Fortaleza
23924,1,20/01/2026,Shopping Iguatemi Fortaleza
23925,0,20/01/2026,Shopping Iguatemi Fortaleza
23926,1,20/01/2026,Shopping Iguatemi Fortaleza
23927,0,20/01/2026,Shopping Iguatemi Fortaleza
23928,1,20/01/2026,Shopping Iguatemi Fortaleza
23929,2,20/01/2026,Shopping Iguatemi Fortaleza
23930,0,20/01/2026,Shopping Iguatemi Fortaleza
23931,2,20/01/2026,Shopping Iguatemi Fortaleza
23932,1,20/01/2026,Shopping Iguatemi Fortaleza
23934,0,20/01/2026,Shopping Iguatemi Fortaleza
23935,0,20/01/2026,Shopping Iguatemi Fortaleza
23936,2,20/01/2026,Shopping Iguatemi Fortaleza
23937,0,20/01/2026,Shopping Iguatemi Fortaleza
23938,0,20/01/2026,Shopping Iguatemi Fortaleza
23939,0,20/01/2026,Shopping Iguatemi Fortaleza
23940,2,20/01/2026,Shopping Iguatemi Fortaleza
23941,0,20/01/2026,Shopping Iguatemi Fortaleza
23942,2,20/01/2026,Shopping Iguatemi Fortaleza
23943,2,20/01/2026,Shopping Iguatemi Fortaleza
23944,0,20/01/2026,Shopping Iguatemi Fortaleza
23945,2,20/01/2026,Shopping Iguatemi Fortaleza
23946,0,20/01/2026,Shopping Iguatemi Fortaleza
23947,0,20/01/2026,Shopping Iguatemi Fortaleza
23948,0,20/01/2026,Shopping Iguatemi Fortaleza
23949,0,20/01/2026,Shopping Iguatemi Fortaleza
23950,2,20/01/2026,Shopping Iguatemi Fortaleza
23951,0,20/01/2026,Shopping Iguatemi Fortaleza
23952,0,20/01/2026,Shopping Iguatemi Fortaleza
23953,0,20/01/2026,Shopping Iguatemi Fortaleza
23954,0,20/01/2026,Shopping Iguatemi Fortaleza
23955,0,20/01/2026,Shopping Iguatemi Fortaleza
23956,2,20/01/2026,Shopping Iguatemi Fortaleza
23958,0,20/01/2026,Shopping Iguatemi Fortaleza
23960,2,20/01/2026,Shopping Iguatemi Fortaleza
23961,0,20/01/2026,Shopping Iguatemi Fortaleza
23962,0,20/01/2026,Shopping Iguatemi Fortaleza
23963,2,20/01/2026,Shopping Iguatemi Fortaleza
23964,1,20/01/2026,Shopping Iguatemi Fortaleza
23965,2,20/01/2026,Shopping Iguatemi Fortaleza
23966,0,20/01/2026,Shopping Iguatemi Fortaleza
23967,2,20/01/2026,Shopping Iguatemi Fortaleza
23968,0,20/01/2026,Shopping Iguatemi Fortaleza
23969,0,20/01/2026,Shopping Iguatemi Fortaleza
23970,2,20/01/2026,Shopping Iguatemi Fortaleza
23971,0,20/01/2026,Shopping Iguatemi Fortaleza
23972,0,20/01/2026,Shopping Iguatemi Fortaleza
23973,0,20/01/2026,Shopping Iguatemi Fortaleza
23974,2,20/01/2026,Shopping Iguatemi Fortaleza
23975,3,20/01/2026,Shopping Iguatemi Fortaleza
23976,2,20/01/2026,Shopping Iguatemi Fortaleza
23977,1,20/01/2026,Shopping Iguatemi Fortaleza
23978,0,20/01/2026,Shopping Iguatemi Fortaleza
23979,1,20/01/2026,Shopping Iguatemi Fortaleza
23980,0,20/01/2026,Shopping Iguatemi Fortaleza
23981,0,20/01/2026,Shopping Iguatemi Fortaleza
23982,2,20/01/2026,Shopping Iguatemi Fortaleza
23983,2,20/01/2026,Shopping Iguatemi Fortaleza
23984,0,20/01/2026,Shopping Iguatemi Fortaleza
23985,0,20/01/2026,Shopping Iguatemi Fortaleza
23986,0,20/01/2026,Shopping Iguatemi Fortaleza
23987,0,20/01/2026,Shopping Iguatemi Fortaleza
23988,3,20/01/2026,Shopping Iguatemi Fortaleza
23989,0,20/01/2026,Shopping Iguatemi Fortaleza
23990,0,20/01/2026,Shopping Iguatemi Fortaleza
23991,2,20/01/2026,Shopping Iguatemi Fortaleza
23992,2,20/01/2026,Shopping Iguatemi Fortaleza
23993,2,20/01/2026,Shopping Iguatemi Fortaleza
23994,3,20/01/2026,Shopping Iguatemi Fortaleza
23995,2,20/01/2026,Shopping Iguatemi Fortaleza
23996,2,20/01/2026,Shopping Iguatemi Fortaleza
23997,1,20/01/2026,Shopping Iguatemi Fortaleza
23998,1,20/01/2026,Shopping Iguatemi Fortaleza
24000,0,20/01/2026,Shopping Iguatemi Fortaleza
24001,1,20/01/2026,Shopping Iguatemi Fortaleza
24002,1,20/01/2026,Shopping Iguatemi Fortaleza
24003,2,20/01/2026,Shopping Iguatemi Fortaleza
24004,0,20/01/2026,Shopping Iguatemi Fortaleza
24005,2,20/01/2026,Shopping Iguatemi Fortaleza
24006,0,20/01/2026,Shopping Iguatemi Fortaleza
24007,3,20/01/2026,Shopping Iguatemi Fortaleza
24008,0,20/01/2026,Shopping Iguatemi Fortaleza
24009,0,20/01/2026,Shopping Iguatemi Fortaleza
24010,0,20/01/2026,Shopping Iguatemi Fortaleza
24011,3,20/01/2026,Shopping Iguatemi Fortaleza
24012,0,20/01/2026,Shopping Iguatemi Fortaleza
24013,0,20/01/2026,Shopping Iguatemi Fortaleza
24014,1,20/01/2026,Shopping Iguatemi Fortaleza
24015,0,20/01/2026,Shopping Iguatemi Fortaleza
24016,1,20/01/2026,Shopping Iguatemi Fortaleza
24017,0,20/01/2026,Shopping Iguatemi Fortaleza
24018,0,20/01/2026,Shopping Iguatemi Fortaleza
24019,0,20/01/2026,Shopping Iguatemi Fortaleza
24021,1,20/01/2026,Shopping Iguatemi Fortaleza
24022,1,20/01/2026,Shopping Iguatemi Fortaleza
24023,0,20/01/2026,Shopping Iguatemi Fortaleza
24024,1,20/01/2026,Shopping Iguatemi Fortaleza
24025,0,20/01/2026,Shopping Iguatemi Fortaleza
24026,1,20/01/2026,Shopping Iguatemi Fortaleza
24027,0,20/01/2026,Shopping Iguatemi Fortaleza
24028,0,20/01/2026,Shopping Iguatemi Fortaleza
24029,0,20/01/2026,Shopping Iguatemi Fortaleza
24030,0,20/01/2026,Shopping Iguatemi Fortaleza
24031,0,20/01/2026,Shopping Iguatemi Fortaleza
24032,0,20/01/2026,Shopping Iguatemi Fortaleza
24033,0,20/01/2026,Shopping Iguatemi Fortaleza
24036,1,20/01/2026,Shopping Iguatemi Fortaleza
24037,0,20/01/2026,Shopping Iguatemi Fortaleza
24100,2,20/01/2026,Shopping Iguatemi Fortaleza
24101,2,20/01/2026,Shopping Iguatemi Fortaleza
24102,1,20/01/2026,Shopping Iguatemi Fortaleza
24103,3,20/01/2026,Shopping Iguatemi Fortaleza
24104,2,20/01/2026,Shopping Iguatemi Fortaleza
24105,2,20/01/2026,Shopping Iguatemi Fortaleza
24106,2,20/01/2026,Shopping Iguatemi Fortaleza
24107,2,20/01/2026,Shopping Iguatemi Fortaleza
24108,3,20/01/2026,Shopping Iguatemi Fortaleza
24109,2,20/01/2026,Shopping Iguatemi Fortaleza
24110,5,20/01/2026,Shopping Iguatemi Fortaleza
24111,1,20/01/2026,Shopping Iguatemi Fortaleza
24112,2,20/01/2026,Shopping Iguatemi Fortaleza
24113,2,20/01/2026,Shopping Iguatemi Fortaleza
24115,1,20/01/2026,Shopping Iguatemi Fortaleza
24116,5,20/01/2026,Shopping Iguatemi Fortaleza
24117,1,20/01/2026,Shopping Iguatemi Fortaleza
24118,1,20/01/2026,Shopping Iguatemi Fortaleza
24119,0,20/01/2026,Shopping Iguatemi Fortaleza
24120,0,20/01/2026,Shopping Iguatemi Fortaleza
24121,1,20/01/2026,Shopping Iguatemi Fortaleza
24122,0,20/01/2026,Shopping Iguatemi Fortaleza
24123,0,20/01/2026,Shopping Iguatemi Fortaleza
24124,0,20/01/2026,Shopping Iguatemi Fortaleza
24125,0,20/01/2026,Shopping Iguatemi Fortaleza
24126,0,20/01/2026,Shopping Iguatemi Fortaleza
24127,0,20/01/2026,Shopping Iguatemi Fortaleza
24128,0,20/01/2026,Shopping Iguatemi Fortaleza
24129,0,20/01/2026,Shopping Iguatemi Fortaleza
24130,0,20/01/2026,Shopping Iguatemi Fortaleza
24131,0,20/01/2026,Shopping Iguatemi Fortaleza
24134,0,20/01/2026,Shopping Iguatemi Fortaleza
24135,0,20/01/2026,Shopping Iguatemi Fortaleza
24136,2,20/01/2026,Shopping Iguatemi Fortaleza
24137,2,20/01/2026,Shopping Iguatemi Fortaleza
24140,2,20/01/2026,Shopping Iguatemi Fortaleza
24142,0,20/01/2026,Shopping Iguatemi Fortaleza
24149,0,20/01/2026,Shopping Iguatemi Fortaleza
24154,0,20/01/2026,Shopping Iguatemi Fortaleza
24158,1,20/01/2026,Shopping Iguatemi Fortaleza
24159,0,20/01/2026,Shopping Iguatemi Fortaleza
24160,0,20/01/2026,Shopping Iguatemi Fortaleza
24163,0,20/01/2026,Shopping Iguatemi Fortaleza
24164,0,20/01/2026,Shopping Iguatemi Fortaleza
24165,0,20/01/2026,Shopping Iguatemi Fortaleza
24166,0,20/01/2026,Shopping Iguatemi Fortaleza
24167,0,20/01/2026,Shopping Iguatemi Fortaleza
24168,0,20/01/2026,Shopping Iguatemi Fortaleza
24169,3,20/01/2026,Shopping Iguatemi Fortaleza
24170,3,20/01/2026,Shopping Iguatemi Fortaleza
24171,0,20/01/2026,Shopping Iguatemi Fortaleza
24172,2,20/01/2026,Shopping Iguatemi Fortaleza
24173,2,20/01/2026,Shopping Iguatemi Fortaleza
24174,0,20/01/2026,Shopping Iguatemi Fortaleza
24176,0,20/01/2026,Shopping Iguatemi Fortaleza
24177,0,20/01/2026,Shopping Iguatemi Fortaleza
24178,0,20/01/2026,Shopping Iguatemi Fortaleza
24179,0,20/01/2026,Shopping Iguatemi Fortaleza
24180,0,20/01/2026,Shopping Iguatemi Fortaleza
24188,0,20/01/2026,Shopping Iguatemi Fortaleza
24200,0,20/01/2026,Shopping Iguatemi Fortaleza
24204,2,20/01/2026,Shopping Iguatemi Fortaleza
24219,0,20/01/2026,Shopping Iguatemi Fortaleza
24220,0,20/01/2026,Shopping Iguatemi Fortaleza
24221,0,20/01/2026,Shopping Iguatemi Fortaleza
24234,0,20/01/2026,Shopping Iguatemi Fortaleza
24238,0,20/01/2026,Shopping Iguatemi Fortaleza
24324,3,20/01/2026,Shopping Iguatemi Fortaleza
24325,3,20/01/2026,Shopping Iguatemi Fortaleza
24326,3,20/01/2026,Shopping Iguatemi Fortaleza
24327,2,20/01/2026,Shopping Iguatemi Fortaleza
24328,0,20/01/2026,Shopping Iguatemi Fortaleza
24329,2,20/01/2026,Shopping Iguatemi Fortaleza
24330,3,20/01/2026,Shopping Iguatemi Fortaleza
24344,2,20/01/2026,Shopping Iguatemi Fortaleza
24387,3,20/01/2026,Shopping Iguatemi Fortaleza
24401,3,20/01/2026,Shopping Iguatemi Fortaleza
24412,0,20/01/2026,Shopping Iguatemi Fortaleza
24413,2,20/01/2026,Shopping Iguatemi Fortaleza
24415,0,20/01/2026,Shopping Iguatemi Fortaleza
24416,0,20/01/2026,Shopping Iguatemi Fortaleza
24417,0,20/01/2026,Shopping Iguatemi Fortaleza
24418,0,20/01/2026,Shopping Iguatemi Fortaleza
24419,0,20/01/2026,Shopping Iguatemi Fortaleza
24421,0,20/01/2026,Shopping Iguatemi Fortaleza
24422,0,20/01/2026,Shopping Iguatemi Fortaleza
24423,0,20/01/2026,Shopping Iguatemi Fortaleza
24424,0,20/01/2026,Shopping Iguatemi Fortaleza
24426,0,20/01/2026,Shopping Iguatemi Fortaleza
24427,0,20/01/2026,Shopping Iguatemi Fortaleza
24428,1,20/01/2026,Shopping Iguatemi Fortaleza
24429,0,20/01/2026,Shopping Iguatemi Fortaleza
24430,0,20/01/2026,Shopping Iguatemi Fortaleza
24431,1,20/01/2026,Shopping Iguatemi Fortaleza
24432,2,20/01/2026,Shopping Iguatemi Fortaleza
24433,0,20/01/2026,Shopping Iguatemi Fortaleza
24435,0,20/01/2026,Shopping Iguatemi Fortaleza
24436,0,20/01/2026,Shopping Iguatemi Fortaleza
24438,0,20/01/2026,Shopping Iguatemi Fortaleza
24439,0,20/01/2026,Shopping Iguatemi Fortaleza
24442,0,20/01/2026,Shopping Iguatemi Fortaleza
24443,2,20/01/2026,Shopping Iguatemi Fortaleza
24445,2,20/01/2026,Shopping Iguatemi Fortaleza
24446,0,20/01/2026,Shopping Iguatemi Fortaleza
24447,0,20/01/2026,Shopping Iguatemi Fortaleza
24448,0,20/01/2026,Shopping Iguatemi Fortaleza
24449,0,20/01/2026,Shopping Iguatemi Fortaleza
24450,0,20/01/2026,Shopping Iguatemi Fortaleza
24452,0,20/01/2026,Shopping Iguatemi Fortaleza
24454,2,20/01/2026,Shopping Iguatemi Fortaleza
24455,0,20/01/2026,Shopping Iguatemi Fortaleza
24469,0,20/01/2026,Shopping Iguatemi Fortaleza
24470,2,20/01/2026,Shopping Iguatemi Fortaleza
24533,0,20/01/2026,Shopping Iguatemi Fortaleza
24534,2,20/01/2026,Shopping Iguatemi Fortaleza
24579,2,20/01/2026,Shopping Iguatemi Fortaleza
24580,0,20/01/2026,Shopping Iguatemi Fortaleza
24581,0,20/01/2026,Shopping Iguatemi Fortaleza
24582,0,20/01/2026,Shopping Iguatemi Fortaleza
24583,0,20/01/2026,Shopping Iguatemi Fortaleza
24584,0,20/01/2026,Shopping Iguatemi Fortaleza
24585,0,20/01/2026,Shopping Iguatemi Fortaleza
24586,0,20/01/2026,Shopping Iguatemi Fortaleza
24587,0,20/01/2026,Shopping Iguatemi Fortaleza
24588,0,20/01/2026,Shopping Iguatemi Fortaleza
24589,3,20/01/2026,Shopping Iguatemi Fortaleza
24590,3,20/01/2026,Shopping Iguatemi Fortaleza
24591,0,20/01/2026,Shopping Iguatemi Fortaleza
24592,0,20/01/2026,Shopping Iguatemi Fortaleza
24593,0,20/01/2026,Shopping Iguatemi Fortaleza
24594,0,20/01/2026,Shopping Iguatemi Fortaleza
24595,0,20/01/2026,Shopping Iguatemi Fortaleza
24596,0,20/01/2026,Shopping Iguatemi Fortaleza
24597,0,20/01/2026,Shopping Iguatemi Fortaleza
24598,1,20/01/2026,Shopping Iguatemi Fortaleza
24599,1,20/01/2026,Shopping Iguatemi Fortaleza
24600,1,20/01/2026,Shopping Iguatemi Fortaleza
24601,0,20/01/2026,Shopping Iguatemi Fortaleza
24602,0,20/01/2026,Shopping Iguatemi Fortaleza
24603,1,20/01/2026,Shopping Iguatemi Fortaleza
24604,2,20/01/2026,Shopping Iguatemi Fortaleza
24605,2,20/01/2026,Shopping Iguatemi Fortaleza
24606,1,20/01/2026,Shopping Iguatemi Fortaleza
24607,2,20/01/2026,Shopping Iguatemi Fortaleza
24608,2,20/01/2026,Shopping Iguatemi Fortaleza
24609,0,20/01/2026,Shopping Iguatemi Fortaleza
24610,0,20/01/2026,Shopping Iguatemi Fortaleza
24611,0,20/01/2026,Shopping Iguatemi Fortaleza
24612,0,20/01/2026,Shopping Iguatemi Fortaleza
24613,0,20/01/2026,Shopping Iguatemi Fortaleza
24614,2,20/01/2026,Shopping Iguatemi Fortaleza
24615,2,20/01/2026,Shopping Iguatemi Fortaleza
24616,2,20/01/2026,Shopping Iguatemi Fortaleza
24617,3,20/01/2026,Shopping Iguatemi Fortaleza
24618,1,20/01/2026,Shopping Iguatemi Fortaleza
24619,2,20/01/2026,Shopping Iguatemi Fortaleza
24620,2,20/01/2026,Shopping Iguatemi Fortaleza
24621,2,20/01/2026,Shopping Iguatemi Fortaleza
24622,1,20/01/2026,Shopping Iguatemi Fortaleza
24623,0,20/01/2026,Shopping Iguatemi Fortaleza
24624,0,20/01/2026,Shopping Iguatemi Fortaleza
24625,0,20/01/2026,Shopping Iguatemi Fortaleza
24626,0,20/01/2026,Shopping Iguatemi Fortaleza
24627,0,20/01/2026,Shopping Iguatemi Fortaleza
24628,0,20/01/2026,Shopping Iguatemi Fortaleza
24629,0,20/01/2026,Shopping Iguatemi Fortaleza
24630,2,20/01/2026,Shopping Iguatemi Fortaleza
24631,0,20/01/2026,Shopping Iguatemi Fortaleza
24632,0,20/01/2026,Shopping Iguatemi Fortaleza
24633,0,20/01/2026,Shopping Iguatemi Fortaleza
24634,0,20/01/2026,Shopping Iguatemi Fortaleza
24635,0,20/01/2026,Shopping Iguatemi Fortaleza
24653,1,20/01/2026,Shopping Iguatemi Fortaleza
24682,2,20/01/2026,Shopping Iguatemi Fortaleza
24690,0,20/01/2026,Shopping Iguatemi Fortaleza
24693,0,20/01/2026,Shopping Iguatemi Fortaleza
24714,0,20/01/2026,Shopping Iguatemi Fortaleza
24722,0,20/01/2026,Shopping Iguatemi Fortaleza
24739,0,20/01/2026,Shopping Iguatemi Fortaleza
24757,0,20/01/2026,Shopping Iguatemi Fortaleza
24765,4,20/01/2026,Shopping Iguatemi Fortaleza
24766,0,20/01/2026,Shopping Iguatemi Fortaleza
24767,0,20/01/2026,Shopping Iguatemi Fortaleza
24768,2,20/01/2026,Shopping Iguatemi Fortaleza
24786,0,20/01/2026,Shopping Iguatemi Fortaleza
24806,1,20/01/2026,Shopping Iguatemi Fortaleza
24808,2,20/01/2026,Shopping Iguatemi Fortaleza
24809,2,20/01/2026,Shopping Iguatemi Fortaleza
24811,2,20/01/2026,Shopping Iguatemi Fortaleza
24812,2,20/01/2026,Shopping Iguatemi Fortaleza
24814,3,20/01/2026,Shopping Iguatemi Fortaleza
24874,0,20/01/2026,Shopping Iguatemi Fortaleza
24875,0,20/01/2026,Shopping Iguatemi Fortaleza
24876,0,20/01/2026,Shopping Iguatemi Fortaleza
24877,0,20/01/2026,Shopping Iguatemi Fortaleza
24878,0,20/01/2026,Shopping Iguatemi Fortaleza
24879,0,20/01/2026,Shopping Iguatemi Fortaleza
24880,0,20/01/2026,Shopping Iguatemi Fortaleza
24881,0,20/01/2026,Shopping Iguatemi Fortaleza
24882,1,20/01/2026,Shopping Iguatemi Fortaleza
24883,0,20/01/2026,Shopping Iguatemi Fortaleza
24884,0,20/01/2026,Shopping Iguatemi Fortaleza
24885,0,20/01/2026,Shopping Iguatemi Fortaleza
24886,0,20/01/2026,Shopping Iguatemi Fortaleza
24887,0,20/01/2026,Shopping Iguatemi Fortaleza
24888,0,20/01/2026,Shopping Iguatemi Fortaleza
24889,1,20/01/2026,Shopping Iguatemi Fortaleza
24891,1,20/01/2026,Shopping Iguatemi Fortaleza
24892,1,20/01/2026,Shopping Iguatemi Fortaleza
24894,2,20/01/2026,Shopping Iguatemi Fortaleza
24899,2,20/01/2026,Shopping Iguatemi Fortaleza
24900,3,20/01/2026,Shopping Iguatemi Fortaleza
24901,2,20/01/2026,Shopping Iguatemi Fortaleza
24923,0,20/01/2026,Shopping Iguatemi Fortaleza
24924,0,20/01/2026,Shopping Iguatemi Fortaleza
24925,0,20/01/2026,Shopping Iguatemi Fortaleza
24927,0,20/01/2026,Shopping Iguatemi Fortaleza
24928,0,20/01/2026,Shopping Iguatemi Fortaleza
24929,0,20/01/2026,Shopping Iguatemi Fortaleza
24930,0,20/01/2026,Shopping Iguatemi Fortaleza
24932,0,20/01/2026,Shopping Iguatemi Fortaleza
24933,0,20/01/2026,Shopping Iguatemi Fortaleza
24934,0,20/01/2026,Shopping Iguatemi Fortaleza
24935,0,20/01/2026,Shopping Iguatemi Fortaleza
24947,0,20/01/2026,Shopping Iguatemi Fortaleza
24948,0,20/01/2026,Shopping Iguatemi Fortaleza
24949,0,20/01/2026,Shopping Iguatemi Fortaleza
24950,0,20/01/2026,Shopping Iguatemi Fortaleza
24951,0,20/01/2026,Shopping Iguatemi Fortaleza
24952,0,20/01/2026,Shopping Iguatemi Fortaleza
24953,0,20/01/2026,Shopping Iguatemi Fortaleza
24954,0,20/01/2026,Shopping Iguatemi Fortaleza
24955,0,20/01/2026,Shopping Iguatemi Fortaleza
24956,0,20/01/2026,Shopping Iguatemi Fortaleza
24957,0,20/01/2026,Shopping Iguatemi Fortaleza
24958,0,20/01/2026,Shopping Iguatemi Fortaleza
24959,0,20/01/2026,Shopping Iguatemi Fortaleza
24960,0,20/01/2026,Shopping Iguatemi Fortaleza
24961,0,20/01/2026,Shopping Iguatemi Fortaleza
24962,0,20/01/2026,Shopping Iguatemi Fortaleza
24964,0,20/01/2026,Shopping Iguatemi Fortaleza
24965,0,20/01/2026,Shopping Iguatemi Fortaleza
24966,0,20/01/2026,Shopping Iguatemi Fortaleza
24967,0,20/01/2026,Shopping Iguatemi Fortaleza
24968,0,20/01/2026,Shopping Iguatemi Fortaleza
24969,0,20/01/2026,Shopping Iguatemi Fortaleza
24970,0,20/01/2026,Shopping Iguatemi Fortaleza
24971,0,20/01/2026,Shopping Iguatemi Fortaleza
24972,0,20/01/2026,Shopping Iguatemi Fortaleza
24973,0,20/01/2026,Shopping Iguatemi Fortaleza
24974,0,20/01/2026,Shopping Iguatemi Fortaleza
24975,0,20/01/2026,Shopping Iguatemi Fortaleza
24976,0,20/01/2026,Shopping Iguatemi Fortaleza
24977,0,20/01/2026,Shopping Iguatemi Fortaleza
24978,0,20/01/2026,Shopping Iguatemi Fortaleza
24979,0,20/01/2026,Shopping Iguatemi Fortaleza
24980,0,20/01/2026,Shopping Iguatemi Fortaleza
24981,0,20/01/2026,Shopping Iguatemi Fortaleza
24982,0,20/01/2026,Shopping Iguatemi Fortaleza
24983,0,20/01/2026,Shopping Iguatemi Fortaleza
24984,0,20/01/2026,Shopping Iguatemi Fortaleza
24985,0,20/01/2026,Shopping Iguatemi Fortaleza
24987,0,20/01/2026,Shopping Iguatemi Fortaleza
25007,0,20/01/2026,Shopping Iguatemi Fortaleza
25008,0,20/01/2026,Shopping Iguatemi Fortaleza
25011,0,20/01/2026,Shopping Iguatemi Fortaleza
25012,0,20/01/2026,Shopping Iguatemi Fortaleza
25013,0,20/01/2026,Shopping Iguatemi Fortaleza
25015,0,20/01/2026,Shopping Iguatemi Fortaleza
25018,2,20/01/2026,Shopping Iguatemi Fortaleza
25104,2,20/01/2026,Shopping Iguatemi Fortaleza
25160,1,20/01/2026,Shopping Iguatemi Fortaleza
25176,0,20/01/2026,Shopping Iguatemi Fortaleza
25178,1,20/01/2026,Shopping Iguatemi Fortaleza
25227,0,20/01/2026,Shopping Iguatemi Fortaleza
25228,2,20/01/2026,Shopping Iguatemi Fortaleza
25229,2,20/01/2026,Shopping Iguatemi Fortaleza
25232,5,20/01/2026,Shopping Iguatemi Fortaleza
25238,2,20/01/2026,Shopping Iguatemi Fortaleza
25247,0,20/01/2026,Shopping Iguatemi Fortaleza
25248,2,20/01/2026,Shopping Iguatemi Fortaleza
25259,1,20/01/2026,Shopping Iguatemi Fortaleza
25260,1,20/01/2026,Shopping Iguatemi Fortaleza
25261,0,20/01/2026,Shopping Iguatemi Fortaleza
25262,2,20/01/2026,Shopping Iguatemi Fortaleza
25263,1,20/01/2026,Shopping Iguatemi Fortaleza
25264,2,20/01/2026,Shopping Iguatemi Fortaleza
25265,4,20/01/2026,Shopping Iguatemi Fortaleza
25266,0,20/01/2026,Shopping Iguatemi Fortaleza
25267,0,20/01/2026,Shopping Iguatemi Fortaleza
25273,2,20/01/2026,Shopping Iguatemi Fortaleza
25288,0,20/01/2026,Shopping Iguatemi Fortaleza
25289,1,20/01/2026,Shopping Iguatemi Fortaleza
25330,2,20/01/2026,Shopping Iguatemi Fortaleza
25331,0,20/01/2026,Shopping Iguatemi Fortaleza
25368,6,20/01/2026,Shopping Iguatemi Fortaleza
25370,1,20/01/2026,Shopping Iguatemi Fortaleza
25371,3,20/01/2026,Shopping Iguatemi Fortaleza
25373,1,20/01/2026,Shopping Iguatemi Fortaleza
25378,2,20/01/2026,Shopping Iguatemi Fortaleza
25414,0,20/01/2026,Shopping Iguatemi Fortaleza
25415,2,20/01/2026,Shopping Iguatemi Fortaleza
25416,0,20/01/2026,Shopping Iguatemi Fortaleza
25418,2,20/01/2026,Shopping Iguatemi Fortaleza
25419,2,20/01/2026,Shopping Iguatemi Fortaleza
25420,0,20/01/2026,Shopping Iguatemi Fortaleza
25423,0,20/01/2026,Shopping Iguatemi Fortaleza
25424,1,20/01/2026,Shopping Iguatemi Fortaleza
25425,0,20/01/2026,Shopping Iguatemi Fortaleza
25426,0,20/01/2026,Shopping Iguatemi Fortaleza
25427,0,20/01/2026,Shopping Iguatemi Fortaleza
25428,3,20/01/2026,Shopping Iguatemi Fortaleza
25429,2,20/01/2026,Shopping Iguatemi Fortaleza
25430,0,20/01/2026,Shopping Iguatemi Fortaleza
25431,0,20/01/2026,Shopping Iguatemi Fortaleza
25432,2,20/01/2026,Shopping Iguatemi Fortaleza
25433,2,20/01/2026,Shopping Iguatemi Fortaleza
25434,0,20/01/2026,Shopping Iguatemi Fortaleza
25435,2,20/01/2026,Shopping Iguatemi Fortaleza
25437,0,20/01/2026,Shopping Iguatemi Fortaleza
25438,2,20/01/2026,Shopping Iguatemi Fortaleza
25440,2,20/01/2026,Shopping Iguatemi Fortaleza
25441,0,20/01/2026,Shopping Iguatemi Fortaleza
25442,1,20/01/2026,Shopping Iguatemi Fortaleza
25443,1,20/01/2026,Shopping Iguatemi Fortaleza
25444,1,20/01/2026,Shopping Iguatemi Fortaleza
25445,0,20/01/2026,Shopping Iguatemi Fortaleza
25447,1,20/01/2026,Shopping Iguatemi Fortaleza
25448,4,20/01/2026,Shopping Iguatemi Fortaleza
25449,0,20/01/2026,Shopping Iguatemi Fortaleza
25450,2,20/01/2026,Shopping Iguatemi Fortaleza
25451,2,20/01/2026,Shopping Iguatemi Fortaleza
25487,3,20/01/2026,Shopping Iguatemi Fortaleza
25488,1,20/01/2026,Shopping Iguatemi Fortaleza
25489,0,20/01/2026,Shopping Iguatemi Fortaleza
25490,0,20/01/2026,Shopping Iguatemi Fortaleza
25491,2,20/01/2026,Shopping Iguatemi Fortaleza
25492,2,20/01/2026,Shopping Iguatemi Fortaleza
25493,2,20/01/2026,Shopping Iguatemi Fortaleza
25494,3,20/01/2026,Shopping Iguatemi Fortaleza
25495,3,20/01/2026,Shopping Iguatemi Fortaleza
25499,0,20/01/2026,Shopping Iguatemi Fortaleza
25633,0,20/01/2026,Shopping Iguatemi Fortaleza
25634,1,20/01/2026,Shopping Iguatemi Fortaleza
25671,0,20/01/2026,Shopping Iguatemi Fortaleza
25718,1,20/01/2026,Shopping Iguatemi Fortaleza
25719,1,20/01/2026,Shopping Iguatemi Fortaleza
25720,1,20/01/2026,Shopping Iguatemi Fortaleza
25721,2,20/01/2026,Shopping Iguatemi Fortaleza
25722,2,20/01/2026,Shopping Iguatemi Fortaleza
25723,1,20/01/2026,Shopping Iguatemi Fortaleza
25724,0,20/01/2026,Shopping Iguatemi Fortaleza
25725,1,20/01/2026,Shopping Iguatemi Fortaleza
25726,0,20/01/2026,Shopping Iguatemi Fortaleza
25727,0,20/01/2026,Shopping Iguatemi Fortaleza
25728,0,20/01/2026,Shopping Iguatemi Fortaleza
25729,1,20/01/2026,Shopping Iguatemi Fortaleza
25730,0,20/01/2026,Shopping Iguatemi Fortaleza
25731,0,20/01/2026,Shopping Iguatemi Fortaleza
25732,1,20/01/2026,Shopping Iguatemi Fortaleza
25733,0,20/01/2026,Shopping Iguatemi Fortaleza
25734,0,20/01/2026,Shopping Iguatemi Fortaleza
25735,0,20/01/2026,Shopping Iguatemi Fortaleza
25736,2,20/01/2026,Shopping Iguatemi Fortaleza
25737,2,20/01/2026,Shopping Iguatemi Fortaleza
25738,1,20/01/2026,Shopping Iguatemi Fortaleza
25739,1,20/01/2026,Shopping Iguatemi Fortaleza
25740,2,20/01/2026,Shopping Iguatemi Fortaleza
25741,2,20/01/2026,Shopping Iguatemi Fortaleza
25742,2,20/01/2026,Shopping Iguatemi Fortaleza
25743,5,20/01/2026,Shopping Iguatemi Fortaleza
25744,3,20/01/2026,Shopping Iguatemi Fortaleza
25745,4,20/01/2026,Shopping Iguatemi Fortaleza
25746,2,20/01/2026,Shopping Iguatemi Fortaleza
25747,2,20/01/2026,Shopping Iguatemi Fortaleza
25748,4,20/01/2026,Shopping Iguatemi Fortaleza
25749,4,20/01/2026,Shopping Iguatemi Fortaleza
25750,2,20/01/2026,Shopping Iguatemi Fortaleza
25751,1,20/01/2026,Shopping Iguatemi Fortaleza
25752,1,20/01/2026,Shopping Iguatemi Fortaleza
25753,0,20/01/2026,Shopping Iguatemi Fortaleza
25755,1,20/01/2026,Shopping Iguatemi Fortaleza
25756,1,20/01/2026,Shopping Iguatemi Fortaleza
25757,3,20/01/2026,Shopping Iguatemi Fortaleza
25788,1,20/01/2026,Shopping Iguatemi Fortaleza
25796,0,20/01/2026,Shopping Iguatemi Fortaleza
25797,0,20/01/2026,Shopping Iguatemi Fortaleza
25800,1,20/01/2026,Shopping Iguatemi Fortaleza
25808,0,20/01/2026,Shopping Iguatemi Fortaleza
25810,2,20/01/2026,Shopping Iguatemi Fortaleza
25811,0,20/01/2026,Shopping Iguatemi Fortaleza
25812,1,20/01/2026,Shopping Iguatemi Fortaleza
25813,1,20/01/2026,Shopping Iguatemi Fortaleza
25814,0,20/01/2026,Shopping Iguatemi Fortaleza
25815,1,20/01/2026,Shopping Iguatemi Fortaleza
25816,1,20/01/2026,Shopping Iguatemi Fortaleza
25817,2,20/01/2026,Shopping Iguatemi Fortaleza
25818,0,20/01/2026,Shopping Iguatemi Fortaleza
25819,3,20/01/2026,Shopping Iguatemi Fortaleza
25831,2,20/01/2026,Shopping Iguatemi Fortaleza
25838,0,20/01/2026,Shopping Iguatemi Fortaleza
25840,0,20/01/2026,Shopping Iguatemi Fortaleza
25842,0,20/01/2026,Shopping Iguatemi Fortaleza
25846,0,20/01/2026,Shopping Iguatemi Fortaleza
25849,0,20/01/2026,Shopping Iguatemi Fortaleza
25854,0,20/01/2026,Shopping Iguatemi Fortaleza
25855,0,20/01/2026,Shopping Iguatemi Fortaleza
25856,0,20/01/2026,Shopping Iguatemi Fortaleza
25857,0,20/01/2026,Shopping Iguatemi Fortaleza
25858,0,20/01/2026,Shopping Iguatemi Fortaleza
25859,0,20/01/2026,Shopping Iguatemi Fortaleza
25860,0,20/01/2026,Shopping Iguatemi Fortaleza
25862,0,20/01/2026,Shopping Iguatemi Fortaleza
25868,0,20/01/2026,Shopping Iguatemi Fortaleza
25869,0,20/01/2026,Shopping Iguatemi Fortaleza
25880,0,20/01/2026,Shopping Iguatemi Fortaleza
25881,0,20/01/2026,Shopping Iguatemi Fortaleza
25883,0,20/01/2026,Shopping Iguatemi Fortaleza
26056,0,20/01/2026,Shopping Iguatemi Fortaleza
26057,2,20/01/2026,Shopping Iguatemi Fortaleza
26067,0,20/01/2026,Shopping Iguatemi Fortaleza
26092,3,20/01/2026,Shopping Iguatemi Fortaleza
26093,2,20/01/2026,Shopping Iguatemi Fortaleza
26094,3,20/01/2026,Shopping Iguatemi Fortaleza
26101,1,20/01/2026,Shopping Iguatemi Fortaleza
26131,0,20/01/2026,Shopping Iguatemi Fortaleza
26132,2,20/01/2026,Shopping Iguatemi Fortaleza
26139,2,20/01/2026,Shopping Iguatemi Fortaleza
26140,2,20/01/2026,Shopping Iguatemi Fortaleza
26177,2,20/01/2026,Shopping Iguatemi Fortaleza
26178,2,20/01/2026,Shopping Iguatemi Fortaleza
26179,1,20/01/2026,Shopping Iguatemi Fortaleza
26180,2,20/01/2026,Shopping Iguatemi Fortaleza
26181,2,20/01/2026,Shopping Iguatemi Fortaleza
26182,2,20/01/2026,Shopping Iguatemi Fortaleza
26183,1,20/01/2026,Shopping Iguatemi Fortaleza
26184,1,20/01/2026,Shopping Iguatemi Fortaleza
26185,2,20/01/2026,Shopping Iguatemi Fortaleza
26190,1,20/01/2026,Shopping Iguatemi Fortaleza
26202,1,20/01/2026,Shopping Iguatemi Fortaleza
26203,2,20/01/2026,Shopping Iguatemi Fortaleza
26204,0,20/01/2026,Shopping Iguatemi Fortaleza
26205,1,20/01/2026,Shopping Iguatemi Fortaleza
26206,2,20/01/2026,Shopping Iguatemi Fortaleza
26207,6,20/01/2026,Shopping Iguatemi Fortaleza
26208,2,20/01/2026,Shopping Iguatemi Fortaleza
26209,2,20/01/2026,Shopping Iguatemi Fortaleza
26210,2,20/01/2026,Shopping Iguatemi Fortaleza
26211,1,20/01/2026,Shopping Iguatemi Fortaleza
26212,1,20/01/2026,Shopping Iguatemi Fortaleza
26213,1,20/01/2026,Shopping Iguatemi Fortaleza
26214,3,20/01/2026,Shopping Iguatemi Fortaleza
26215,4,20/01/2026,Shopping Iguatemi Fortaleza
26216,3,20/01/2026,Shopping Iguatemi Fortaleza
26217,3,20/01/2026,Shopping Iguatemi Fortaleza
26218,3,20/01/2026,Shopping Iguatemi Fortaleza
26219,2,20/01/2026,Shopping Iguatemi Fortaleza
26220,4,20/01/2026,Shopping Iguatemi Fortaleza
26221,5,20/01/2026,Shopping Iguatemi Fortaleza
26243,0,20/01/2026,Shopping Iguatemi Fortaleza
26244,1,20/01/2026,Shopping Iguatemi Fortaleza
26245,1,20/01/2026,Shopping Iguatemi Fortaleza
26258,2,20/01/2026,Shopping Iguatemi Fortaleza
26260,0,20/01/2026,Shopping Iguatemi Fortaleza
26268,3,20/01/2026,Shopping Iguatemi Fortaleza
26269,1,20/01/2026,Shopping Iguatemi Fortaleza
26270,2,20/01/2026,Shopping Iguatemi Fortaleza
26275,2,20/01/2026,Shopping Iguatemi Fortaleza
26278,0,20/01/2026,Shopping Iguatemi Fortaleza
26294,2,20/01/2026,Shopping Iguatemi Fortaleza
26322,0,20/01/2026,Shopping Iguatemi Fortaleza
26326,1,20/01/2026,Shopping Iguatemi Fortaleza
26365,2,20/01/2026,Shopping Iguatemi Fortaleza
26366,2,20/01/2026,Shopping Iguatemi Fortaleza
26367,1,20/01/2026,Shopping Iguatemi Fortaleza
26368,1,20/01/2026,Shopping Iguatemi Fortaleza
26369,1,20/01/2026,Shopping Iguatemi Fortaleza
26370,0,20/01/2026,Shopping Iguatemi Fortaleza
26371,0,20/01/2026,Shopping Iguatemi Fortaleza
26372,0,20/01/2026,Shopping Iguatemi Fortaleza
26373,1,20/01/2026,Shopping Iguatemi Fortaleza
26374,0,20/01/2026,Shopping Iguatemi Fortaleza
26375,2,20/01/2026,Shopping Iguatemi Fortaleza
26376,3,20/01/2026,Shopping Iguatemi Fortaleza
26377,3,20/01/2026,Shopping Iguatemi Fortaleza
26378,2,20/01/2026,Shopping Iguatemi Fortaleza
26379,0,20/01/2026,Shopping Iguatemi Fortaleza
26380,2,20/01/2026,Shopping Iguatemi Fortaleza
26381,1,20/01/2026,Shopping Iguatemi Fortaleza
26382,2,20/01/2026,Shopping Iguatemi Fortaleza
26383,1,20/01/2026,Shopping Iguatemi Fortaleza
26384,2,20/01/2026,Shopping Iguatemi Fortaleza
26385,1,20/01/2026,Shopping Iguatemi Fortaleza
26386,1,20/01/2026,Shopping Iguatemi Fortaleza
26387,1,20/01/2026,Shopping Iguatemi Fortaleza
26388,4,20/01/2026,Shopping Iguatemi Fortaleza
26389,3,20/01/2026,Shopping Iguatemi Fortaleza
26399,0,20/01/2026,Shopping Iguatemi Fortaleza
26400,0,20/01/2026,Shopping Iguatemi Fortaleza
26401,2,20/01/2026,Shopping Iguatemi Fortaleza
26402,0,20/01/2026,Shopping Iguatemi Fortaleza
26403,0,20/01/2026,Shopping Iguatemi Fortaleza
26404,0,20/01/2026,Shopping Iguatemi Fortaleza
26405,2,20/01/2026,Shopping Iguatemi Fortaleza
26406,0,20/01/2026,Shopping Iguatemi Fortaleza
26407,0,20/01/2026,Shopping Iguatemi Fortaleza
26408,0,20/01/2026,Shopping Iguatemi Fortaleza
26409,0,20/01/2026,Shopping Iguatemi Fortaleza
26410,0,20/01/2026,Shopping Iguatemi Fortaleza
26411,2,20/01/2026,Shopping Iguatemi Fortaleza
26412,1,20/01/2026,Shopping Iguatemi Fortaleza
26413,0,20/01/2026,Shopping Iguatemi Fortaleza
26414,1,20/01/2026,Shopping Iguatemi Fortaleza
26415,0,20/01/2026,Shopping Iguatemi Fortaleza
26450,0,20/01/2026,Shopping Iguatemi Fortaleza
26583,0,20/01/2026,Shopping Iguatemi Fortaleza
26589,0,20/01/2026,Shopping Iguatemi Fortaleza
26590,0,20/01/2026,Shopping Iguatemi Fortaleza
26598,2,20/01/2026,Shopping Iguatemi Fortaleza
26599,3,20/01/2026,Shopping Iguatemi Fortaleza
26600,2,20/01/2026,Shopping Iguatemi Fortaleza
26601,1,20/01/2026,Shopping Iguatemi Fortaleza
26692,0,20/01/2026,Shopping Iguatemi Fortaleza
26721,4,20/01/2026,Shopping Iguatemi Fortaleza
26722,1,20/01/2026,Shopping Iguatemi Fortaleza
26723,3,20/01/2026,Shopping Iguatemi Fortaleza
26745,0,20/01/2026,Shopping Iguatemi Fortaleza
26746,0,20/01/2026,Shopping Iguatemi Fortaleza
26747,0,20/01/2026,Shopping Iguatemi Fortaleza
26748,0,20/01/2026,Shopping Iguatemi Fortaleza
26749,0,20/01/2026,Shopping Iguatemi Fortaleza
26750,0,20/01/2026,Shopping Iguatemi Fortaleza
26751,0,20/01/2026,Shopping Iguatemi Fortaleza
26752,0,20/01/2026,Shopping Iguatemi Fortaleza
26753,0,20/01/2026,Shopping Iguatemi Fortaleza
26754,0,20/01/2026,Shopping Iguatemi Fortaleza
26755,0,20/01/2026,Shopping Iguatemi Fortaleza
26756,0,20/01/2026,Shopping Iguatemi Fortaleza
26757,0,20/01/2026,Shopping Iguatemi Fortaleza
26758,1,20/01/2026,Shopping Iguatemi Fortaleza
26759,0,20/01/2026,Shopping Iguatemi Fortaleza
26760,0,20/01/2026,Shopping Iguatemi Fortaleza
26761,1,20/01/2026,Shopping Iguatemi Fortaleza
26762,0,20/01/2026,Shopping Iguatemi Fortaleza
26764,0,20/01/2026,Shopping Iguatemi Fortaleza
26766,2,20/01/2026,Shopping Iguatemi Fortaleza
26767,2,20/01/2026,Shopping Iguatemi Fortaleza
26768,6,20/01/2026,Shopping Iguatemi Fortaleza
26769,3,20/01/2026,Shopping Iguatemi Fortaleza
26815,3,20/01/2026,Shopping Iguatemi Fortaleza
26829,1,20/01/2026,Shopping Iguatemi Fortaleza
26842,2,20/01/2026,Shopping Iguatemi Fortaleza
26843,1,20/01/2026,Shopping Iguatemi Fortaleza
26844,1,20/01/2026,Shopping Iguatemi Fortaleza
26845,1,20/01/2026,Shopping Iguatemi Fortaleza
26923,2,20/01/2026,Shopping Iguatemi Fortaleza
26931,0,20/01/2026,Shopping Iguatemi Fortaleza
26932,0,20/01/2026,Shopping Iguatemi Fortaleza
26934,0,20/01/2026,Shopping Iguatemi Fortaleza
26935,0,20/01/2026,Shopping Iguatemi Fortaleza
26936,0,20/01/2026,Shopping Iguatemi Fortaleza
26938,0,20/01/2026,Shopping Iguatemi Fortaleza
26940,0,20/01/2026,Shopping Iguatemi Fortaleza
26942,0,20/01/2026,Shopping Iguatemi Fortaleza
26944,2,20/01/2026,Shopping Iguatemi Fortaleza
26945,1,20/01/2026,Shopping Iguatemi Fortaleza
26946,2,20/01/2026,Shopping Iguatemi Fortaleza
26947,2,20/01/2026,Shopping Iguatemi Fortaleza
26948,2,20/01/2026,Shopping Iguatemi Fortaleza
26949,2,20/01/2026,Shopping Iguatemi Fortaleza
26950,2,20/01/2026,Shopping Iguatemi Fortaleza
26951,3,20/01/2026,Shopping Iguatemi Fortaleza
26952,0,20/01/2026,Shopping Iguatemi Fortaleza
26953,2,20/01/2026,Shopping Iguatemi Fortaleza
26954,4,20/01/2026,Shopping Iguatemi Fortaleza
26955,2,20/01/2026,Shopping Iguatemi Fortaleza
26957,3,20/01/2026,Shopping Iguatemi Fortaleza
26958,1,20/01/2026,Shopping Iguatemi Fortaleza
26959,1,20/01/2026,Shopping Iguatemi Fortaleza
26960,0,20/01/2026,Shopping Iguatemi Fortaleza
26975,0,20/01/2026,Shopping Iguatemi Fortaleza
26978,0,20/01/2026,Shopping Iguatemi Fortaleza
26979,1,20/01/2026,Shopping Iguatemi Fortaleza
27003,0,20/01/2026,Shopping Iguatemi Fortaleza
27013,0,20/01/2026,Shopping Iguatemi Fortaleza
27017,1,20/01/2026,Shopping Iguatemi Fortaleza
27027,0,20/01/2026,Shopping Iguatemi Fortaleza
27028,2,20/01/2026,Shopping Iguatemi Fortaleza
27029,2,20/01/2026,Shopping Iguatemi Fortaleza
27030,0,20/01/2026,Shopping Iguatemi Fortaleza
27031,0,20/01/2026,Shopping Iguatemi Fortaleza
27032,0,20/01/2026,Shopping Iguatemi Fortaleza
27055,1,20/01/2026,Shopping Iguatemi Fortaleza
27056,2,20/01/2026,Shopping Iguatemi Fortaleza
27057,2,20/01/2026,Shopping Iguatemi Fortaleza
27058,1,20/01/2026,Shopping Iguatemi Fortaleza
27059,0,20/01/2026,Shopping Iguatemi Fortaleza
27060,1,20/01/2026,Shopping Iguatemi Fortaleza
27061,1,20/01/2026,Shopping Iguatemi Fortaleza
27062,1,20/01/2026,Shopping Iguatemi Fortaleza
27063,0,20/01/2026,Shopping Iguatemi Fortaleza
27064,1,20/01/2026,Shopping Iguatemi Fortaleza
27065,2,20/01/2026,Shopping Iguatemi Fortaleza
27066,2,20/01/2026,Shopping Iguatemi Fortaleza
27067,2,20/01/2026,Shopping Iguatemi Fortaleza
27068,2,20/01/2026,Shopping Iguatemi Fortaleza
27069,0,20/01/2026,Shopping Iguatemi Fortaleza
27070,2,20/01/2026,Shopping Iguatemi Fortaleza
27071,2,20/01/2026,Shopping Iguatemi Fortaleza
27072,3,20/01/2026,Shopping Iguatemi Fortaleza
27090,2,20/01/2026,Shopping Iguatemi Fortaleza
27097,1,20/01/2026,Shopping Iguatemi Fortaleza
27098,3,20/01/2026,Shopping Iguatemi Fortaleza
27108,2,20/01/2026,Shopping Iguatemi Fortaleza
27109,1,20/01/2026,Shopping Iguatemi Fortaleza
27110,1,20/01/2026,Shopping Iguatemi Fortaleza
27111,1,20/01/2026,Shopping Iguatemi Fortaleza
27112,0,20/01/2026,Shopping Iguatemi Fortaleza
27113,1,20/01/2026,Shopping Iguatemi Fortaleza
27114,1,20/01/2026,Shopping Iguatemi Fortaleza
27115,2,20/01/2026,Shopping Iguatemi Fortaleza
27116,2,20/01/2026,Shopping Iguatemi Fortaleza
27125,2,20/01/2026,Shopping Iguatemi Fortaleza
27130,0,20/01/2026,Shopping Iguatemi Fortaleza
27131,0,20/01/2026,Shopping Iguatemi Fortaleza
27132,0,20/01/2026,Shopping Iguatemi Fortaleza
27133,0,20/01/2026,Shopping Iguatemi Fortaleza
27184,3,20/01/2026,Shopping Iguatemi Fortaleza
27188,1,20/01/2026,Shopping Iguatemi Fortaleza
27189,6,20/01/2026,Shopping Iguatemi Fortaleza
27190,0,20/01/2026,Shopping Iguatemi Fortaleza
27191,0,20/01/2026,Shopping Iguatemi Fortaleza
27192,0,20/01/2026,Shopping Iguatemi Fortaleza
27193,0,20/01/2026,Shopping Iguatemi Fortaleza
27211,0,20/01/2026,Shopping Iguatemi Fortaleza
27219,0,20/01/2026,Shopping Iguatemi Fortaleza
27227,3,20/01/2026,Shopping Iguatemi Fortaleza
27229,0,20/01/2026,Shopping Iguatemi Fortaleza
27230,2,20/01/2026,Shopping Iguatemi Fortaleza
27231,2,20/01/2026,Shopping Iguatemi Fortaleza
27233,0,20/01/2026,Shopping Iguatemi Fortaleza
27234,0,20/01/2026,Shopping Iguatemi Fortaleza
27235,0,20/01/2026,Shopping Iguatemi Fortaleza
27238,0,20/01/2026,Shopping Iguatemi Fortaleza
27251,1,20/01/2026,Shopping Iguatemi Fortaleza
27252,1,20/01/2026,Shopping Iguatemi Fortaleza
27253,0,20/01/2026,Shopping Iguatemi Fortaleza
27254,0,20/01/2026,Shopping Iguatemi Fortaleza
27256,0,20/01/2026,Shopping Iguatemi Fortaleza
27257,2,20/01/2026,Shopping Iguatemi Fortaleza
27258,0,20/01/2026,Shopping Iguatemi Fortaleza
27259,2,20/01/2026,Shopping Iguatemi Fortaleza
27260,2,20/01/2026,Shopping Iguatemi Fortaleza
27261,0,20/01/2026,Shopping Iguatemi Fortaleza
27262,0,20/01/2026,Shopping Iguatemi Fortaleza
27263,1,20/01/2026,Shopping Iguatemi Fortaleza
27264,0,20/01/2026,Shopping Iguatemi Fortaleza
27265,0,20/01/2026,Shopping Iguatemi Fortaleza
27273,0,20/01/2026,Shopping Iguatemi Fortaleza
27274,0,20/01/2026,Shopping Iguatemi Fortaleza
27275,0,20/01/2026,Shopping Iguatemi Fortaleza
27276,0,20/01/2026,Shopping Iguatemi Fortaleza
27277,0,20/01/2026,Shopping Iguatemi Fortaleza
27278,0,20/01/2026,Shopping Iguatemi Fortaleza
27279,0,20/01/2026,Shopping Iguatemi Fortaleza
27280,0,20/01/2026,Shopping Iguatemi Fortaleza
27281,1,20/01/2026,Shopping Iguatemi Fortaleza
27282,0,20/01/2026,Shopping Iguatemi Fortaleza
27283,0,20/01/2026,Shopping Iguatemi Fortaleza
27284,0,20/01/2026,Shopping Iguatemi Fortaleza
27285,1,20/01/2026,Shopping Iguatemi Fortaleza
27286,0,20/01/2026,Shopping Iguatemi Fortaleza
27287,0,20/01/2026,Shopping Iguatemi Fortaleza
27449,2,20/01/2026,Shopping Iguatemi Fortaleza
27482,0,20/01/2026,Shopping Iguatemi Fortaleza
27483,0,20/01/2026,Shopping Iguatemi Fortaleza
27491,2,20/01/2026,Shopping Iguatemi Fortaleza
27495,2,20/01/2026,Shopping Iguatemi Fortaleza
27496,1,20/01/2026,Shopping Iguatemi Fortaleza
27497,2,20/01/2026,Shopping Iguatemi Fortaleza
27498,2,20/01/2026,Shopping Iguatemi Fortaleza
27509,0,20/01/2026,Shopping Iguatemi Fortaleza
27510,0,20/01/2026,Shopping Iguatemi Fortaleza
27511,0,20/01/2026,Shopping Iguatemi Fortaleza
27532,0,20/01/2026,Shopping Iguatemi Fortaleza
27533,0,20/01/2026,Shopping Iguatemi Fortaleza
27534,0,20/01/2026,Shopping Iguatemi Fortaleza
27535,0,20/01/2026,Shopping Iguatemi Fortaleza
27537,0,20/01/2026,Shopping Iguatemi Fortaleza
27538,0,20/01/2026,Shopping Iguatemi Fortaleza
27539,0,20/01/2026,Shopping Iguatemi Fortaleza
27540,0,20/01/2026,Shopping Iguatemi Fortaleza
27541,1,20/01/2026,Shopping Iguatemi Fortaleza
27551,0,20/01/2026,Shopping Iguatemi Fortaleza
27634,0,20/01/2026,Shopping Iguatemi Fortaleza
27660,0,20/01/2026,Shopping Iguatemi Fortaleza
27662,0,20/01/2026,Shopping Iguatemi Fortaleza
27669,0,20/01/2026,Shopping Iguatemi Fortaleza
27673,0,20/01/2026,Shopping Iguatemi Fortaleza
27715,1,20/01/2026,Shopping Iguatemi Fortaleza
27716,0,20/01/2026,Shopping Iguatemi Fortaleza
313,0,20/01/2026,Shopping Manauara
322,0,20/01/2026,Shopping Manauara
338,0,20/01/2026,Shopping Manauara
341,0,20/01/2026,Shopping Manauara
398,0,20/01/2026,Shopping Manauara
610,0,20/01/2026,Shopping Manauara
674,0,20/01/2026,Shopping Manauara
727,0,20/01/2026,Shopping Manauara
887,0,20/01/2026,Shopping Manauara
888,0,20/01/2026,Shopping Manauara
889,0,20/01/2026,Shopping Manauara
890,0,20/01/2026,Shopping Manauara
1049,0,20/01/2026,Shopping Manauara
1100,0,20/01/2026,Shopping Manauara
1109,0,20/01/2026,Shopping Manauara
1119,0,20/01/2026,Shopping Manauara
1276,0,20/01/2026,Shopping Manauara
1277,0,20/01/2026,Shopping Manauara
1362,0,20/01/2026,Shopping Manauara
1363,0,20/01/2026,Shopping Manauara
1367,0,20/01/2026,Shopping Manauara
1368,0,20/01/2026,Shopping Manauara
1405,0,20/01/2026,Shopping Manauara
1438,0,20/01/2026,Shopping Manauara
1499,0,20/01/2026,Shopping Manauara
1526,0,20/01/2026,Shopping Manauara
1712,0,20/01/2026,Shopping Manauara
1941,0,20/01/2026,Shopping Manauara
2197,0,20/01/2026,Shopping Manauara
2200,0,20/01/2026,Shopping Manauara
2202,0,20/01/2026,Shopping Manauara
2207,0,20/01/2026,Shopping Manauara
2208,0,20/01/2026,Shopping Manauara
2217,0,20/01/2026,Shopping Manauara
2398,0,20/01/2026,Shopping Manauara
2403,0,20/01/2026,Shopping Manauara
2617,0,20/01/2026,Shopping Manauara
2646,0,20/01/2026,Shopping Manauara
2693,0,20/01/2026,Shopping Manauara
2697,0,20/01/2026,Shopping Manauara
2721,0,20/01/2026,Shopping Manauara
2723,0,20/01/2026,Shopping Manauara
2725,0,20/01/2026,Shopping Manauara
2811,0,20/01/2026,Shopping Manauara
2842,0,20/01/2026,Shopping Manauara
2844,0,20/01/2026,Shopping Manauara
2845,0,20/01/2026,Shopping Manauara
2867,0,20/01/2026,Shopping Manauara
2881,0,20/01/2026,Shopping Manauara
2930,0,20/01/2026,Shopping Manauara
3056,0,20/01/2026,Shopping Manauara
3065,0,20/01/2026,Shopping Manauara
3099,0,20/01/2026,Shopping Manauara
3147,0,20/01/2026,Shopping Manauara
3190,0,20/01/2026,Shopping Manauara
3406,0,20/01/2026,Shopping Manauara
3462,0,20/01/2026,Shopping Manauara
3532,0,20/01/2026,Shopping Manauara
3533,1,20/01/2026,Shopping Manauara
3554,0,20/01/2026,Shopping Manauara
3555,0,20/01/2026,Shopping Manauara
3556,0,20/01/2026,Shopping Manauara
3573,0,20/01/2026,Shopping Manauara
3746,0,20/01/2026,Shopping Manauara
3747,5,20/01/2026,Shopping Manauara
3751,0,20/01/2026,Shopping Manauara
3800,0,20/01/2026,Shopping Manauara
3823,0,20/01/2026,Shopping Manauara
3825,0,20/01/2026,Shopping Manauara
3871,0,20/01/2026,Shopping Manauara
3882,0,20/01/2026,Shopping Manauara
3901,0,20/01/2026,Shopping Manauara
3904,0,20/01/2026,Shopping Manauara
3905,0,20/01/2026,Shopping Manauara
3906,0,20/01/2026,Shopping Manauara
3969,0,20/01/2026,Shopping Manauara
4028,0,20/01/2026,Shopping Manauara
4030,0,20/01/2026,Shopping Manauara
4031,0,20/01/2026,Shopping Manauara
4032,0,20/01/2026,Shopping Manauara
4033,0,20/01/2026,Shopping Manauara
4034,0,20/01/2026,Shopping Manauara
4035,0,20/01/2026,Shopping Manauara
4054,0,20/01/2026,Shopping Manauara
4111,0,20/01/2026,Shopping Manauara
4112,0,20/01/2026,Shopping Manauara
4113,0,20/01/2026,Shopping Manauara
4114,0,20/01/2026,Shopping Manauara
4140,0,20/01/2026,Shopping Manauara
4141,0,20/01/2026,Shopping Manauara
4147,0,20/01/2026,Shopping Manauara
4148,0,20/01/2026,Shopping Manauara
4149,0,20/01/2026,Shopping Manauara
4160,0,20/01/2026,Shopping Manauara
4310,0,20/01/2026,Shopping Manauara
4312,0,20/01/2026,Shopping Manauara
4325,0,20/01/2026,Shopping Manauara
4347,0,20/01/2026,Shopping Manauara
4348,0,20/01/2026,Shopping Manauara
4349,0,20/01/2026,Shopping Manauara
4350,0,20/01/2026,Shopping Manauara
4351,0,20/01/2026,Shopping Manauara
4352,0,20/01/2026,Shopping Manauara
4353,0,20/01/2026,Shopping Manauara
4354,0,20/01/2026,Shopping Manauara
4355,0,20/01/2026,Shopping Manauara
4356,0,20/01/2026,Shopping Manauara
4357,0,20/01/2026,Shopping Manauara
4358,0,20/01/2026,Shopping Manauara
4359,0,20/01/2026,Shopping Manauara
4362,0,20/01/2026,Shopping Manauara
4363,0,20/01/2026,Shopping Manauara
4364,0,20/01/2026,Shopping Manauara
4365,0,20/01/2026,Shopping Manauara
4366,0,20/01/2026,Shopping Manauara
4367,0,20/01/2026,Shopping Manauara
4368,0,20/01/2026,Shopping Manauara
4372,0,20/01/2026,Shopping Manauara
4380,3,20/01/2026,Shopping Manauara
4382,0,20/01/2026,Shopping Manauara
4395,0,20/01/2026,Shopping Manauara
4434,0,20/01/2026,Shopping Manauara
4456,0,20/01/2026,Shopping Manauara
4457,0,20/01/2026,Shopping Manauara
4459,0,20/01/2026,Shopping Manauara
4460,2,20/01/2026,Shopping Manauara
4497,2,20/01/2026,Shopping Manauara
4499,0,20/01/2026,Shopping Manauara
4550,0,20/01/2026,Shopping Manauara
4600,0,20/01/2026,Shopping Manauara
4658,0,20/01/2026,Shopping Manauara
4660,0,20/01/2026,Shopping Manauara
4687,1,20/01/2026,Shopping Manauara
4688,1,20/01/2026,Shopping Manauara
4700,0,20/01/2026,Shopping Manauara
4725,0,20/01/2026,Shopping Manauara
4726,0,20/01/2026,Shopping Manauara
4727,0,20/01/2026,Shopping Manauara
4728,2,20/01/2026,Shopping Manauara
4750,0,20/01/2026,Shopping Manauara
4882,0,20/01/2026,Shopping Manauara
4980,0,20/01/2026,Shopping Manauara
4981,0,20/01/2026,Shopping Manauara
5049,0,20/01/2026,Shopping Manauara
5702,0,20/01/2026,Shopping Manauara
5703,0,20/01/2026,Shopping Manauara
5704,0,20/01/2026,Shopping Manauara
5705,0,20/01/2026,Shopping Manauara
6332,0,20/01/2026,Shopping Manauara
8144,0,20/01/2026,Shopping Manauara
8145,1,20/01/2026,Shopping Manauara
8146,0,20/01/2026,Shopping Manauara
8152,0,20/01/2026,Shopping Manauara
8153,2,20/01/2026,Shopping Manauara
8154,0,20/01/2026,Shopping Manauara
8155,0,20/01/2026,Shopping Manauara
8156,0,20/01/2026,Shopping Manauara
8157,2,20/01/2026,Shopping Manauara
8158,0,20/01/2026,Shopping Manauara
8159,0,20/01/2026,Shopping Manauara
8520,0,20/01/2026,Shopping Manauara
8521,0,20/01/2026,Shopping Manauara
20715,0,20/01/2026,Shopping Manauara
20716,0,20/01/2026,Shopping Manauara
20717,0,20/01/2026,Shopping Manauara
20718,0,20/01/2026,Shopping Manauara
20719,0,20/01/2026,Shopping Manauara
20720,0,20/01/2026,Shopping Manauara
20721,0,20/01/2026,Shopping Manauara
20722,0,20/01/2026,Shopping Manauara
20723,2,20/01/2026,Shopping Manauara
20737,0,20/01/2026,Shopping Manauara
20755,0,20/01/2026,Shopping Manauara
20790,1,20/01/2026,Shopping Manauara
20791,1,20/01/2026,Shopping Manauara
20792,1,20/01/2026,Shopping Manauara
20793,1,20/01/2026,Shopping Manauara
20833,0,20/01/2026,Shopping Manauara
20834,0,20/01/2026,Shopping Manauara
20875,0,20/01/2026,Shopping Manauara
20877,0,20/01/2026,Shopping Manauara
20990,0,20/01/2026,Shopping Manauara
21069,0,20/01/2026,Shopping Manauara
21080,0,20/01/2026,Shopping Manauara
21113,0,20/01/2026,Shopping Manauara
21143,0,20/01/2026,Shopping Manauara
21144,0,20/01/2026,Shopping Manauara
21145,0,20/01/2026,Shopping Manauara
21146,0,20/01/2026,Shopping Manauara
21147,0,20/01/2026,Shopping Manauara
21148,0,20/01/2026,Shopping Manauara
21149,0,20/01/2026,Shopping Manauara
21190,0,20/01/2026,Shopping Manauara
21191,0,20/01/2026,Shopping Manauara
21227,0,20/01/2026,Shopping Manauara
21255,0,20/01/2026,Shopping Manauara
21267,0,20/01/2026,Shopping Manauara
21279,0,20/01/2026,Shopping Manauara
21286,1,20/01/2026,Shopping Manauara
21288,0,20/01/2026,Shopping Manauara
21289,2,20/01/2026,Shopping Manauara
21290,3,20/01/2026,Shopping Manauara
21291,0,20/01/2026,Shopping Manauara
21295,3,20/01/2026,Shopping Manauara
21296,3,20/01/2026,Shopping Manauara
21299,0,20/01/2026,Shopping Manauara
21300,0,20/01/2026,Shopping Manauara
21309,0,20/01/2026,Shopping Manauara
21311,0,20/01/2026,Shopping Manauara
21312,0,20/01/2026,Shopping Manauara
21313,0,20/01/2026,Shopping Manauara
21314,0,20/01/2026,Shopping Manauara
21315,0,20/01/2026,Shopping Manauara
21316,0,20/01/2026,Shopping Manauara
21317,2,20/01/2026,Shopping Manauara
21383,0,20/01/2026,Shopping Manauara
21414,1,20/01/2026,Shopping Manauara
21458,0,20/01/2026,Shopping Manauara
21462,1,20/01/2026,Shopping Manauara
21463,0,20/01/2026,Shopping Manauara
21464,1,20/01/2026,Shopping Manauara
21466,0,20/01/2026,Shopping Manauara
21467,1,20/01/2026,Shopping Manauara
21492,0,20/01/2026,Shopping Manauara
21510,0,20/01/2026,Shopping Manauara
21511,1,20/01/2026,Shopping Manauara
21512,1,20/01/2026,Shopping Manauara
21513,2,20/01/2026,Shopping Manauara
21514,4,20/01/2026,Shopping Manauara
21547,0,20/01/2026,Shopping Manauara
21557,1,20/01/2026,Shopping Manauara
21574,0,20/01/2026,Shopping Manauara
21575,0,20/01/2026,Shopping Manauara
21576,0,20/01/2026,Shopping Manauara
21581,0,20/01/2026,Shopping Manauara
21582,0,20/01/2026,Shopping Manauara
21583,0,20/01/2026,Shopping Manauara
21601,1,20/01/2026,Shopping Manauara
21613,0,20/01/2026,Shopping Manauara
21614,0,20/01/2026,Shopping Manauara
21682,1,20/01/2026,Shopping Manauara
21691,2,20/01/2026,Shopping Manauara
21694,1,20/01/2026,Shopping Manauara
21696,2,20/01/2026,Shopping Manauara
21697,0,20/01/2026,Shopping Manauara
21698,3,20/01/2026,Shopping Manauara
21703,0,20/01/2026,Shopping Manauara
21704,0,20/01/2026,Shopping Manauara
21710,0,20/01/2026,Shopping Manauara
21717,0,20/01/2026,Shopping Manauara
21718,0,20/01/2026,Shopping Manauara
21719,0,20/01/2026,Shopping Manauara
21875,0,20/01/2026,Shopping Manauara
21876,0,20/01/2026,Shopping Manauara
21905,3,20/01/2026,Shopping Manauara
21909,1,20/01/2026,Shopping Manauara
21910,0,20/01/2026,Shopping Manauara
21911,0,20/01/2026,Shopping Manauara
21912,0,20/01/2026,Shopping Manauara
21913,0,20/01/2026,Shopping Manauara
21914,2,20/01/2026,Shopping Manauara
21915,3,20/01/2026,Shopping Manauara
21917,0,20/01/2026,Shopping Manauara
21918,0,20/01/2026,Shopping Manauara
21919,0,20/01/2026,Shopping Manauara
21920,0,20/01/2026,Shopping Manauara
21921,2,20/01/2026,Shopping Manauara
21923,0,20/01/2026,Shopping Manauara
21924,0,20/01/2026,Shopping Manauara
21925,0,20/01/2026,Shopping Manauara
21926,0,20/01/2026,Shopping Manauara
21927,1,20/01/2026,Shopping Manauara
22000,0,20/01/2026,Shopping Manauara
22001,0,20/01/2026,Shopping Manauara
22002,0,20/01/2026,Shopping Manauara
22101,0,20/01/2026,Shopping Manauara
22102,0,20/01/2026,Shopping Manauara
22103,0,20/01/2026,Shopping Manauara
22114,1,20/01/2026,Shopping Manauara
22191,0,20/01/2026,Shopping Manauara
22278,0,20/01/2026,Shopping Manauara
22306,0,20/01/2026,Shopping Manauara
22307,0,20/01/2026,Shopping Manauara
22308,0,20/01/2026,Shopping Manauara
22403,0,20/01/2026,Shopping Manauara
22417,0,20/01/2026,Shopping Manauara
22476,0,20/01/2026,Shopping Manauara
22477,0,20/01/2026,Shopping Manauara
22482,0,20/01/2026,Shopping Manauara
22487,0,20/01/2026,Shopping Manauara
22492,0,20/01/2026,Shopping Manauara
22504,0,20/01/2026,Shopping Manauara
22515,0,20/01/2026,Shopping Manauara
22547,0,20/01/2026,Shopping Manauara
22578,0,20/01/2026,Shopping Manauara
22589,0,20/01/2026,Shopping Manauara
22590,0,20/01/2026,Shopping Manauara
22595,0,20/01/2026,Shopping Manauara
22597,1,20/01/2026,Shopping Manauara
22598,0,20/01/2026,Shopping Manauara
22642,0,20/01/2026,Shopping Manauara
22666,0,20/01/2026,Shopping Manauara
22667,0,20/01/2026,Shopping Manauara
22668,0,20/01/2026,Shopping Manauara
22756,4,20/01/2026,Shopping Manauara
22850,0,20/01/2026,Shopping Manauara
22854,0,20/01/2026,Shopping Manauara
22859,0,20/01/2026,Shopping Manauara
22870,0,20/01/2026,Shopping Manauara
22883,0,20/01/2026,Shopping Manauara
22922,0,20/01/2026,Shopping Manauara
22923,0,20/01/2026,Shopping Manauara
22980,0,20/01/2026,Shopping Manauara
22985,0,20/01/2026,Shopping Manauara
22987,0,20/01/2026,Shopping Manauara
22988,0,20/01/2026,Shopping Manauara
22990,0,20/01/2026,Shopping Manauara
23003,0,20/01/2026,Shopping Manauara
23004,0,20/01/2026,Shopping Manauara
23005,0,20/01/2026,Shopping Manauara
23006,0,20/01/2026,Shopping Manauara
23007,0,20/01/2026,Shopping Manauara
23008,0,20/01/2026,Shopping Manauara
23010,0,20/01/2026,Shopping Manauara
23011,0,20/01/2026,Shopping Manauara
23012,0,20/01/2026,Shopping Manauara
23013,0,20/01/2026,Shopping Manauara
23014,0,20/01/2026,Shopping Manauara
23015,0,20/01/2026,Shopping Manauara
23016,0,20/01/2026,Shopping Manauara
23017,0,20/01/2026,Shopping Manauara
23018,0,20/01/2026,Shopping Manauara
23019,0,20/01/2026,Shopping Manauara
23020,0,20/01/2026,Shopping Manauara
23023,0,20/01/2026,Shopping Manauara
23024,0,20/01/2026,Shopping Manauara
23061,0,20/01/2026,Shopping Manauara
23062,1,20/01/2026,Shopping Manauara
23063,1,20/01/2026,Shopping Manauara
23064,1,20/01/2026,Shopping Manauara
23065,0,20/01/2026,Shopping Manauara
23066,1,20/01/2026,Shopping Manauara
23067,1,20/01/2026,Shopping Manauara
23082,0,20/01/2026,Shopping Manauara
23083,0,20/01/2026,Shopping Manauara
23158,0,20/01/2026,Shopping Manauara
23186,0,20/01/2026,Shopping Manauara
23189,0,20/01/2026,Shopping Manauara
23217,0,20/01/2026,Shopping Manauara
23218,0,20/01/2026,Shopping Manauara
23224,0,20/01/2026,Shopping Manauara
23234,0,20/01/2026,Shopping Manauara
23264,0,20/01/2026,Shopping Manauara
23265,0,20/01/2026,Shopping Manauara
23266,0,20/01/2026,Shopping Manauara
23267,0,20/01/2026,Shopping Manauara
23268,0,20/01/2026,Shopping Manauara
23269,0,20/01/2026,Shopping Manauara
23270,0,20/01/2026,Shopping Manauara
23271,0,20/01/2026,Shopping Manauara
23273,0,20/01/2026,Shopping Manauara
23277,0,20/01/2026,Shopping Manauara
23284,3,20/01/2026,Shopping Manauara
23285,3,20/01/2026,Shopping Manauara
23286,2,20/01/2026,Shopping Manauara
23321,0,20/01/2026,Shopping Manauara
23323,0,20/01/2026,Shopping Manauara
23325,0,20/01/2026,Shopping Manauara
23341,1,20/01/2026,Shopping Manauara
23342,0,20/01/2026,Shopping Manauara
23364,0,20/01/2026,Shopping Manauara
23376,0,20/01/2026,Shopping Manauara
23397,0,20/01/2026,Shopping Manauara
23443,0,20/01/2026,Shopping Manauara
23461,0,20/01/2026,Shopping Manauara
23472,0,20/01/2026,Shopping Manauara
23473,0,20/01/2026,Shopping Manauara
23476,0,20/01/2026,Shopping Manauara
23590,3,20/01/2026,Shopping Manauara
23703,0,20/01/2026,Shopping Manauara
23714,0,20/01/2026,Shopping Manauara
23715,0,20/01/2026,Shopping Manauara
23716,0,20/01/2026,Shopping Manauara
23717,0,20/01/2026,Shopping Manauara
23718,0,20/01/2026,Shopping Manauara
23719,0,20/01/2026,Shopping Manauara
23720,0,20/01/2026,Shopping Manauara
23725,0,20/01/2026,Shopping Manauara
23726,0,20/01/2026,Shopping Manauara
23727,0,20/01/2026,Shopping Manauara
23728,0,20/01/2026,Shopping Manauara
23730,0,20/01/2026,Shopping Manauara
23731,0,20/01/2026,Shopping Manauara
23737,0,20/01/2026,Shopping Manauara
23738,0,20/01/2026,Shopping Manauara
23739,0,20/01/2026,Shopping Manauara
23740,0,20/01/2026,Shopping Manauara
23741,0,20/01/2026,Shopping Manauara
23742,0,20/01/2026,Shopping Manauara
23744,0,20/01/2026,Shopping Manauara
23745,0,20/01/2026,Shopping Manauara
23746,0,20/01/2026,Shopping Manauara
23747,0,20/01/2026,Shopping Manauara
23748,0,20/01/2026,Shopping Manauara
23755,0,20/01/2026,Shopping Manauara
23807,0,20/01/2026,Shopping Manauara
23810,0,20/01/2026,Shopping Manauara
23814,0,20/01/2026,Shopping Manauara
23817,0,20/01/2026,Shopping Manauara
23818,0,20/01/2026,Shopping Manauara
23819,0,20/01/2026,Shopping Manauara
23820,0,20/01/2026,Shopping Manauara
23821,0,20/01/2026,Shopping Manauara
23822,0,20/01/2026,Shopping Manauara
23827,0,20/01/2026,Shopping Manauara
23828,0,20/01/2026,Shopping Manauara
23829,0,20/01/2026,Shopping Manauara
23830,0,20/01/2026,Shopping Manauara
23887,0,20/01/2026,Shopping Manauara
23893,3,20/01/2026,Shopping Manauara
23894,0,20/01/2026,Shopping Manauara
23895,2,20/01/2026,Shopping Manauara
23896,1,20/01/2026,Shopping Manauara
23897,3,20/01/2026,Shopping Manauara
23898,1,20/01/2026,Shopping Manauara
23899,0,20/01/2026,Shopping Manauara
23900,2,20/01/2026,Shopping Manauara
23901,1,20/01/2026,Shopping Manauara
23902,0,20/01/2026,Shopping Manauara
23903,0,20/01/2026,Shopping Manauara
23904,2,20/01/2026,Shopping Manauara
23905,0,20/01/2026,Shopping Manauara
23906,2,20/01/2026,Shopping Manauara
23907,1,20/01/2026,Shopping Manauara
23908,0,20/01/2026,Shopping Manauara
23909,2,20/01/2026,Shopping Manauara
23910,2,20/01/2026,Shopping Manauara
23911,0,20/01/2026,Shopping Manauara
23912,0,20/01/2026,Shopping Manauara
23913,1,20/01/2026,Shopping Manauara
23914,2,20/01/2026,Shopping Manauara
23915,2,20/01/2026,Shopping Manauara
23916,2,20/01/2026,Shopping Manauara
23917,2,20/01/2026,Shopping Manauara
23918,3,20/01/2026,Shopping Manauara
23919,0,20/01/2026,Shopping Manauara
23920,0,20/01/2026,Shopping Manauara
23921,0,20/01/2026,Shopping Manauara
23922,0,20/01/2026,Shopping Manauara
23923,1,20/01/2026,Shopping Manauara
23924,1,20/01/2026,Shopping Manauara
23925,0,20/01/2026,Shopping Manauara
23926,1,20/01/2026,Shopping Manauara
23927,0,20/01/2026,Shopping Manauara
23928,1,20/01/2026,Shopping Manauara
23929,1,20/01/2026,Shopping Manauara
23930,0,20/01/2026,Shopping Manauara
23931,0,20/01/2026,Shopping Manauara
23932,0,20/01/2026,Shopping Manauara
23934,0,20/01/2026,Shopping Manauara
23935,0,20/01/2026,Shopping Manauara
23936,2,20/01/2026,Shopping Manauara
23937,0,20/01/2026,Shopping Manauara
23938,2,20/01/2026,Shopping Manauara
23939,0,20/01/2026,Shopping Manauara
23940,2,20/01/2026,Shopping Manauara
23941,0,20/01/2026,Shopping Manauara
23942,0,20/01/2026,Shopping Manauara
23943,0,20/01/2026,Shopping Manauara
23944,0,20/01/2026,Shopping Manauara
23945,2,20/01/2026,Shopping Manauara
23946,1,20/01/2026,Shopping Manauara
23947,0,20/01/2026,Shopping Manauara
23948,0,20/01/2026,Shopping Manauara
23949,0,20/01/2026,Shopping Manauara
23950,3,20/01/2026,Shopping Manauara
23951,0,20/01/2026,Shopping Manauara
23952,0,20/01/2026,Shopping Manauara
23953,0,20/01/2026,Shopping Manauara
23954,2,20/01/2026,Shopping Manauara
23955,0,20/01/2026,Shopping Manauara
23956,0,20/01/2026,Shopping Manauara
23958,3,20/01/2026,Shopping Manauara
23960,2,20/01/2026,Shopping Manauara
23961,2,20/01/2026,Shopping Manauara
23962,3,20/01/2026,Shopping Manauara
23963,1,20/01/2026,Shopping Manauara
23964,1,20/01/2026,Shopping Manauara
23965,0,20/01/2026,Shopping Manauara
23966,0,20/01/2026,Shopping Manauara
23967,3,20/01/2026,Shopping Manauara
23968,1,20/01/2026,Shopping Manauara
23969,2,20/01/2026,Shopping Manauara
23970,0,20/01/2026,Shopping Manauara
23971,0,20/01/2026,Shopping Manauara
23972,2,20/01/2026,Shopping Manauara
23973,1,20/01/2026,Shopping Manauara
23974,2,20/01/2026,Shopping Manauara
23975,0,20/01/2026,Shopping Manauara
23976,2,20/01/2026,Shopping Manauara
23977,0,20/01/2026,Shopping Manauara
23978,0,20/01/2026,Shopping Manauara
23979,0,20/01/2026,Shopping Manauara
23980,0,20/01/2026,Shopping Manauara
23981,3,20/01/2026,Shopping Manauara
23982,4,20/01/2026,Shopping Manauara
23983,0,20/01/2026,Shopping Manauara
23984,0,20/01/2026,Shopping Manauara
23985,0,20/01/2026,Shopping Manauara
23986,0,20/01/2026,Shopping Manauara
23987,0,20/01/2026,Shopping Manauara
23988,3,20/01/2026,Shopping Manauara
23989,2,20/01/2026,Shopping Manauara
23990,1,20/01/2026,Shopping Manauara
23991,0,20/01/2026,Shopping Manauara
23992,0,20/01/2026,Shopping Manauara
23993,0,20/01/2026,Shopping Manauara
23994,1,20/01/2026,Shopping Manauara
23995,0,20/01/2026,Shopping Manauara
23996,0,20/01/2026,Shopping Manauara
23997,0,20/01/2026,Shopping Manauara
23998,2,20/01/2026,Shopping Manauara
24000,0,20/01/2026,Shopping Manauara
24001,2,20/01/2026,Shopping Manauara
24002,0,20/01/2026,Shopping Manauara
24003,0,20/01/2026,Shopping Manauara
24004,0,20/01/2026,Shopping Manauara
24005,2,20/01/2026,Shopping Manauara
24006,0,20/01/2026,Shopping Manauara
24007,3,20/01/2026,Shopping Manauara
24008,0,20/01/2026,Shopping Manauara
24009,0,20/01/2026,Shopping Manauara
24010,0,20/01/2026,Shopping Manauara
24011,2,20/01/2026,Shopping Manauara
24012,0,20/01/2026,Shopping Manauara
24013,0,20/01/2026,Shopping Manauara
24014,1,20/01/2026,Shopping Manauara
24015,0,20/01/2026,Shopping Manauara
24016,1,20/01/2026,Shopping Manauara
24017,0,20/01/2026,Shopping Manauara
24018,1,20/01/2026,Shopping Manauara
24019,0,20/01/2026,Shopping Manauara
24021,1,20/01/2026,Shopping Manauara
24022,0,20/01/2026,Shopping Manauara
24023,0,20/01/2026,Shopping Manauara
24024,0,20/01/2026,Shopping Manauara
24025,3,20/01/2026,Shopping Manauara
24026,0,20/01/2026,Shopping Manauara
24027,1,20/01/2026,Shopping Manauara
24028,0,20/01/2026,Shopping Manauara
24029,0,20/01/2026,Shopping Manauara
24030,0,20/01/2026,Shopping Manauara
24031,0,20/01/2026,Shopping Manauara
24032,1,20/01/2026,Shopping Manauara
24033,2,20/01/2026,Shopping Manauara
24036,0,20/01/2026,Shopping Manauara
24037,0,20/01/2026,Shopping Manauara
24100,0,20/01/2026,Shopping Manauara
24101,0,20/01/2026,Shopping Manauara
24102,0,20/01/2026,Shopping Manauara
24103,2,20/01/2026,Shopping Manauara
24104,2,20/01/2026,Shopping Manauara
24105,3,20/01/2026,Shopping Manauara
24106,2,20/01/2026,Shopping Manauara
24107,3,20/01/2026,Shopping Manauara
24108,3,20/01/2026,Shopping Manauara
24109,3,20/01/2026,Shopping Manauara
24110,4,20/01/2026,Shopping Manauara
24111,1,20/01/2026,Shopping Manauara
24112,2,20/01/2026,Shopping Manauara
24113,3,20/01/2026,Shopping Manauara
24115,1,20/01/2026,Shopping Manauara
24116,2,20/01/2026,Shopping Manauara
24117,0,20/01/2026,Shopping Manauara
24118,1,20/01/2026,Shopping Manauara
24119,3,20/01/2026,Shopping Manauara
24120,0,20/01/2026,Shopping Manauara
24121,2,20/01/2026,Shopping Manauara
24122,0,20/01/2026,Shopping Manauara
24123,0,20/01/2026,Shopping Manauara
24124,0,20/01/2026,Shopping Manauara
24125,0,20/01/2026,Shopping Manauara
24126,0,20/01/2026,Shopping Manauara
24127,0,20/01/2026,Shopping Manauara
24128,1,20/01/2026,Shopping Manauara
24129,1,20/01/2026,Shopping Manauara
24130,0,20/01/2026,Shopping Manauara
24131,0,20/01/2026,Shopping Manauara
24134,0,20/01/2026,Shopping Manauara
24135,0,20/01/2026,Shopping Manauara
24136,0,20/01/2026,Shopping Manauara
24137,0,20/01/2026,Shopping Manauara
24140,2,20/01/2026,Shopping Manauara
24142,0,20/01/2026,Shopping Manauara
24149,0,20/01/2026,Shopping Manauara
24154,0,20/01/2026,Shopping Manauara
24158,0,20/01/2026,Shopping Manauara
24159,0,20/01/2026,Shopping Manauara
24160,0,20/01/2026,Shopping Manauara
24163,1,20/01/2026,Shopping Manauara
24164,0,20/01/2026,Shopping Manauara
24165,1,20/01/2026,Shopping Manauara
24166,0,20/01/2026,Shopping Manauara
24167,0,20/01/2026,Shopping Manauara
24168,0,20/01/2026,Shopping Manauara
24169,0,20/01/2026,Shopping Manauara
24170,1,20/01/2026,Shopping Manauara
24171,0,20/01/2026,Shopping Manauara
24172,2,20/01/2026,Shopping Manauara
24173,3,20/01/2026,Shopping Manauara
24174,0,20/01/2026,Shopping Manauara
24176,0,20/01/2026,Shopping Manauara
24177,0,20/01/2026,Shopping Manauara
24178,0,20/01/2026,Shopping Manauara
24179,0,20/01/2026,Shopping Manauara
24180,0,20/01/2026,Shopping Manauara
24188,0,20/01/2026,Shopping Manauara
24200,0,20/01/2026,Shopping Manauara
24204,3,20/01/2026,Shopping Manauara
24219,0,20/01/2026,Shopping Manauara
24220,0,20/01/2026,Shopping Manauara
24221,0,20/01/2026,Shopping Manauara
24234,0,20/01/2026,Shopping Manauara
24238,0,20/01/2026,Shopping Manauara
24324,1,20/01/2026,Shopping Manauara
24325,3,20/01/2026,Shopping Manauara
24326,0,20/01/2026,Shopping Manauara
24327,2,20/01/2026,Shopping Manauara
24328,2,20/01/2026,Shopping Manauara
24329,1,20/01/2026,Shopping Manauara
24330,2,20/01/2026,Shopping Manauara
24344,2,20/01/2026,Shopping Manauara
24387,4,20/01/2026,Shopping Manauara
24401,2,20/01/2026,Shopping Manauara
24412,0,20/01/2026,Shopping Manauara
24413,1,20/01/2026,Shopping Manauara
24415,0,20/01/2026,Shopping Manauara
24416,0,20/01/2026,Shopping Manauara
24417,1,20/01/2026,Shopping Manauara
24418,5,20/01/2026,Shopping Manauara
24419,0,20/01/2026,Shopping Manauara
24421,0,20/01/2026,Shopping Manauara
24422,0,20/01/2026,Shopping Manauara
24423,0,20/01/2026,Shopping Manauara
24424,0,20/01/2026,Shopping Manauara
24426,0,20/01/2026,Shopping Manauara
24427,0,20/01/2026,Shopping Manauara
24428,0,20/01/2026,Shopping Manauara
24429,0,20/01/2026,Shopping Manauara
24430,1,20/01/2026,Shopping Manauara
24431,0,20/01/2026,Shopping Manauara
24432,0,20/01/2026,Shopping Manauara
24433,0,20/01/2026,Shopping Manauara
24435,0,20/01/2026,Shopping Manauara
24436,0,20/01/2026,Shopping Manauara
24438,0,20/01/2026,Shopping Manauara
24439,0,20/01/2026,Shopping Manauara
24442,0,20/01/2026,Shopping Manauara
24443,0,20/01/2026,Shopping Manauara
24445,0,20/01/2026,Shopping Manauara
24446,0,20/01/2026,Shopping Manauara
24447,0,20/01/2026,Shopping Manauara
24448,0,20/01/2026,Shopping Manauara
24449,0,20/01/2026,Shopping Manauara
24450,0,20/01/2026,Shopping Manauara
24452,0,20/01/2026,Shopping Manauara
24454,2,20/01/2026,Shopping Manauara
24455,0,20/01/2026,Shopping Manauara
24469,0,20/01/2026,Shopping Manauara
24470,0,20/01/2026,Shopping Manauara
24533,0,20/01/2026,Shopping Manauara
24534,2,20/01/2026,Shopping Manauara
24579,3,20/01/2026,Shopping Manauara
24580,0,20/01/2026,Shopping Manauara
24581,0,20/01/2026,Shopping Manauara
24582,0,20/01/2026,Shopping Manauara
24583,3,20/01/2026,Shopping Manauara
24584,0,20/01/2026,Shopping Manauara
24585,0,20/01/2026,Shopping Manauara
24586,0,20/01/2026,Shopping Manauara
24587,1,20/01/2026,Shopping Manauara
24588,0,20/01/2026,Shopping Manauara
24589,0,20/01/2026,Shopping Manauara
24590,0,20/01/2026,Shopping Manauara
24591,0,20/01/2026,Shopping Manauara
24592,2,20/01/2026,Shopping Manauara
24593,2,20/01/2026,Shopping Manauara
24594,0,20/01/2026,Shopping Manauara
24595,0,20/01/2026,Shopping Manauara
24596,0,20/01/2026,Shopping Manauara
24597,0,20/01/2026,Shopping Manauara
24598,0,20/01/2026,Shopping Manauara
24599,0,20/01/2026,Shopping Manauara
24600,0,20/01/2026,Shopping Manauara
24601,2,20/01/2026,Shopping Manauara
24602,0,20/01/2026,Shopping Manauara
24603,0,20/01/2026,Shopping Manauara
24604,2,20/01/2026,Shopping Manauara
24605,1,20/01/2026,Shopping Manauara
24606,1,20/01/2026,Shopping Manauara
24607,0,20/01/2026,Shopping Manauara
24608,3,20/01/2026,Shopping Manauara
24609,0,20/01/2026,Shopping Manauara
24610,0,20/01/2026,Shopping Manauara
24611,1,20/01/2026,Shopping Manauara
24612,1,20/01/2026,Shopping Manauara
24613,1,20/01/2026,Shopping Manauara
24614,0,20/01/2026,Shopping Manauara
24615,0,20/01/2026,Shopping Manauara
24616,1,20/01/2026,Shopping Manauara
24617,2,20/01/2026,Shopping Manauara
24618,2,20/01/2026,Shopping Manauara
24619,3,20/01/2026,Shopping Manauara
24620,1,20/01/2026,Shopping Manauara
24621,1,20/01/2026,Shopping Manauara
24622,0,20/01/2026,Shopping Manauara
24623,0,20/01/2026,Shopping Manauara
24624,0,20/01/2026,Shopping Manauara
24625,0,20/01/2026,Shopping Manauara
24626,0,20/01/2026,Shopping Manauara
24627,0,20/01/2026,Shopping Manauara
24628,0,20/01/2026,Shopping Manauara
24629,0,20/01/2026,Shopping Manauara
24630,0,20/01/2026,Shopping Manauara
24631,0,20/01/2026,Shopping Manauara
24632,0,20/01/2026,Shopping Manauara
24633,0,20/01/2026,Shopping Manauara
24634,0,20/01/2026,Shopping Manauara
24635,0,20/01/2026,Shopping Manauara
24653,1,20/01/2026,Shopping Manauara
24682,2,20/01/2026,Shopping Manauara
24690,1,20/01/2026,Shopping Manauara
24693,4,20/01/2026,Shopping Manauara
24714,3,20/01/2026,Shopping Manauara
24722,0,20/01/2026,Shopping Manauara
24739,0,20/01/2026,Shopping Manauara
24757,0,20/01/2026,Shopping Manauara
24765,1,20/01/2026,Shopping Manauara
24766,0,20/01/2026,Shopping Manauara
24767,0,20/01/2026,Shopping Manauara
24768,1,20/01/2026,Shopping Manauara
24786,1,20/01/2026,Shopping Manauara
24806,0,20/01/2026,Shopping Manauara
24808,0,20/01/2026,Shopping Manauara
24809,0,20/01/2026,Shopping Manauara
24811,0,20/01/2026,Shopping Manauara
24812,3,20/01/2026,Shopping Manauara
24814,3,20/01/2026,Shopping Manauara
24874,0,20/01/2026,Shopping Manauara
24875,0,20/01/2026,Shopping Manauara
24876,0,20/01/2026,Shopping Manauara
24877,0,20/01/2026,Shopping Manauara
24878,0,20/01/2026,Shopping Manauara
24879,0,20/01/2026,Shopping Manauara
24880,0,20/01/2026,Shopping Manauara
24881,0,20/01/2026,Shopping Manauara
24882,0,20/01/2026,Shopping Manauara
24883,0,20/01/2026,Shopping Manauara
24884,0,20/01/2026,Shopping Manauara
24885,0,20/01/2026,Shopping Manauara
24886,1,20/01/2026,Shopping Manauara
24887,0,20/01/2026,Shopping Manauara
24888,0,20/01/2026,Shopping Manauara
24889,0,20/01/2026,Shopping Manauara
24891,1,20/01/2026,Shopping Manauara
24892,0,20/01/2026,Shopping Manauara
24894,5,20/01/2026,Shopping Manauara
24899,0,20/01/2026,Shopping Manauara
24900,0,20/01/2026,Shopping Manauara
24901,1,20/01/2026,Shopping Manauara
24923,1,20/01/2026,Shopping Manauara
24924,1,20/01/2026,Shopping Manauara
24925,1,20/01/2026,Shopping Manauara
24927,1,20/01/2026,Shopping Manauara
24928,0,20/01/2026,Shopping Manauara
24929,0,20/01/2026,Shopping Manauara
24930,0,20/01/2026,Shopping Manauara
24932,0,20/01/2026,Shopping Manauara
24933,0,20/01/2026,Shopping Manauara
24934,0,20/01/2026,Shopping Manauara
24935,0,20/01/2026,Shopping Manauara
24947,0,20/01/2026,Shopping Manauara
24948,0,20/01/2026,Shopping Manauara
24949,0,20/01/2026,Shopping Manauara
24950,0,20/01/2026,Shopping Manauara
24951,0,20/01/2026,Shopping Manauara
24952,0,20/01/2026,Shopping Manauara
24953,0,20/01/2026,Shopping Manauara
24954,0,20/01/2026,Shopping Manauara
24955,0,20/01/2026,Shopping Manauara
24956,0,20/01/2026,Shopping Manauara
24957,0,20/01/2026,Shopping Manauara
24958,0,20/01/2026,Shopping Manauara
24959,0,20/01/2026,Shopping Manauara
24960,0,20/01/2026,Shopping Manauara
24961,1,20/01/2026,Shopping Manauara
24962,0,20/01/2026,Shopping Manauara
24964,0,20/01/2026,Shopping Manauara
24965,0,20/01/2026,Shopping Manauara
24966,0,20/01/2026,Shopping Manauara
24967,0,20/01/2026,Shopping Manauara
24968,0,20/01/2026,Shopping Manauara
24969,1,20/01/2026,Shopping Manauara
24970,0,20/01/2026,Shopping Manauara
24971,0,20/01/2026,Shopping Manauara
24972,0,20/01/2026,Shopping Manauara
24973,0,20/01/2026,Shopping Manauara
24974,0,20/01/2026,Shopping Manauara
24975,0,20/01/2026,Shopping Manauara
24976,0,20/01/2026,Shopping Manauara
24977,0,20/01/2026,Shopping Manauara
24978,0,20/01/2026,Shopping Manauara
24979,0,20/01/2026,Shopping Manauara
24980,0,20/01/2026,Shopping Manauara
24981,0,20/01/2026,Shopping Manauara
24982,1,20/01/2026,Shopping Manauara
24983,0,20/01/2026,Shopping Manauara
24984,0,20/01/2026,Shopping Manauara
24985,1,20/01/2026,Shopping Manauara
24987,1,20/01/2026,Shopping Manauara
25007,0,20/01/2026,Shopping Manauara
25008,0,20/01/2026,Shopping Manauara
25011,1,20/01/2026,Shopping Manauara
25012,0,20/01/2026,Shopping Manauara
25013,0,20/01/2026,Shopping Manauara
25015,0,20/01/2026,Shopping Manauara
25018,0,20/01/2026,Shopping Manauara
25104,0,20/01/2026,Shopping Manauara
25160,1,20/01/2026,Shopping Manauara
25176,0,20/01/2026,Shopping Manauara
25178,1,20/01/2026,Shopping Manauara
25227,0,20/01/2026,Shopping Manauara
25228,2,20/01/2026,Shopping Manauara
25229,1,20/01/2026,Shopping Manauara
25232,1,20/01/2026,Shopping Manauara
25238,2,20/01/2026,Shopping Manauara
25247,0,20/01/2026,Shopping Manauara
25248,1,20/01/2026,Shopping Manauara
25259,0,20/01/2026,Shopping Manauara
25260,0,20/01/2026,Shopping Manauara
25261,0,20/01/2026,Shopping Manauara
25262,0,20/01/2026,Shopping Manauara
25263,0,20/01/2026,Shopping Manauara
25264,1,20/01/2026,Shopping Manauara
25265,2,20/01/2026,Shopping Manauara
25266,0,20/01/2026,Shopping Manauara
25267,0,20/01/2026,Shopping Manauara
25273,0,20/01/2026,Shopping Manauara
25288,0,20/01/2026,Shopping Manauara
25289,0,20/01/2026,Shopping Manauara
25330,0,20/01/2026,Shopping Manauara
25331,0,20/01/2026,Shopping Manauara
25368,3,20/01/2026,Shopping Manauara
25370,3,20/01/2026,Shopping Manauara
25371,1,20/01/2026,Shopping Manauara
25373,5,20/01/2026,Shopping Manauara
25378,2,20/01/2026,Shopping Manauara
25414,1,20/01/2026,Shopping Manauara
25415,0,20/01/2026,Shopping Manauara
25416,0,20/01/2026,Shopping Manauara
25418,0,20/01/2026,Shopping Manauara
25419,0,20/01/2026,Shopping Manauara
25420,0,20/01/2026,Shopping Manauara
25423,0,20/01/2026,Shopping Manauara
25424,0,20/01/2026,Shopping Manauara
25425,0,20/01/2026,Shopping Manauara
25426,0,20/01/2026,Shopping Manauara
25427,0,20/01/2026,Shopping Manauara
25428,0,20/01/2026,Shopping Manauara
25429,1,20/01/2026,Shopping Manauara
25430,0,20/01/2026,Shopping Manauara
25431,0,20/01/2026,Shopping Manauara
25432,0,20/01/2026,Shopping Manauara
25433,0,20/01/2026,Shopping Manauara
25434,3,20/01/2026,Shopping Manauara
25435,1,20/01/2026,Shopping Manauara
25437,0,20/01/2026,Shopping Manauara
25438,0,20/01/2026,Shopping Manauara
25440,0,20/01/2026,Shopping Manauara
25441,1,20/01/2026,Shopping Manauara
25442,0,20/01/2026,Shopping Manauara
25443,0,20/01/2026,Shopping Manauara
25444,0,20/01/2026,Shopping Manauara
25445,0,20/01/2026,Shopping Manauara
25447,0,20/01/2026,Shopping Manauara
25448,3,20/01/2026,Shopping Manauara
25449,0,20/01/2026,Shopping Manauara
25450,0,20/01/2026,Shopping Manauara
25451,0,20/01/2026,Shopping Manauara
25487,0,20/01/2026,Shopping Manauara
25488,0,20/01/2026,Shopping Manauara
25489,1,20/01/2026,Shopping Manauara
25490,1,20/01/2026,Shopping Manauara
25491,5,20/01/2026,Shopping Manauara
25492,1,20/01/2026,Shopping Manauara
25493,1,20/01/2026,Shopping Manauara
25494,3,20/01/2026,Shopping Manauara
25495,0,20/01/2026,Shopping Manauara
25499,0,20/01/2026,Shopping Manauara
25633,2,20/01/2026,Shopping Manauara
25634,2,20/01/2026,Shopping Manauara
25671,1,20/01/2026,Shopping Manauara
25718,2,20/01/2026,Shopping Manauara
25719,2,20/01/2026,Shopping Manauara
25720,1,20/01/2026,Shopping Manauara
25721,2,20/01/2026,Shopping Manauara
25722,1,20/01/2026,Shopping Manauara
25723,1,20/01/2026,Shopping Manauara
25724,0,20/01/2026,Shopping Manauara
25725,0,20/01/2026,Shopping Manauara
25726,0,20/01/2026,Shopping Manauara
25727,1,20/01/2026,Shopping Manauara
25728,0,20/01/2026,Shopping Manauara
25729,0,20/01/2026,Shopping Manauara
25730,0,20/01/2026,Shopping Manauara
25731,0,20/01/2026,Shopping Manauara
25732,0,20/01/2026,Shopping Manauara
25733,0,20/01/2026,Shopping Manauara
25734,0,20/01/2026,Shopping Manauara
25735,0,20/01/2026,Shopping Manauara
25736,2,20/01/2026,Shopping Manauara
25737,1,20/01/2026,Shopping Manauara
25738,2,20/01/2026,Shopping Manauara
25739,3,20/01/2026,Shopping Manauara
25740,1,20/01/2026,Shopping Manauara
25741,0,20/01/2026,Shopping Manauara
25742,0,20/01/2026,Shopping Manauara
25743,1,20/01/2026,Shopping Manauara
25744,0,20/01/2026,Shopping Manauara
25745,1,20/01/2026,Shopping Manauara
25746,0,20/01/2026,Shopping Manauara
25747,2,20/01/2026,Shopping Manauara
25748,3,20/01/2026,Shopping Manauara
25749,1,20/01/2026,Shopping Manauara
25750,1,20/01/2026,Shopping Manauara
25751,0,20/01/2026,Shopping Manauara
25752,0,20/01/2026,Shopping Manauara
25753,0,20/01/2026,Shopping Manauara
25755,0,20/01/2026,Shopping Manauara
25756,1,20/01/2026,Shopping Manauara
25757,3,20/01/2026,Shopping Manauara
25788,0,20/01/2026,Shopping Manauara
25796,0,20/01/2026,Shopping Manauara
25797,0,20/01/2026,Shopping Manauara
25800,0,20/01/2026,Shopping Manauara
25808,1,20/01/2026,Shopping Manauara
25810,0,20/01/2026,Shopping Manauara
25811,0,20/01/2026,Shopping Manauara
25812,0,20/01/2026,Shopping Manauara
25813,0,20/01/2026,Shopping Manauara
25814,0,20/01/2026,Shopping Manauara
25815,0,20/01/2026,Shopping Manauara
25816,0,20/01/2026,Shopping Manauara
25817,0,20/01/2026,Shopping Manauara
25818,0,20/01/2026,Shopping Manauara
25819,0,20/01/2026,Shopping Manauara
25831,0,20/01/2026,Shopping Manauara
25838,0,20/01/2026,Shopping Manauara
25840,0,20/01/2026,Shopping Manauara
25842,0,20/01/2026,Shopping Manauara
25846,0,20/01/2026,Shopping Manauara
25849,0,20/01/2026,Shopping Manauara
25854,0,20/01/2026,Shopping Manauara
25855,0,20/01/2026,Shopping Manauara
25856,0,20/01/2026,Shopping Manauara
25857,1,20/01/2026,Shopping Manauara
25858,0,20/01/2026,Shopping Manauara
25859,0,20/01/2026,Shopping Manauara
25860,0,20/01/2026,Shopping Manauara
25862,0,20/01/2026,Shopping Manauara
25868,0,20/01/2026,Shopping Manauara
25869,0,20/01/2026,Shopping Manauara
25880,0,20/01/2026,Shopping Manauara
25881,0,20/01/2026,Shopping Manauara
25883,0,20/01/2026,Shopping Manauara
26056,1,20/01/2026,Shopping Manauara
26057,0,20/01/2026,Shopping Manauara
26067,0,20/01/2026,Shopping Manauara
26092,0,20/01/2026,Shopping Manauara
26093,0,20/01/2026,Shopping Manauara
26094,1,20/01/2026,Shopping Manauara
26101,0,20/01/2026,Shopping Manauara
26131,0,20/01/2026,Shopping Manauara
26132,0,20/01/2026,Shopping Manauara
26139,0,20/01/2026,Shopping Manauara
26140,0,20/01/2026,Shopping Manauara
26177,1,20/01/2026,Shopping Manauara
26178,0,20/01/2026,Shopping Manauara
26179,0,20/01/2026,Shopping Manauara
26180,0,20/01/2026,Shopping Manauara
26181,0,20/01/2026,Shopping Manauara
26182,3,20/01/2026,Shopping Manauara
26183,0,20/01/2026,Shopping Manauara
26184,0,20/01/2026,Shopping Manauara
26185,1,20/01/2026,Shopping Manauara
26190,1,20/01/2026,Shopping Manauara
26202,0,20/01/2026,Shopping Manauara
26203,2,20/01/2026,Shopping Manauara
26204,0,20/01/2026,Shopping Manauara
26205,0,20/01/2026,Shopping Manauara
26206,0,20/01/2026,Shopping Manauara
26207,0,20/01/2026,Shopping Manauara
26208,0,20/01/2026,Shopping Manauara
26209,1,20/01/2026,Shopping Manauara
26210,1,20/01/2026,Shopping Manauara
26211,2,20/01/2026,Shopping Manauara
26212,1,20/01/2026,Shopping Manauara
26213,2,20/01/2026,Shopping Manauara
26214,2,20/01/2026,Shopping Manauara
26215,0,20/01/2026,Shopping Manauara
26216,3,20/01/2026,Shopping Manauara
26217,2,20/01/2026,Shopping Manauara
26218,3,20/01/2026,Shopping Manauara
26219,1,20/01/2026,Shopping Manauara
26220,3,20/01/2026,Shopping Manauara
26221,3,20/01/2026,Shopping Manauara
26243,0,20/01/2026,Shopping Manauara
26244,1,20/01/2026,Shopping Manauara
26245,0,20/01/2026,Shopping Manauara
26258,3,20/01/2026,Shopping Manauara
26260,0,20/01/2026,Shopping Manauara
26268,4,20/01/2026,Shopping Manauara
26269,2,20/01/2026,Shopping Manauara
26270,4,20/01/2026,Shopping Manauara
26275,3,20/01/2026,Shopping Manauara
26278,0,20/01/2026,Shopping Manauara
26294,0,20/01/2026,Shopping Manauara
26322,0,20/01/2026,Shopping Manauara
26326,0,20/01/2026,Shopping Manauara
26365,1,20/01/2026,Shopping Manauara
26366,0,20/01/2026,Shopping Manauara
26367,1,20/01/2026,Shopping Manauara
26368,1,20/01/2026,Shopping Manauara
26369,1,20/01/2026,Shopping Manauara
26370,2,20/01/2026,Shopping Manauara
26371,0,20/01/2026,Shopping Manauara
26372,0,20/01/2026,Shopping Manauara
26373,0,20/01/2026,Shopping Manauara
26374,0,20/01/2026,Shopping Manauara
26375,0,20/01/2026,Shopping Manauara
26376,0,20/01/2026,Shopping Manauara
26377,2,20/01/2026,Shopping Manauara
26378,0,20/01/2026,Shopping Manauara
26379,0,20/01/2026,Shopping Manauara
26380,0,20/01/2026,Shopping Manauara
26381,0,20/01/2026,Shopping Manauara
26382,0,20/01/2026,Shopping Manauara
26383,0,20/01/2026,Shopping Manauara
26384,2,20/01/2026,Shopping Manauara
26385,2,20/01/2026,Shopping Manauara
26386,2,20/01/2026,Shopping Manauara
26387,2,20/01/2026,Shopping Manauara
26388,0,20/01/2026,Shopping Manauara
26389,0,20/01/2026,Shopping Manauara
26399,1,20/01/2026,Shopping Manauara
26400,1,20/01/2026,Shopping Manauara
26401,2,20/01/2026,Shopping Manauara
26402,2,20/01/2026,Shopping Manauara
26403,0,20/01/2026,Shopping Manauara
26404,0,20/01/2026,Shopping Manauara
26405,0,20/01/2026,Shopping Manauara
26406,0,20/01/2026,Shopping Manauara
26407,0,20/01/2026,Shopping Manauara
26408,0,20/01/2026,Shopping Manauara
26409,0,20/01/2026,Shopping Manauara
26410,0,20/01/2026,Shopping Manauara
26411,0,20/01/2026,Shopping Manauara
26412,0,20/01/2026,Shopping Manauara
26413,0,20/01/2026,Shopping Manauara
26414,1,20/01/2026,Shopping Manauara
26415,0,20/01/2026,Shopping Manauara
26450,0,20/01/2026,Shopping Manauara
26583,0,20/01/2026,Shopping Manauara
26589,0,20/01/2026,Shopping Manauara
26590,0,20/01/2026,Shopping Manauara
26598,2,20/01/2026,Shopping Manauara
26599,2,20/01/2026,Shopping Manauara
26600,2,20/01/2026,Shopping Manauara
26601,3,20/01/2026,Shopping Manauara
26692,0,20/01/2026,Shopping Manauara
26721,3,20/01/2026,Shopping Manauara
26722,2,20/01/2026,Shopping Manauara
26723,3,20/01/2026,Shopping Manauara
26745,0,20/01/2026,Shopping Manauara
26746,0,20/01/2026,Shopping Manauara
26747,0,20/01/2026,Shopping Manauara
26748,0,20/01/2026,Shopping Manauara
26749,0,20/01/2026,Shopping Manauara
26750,0,20/01/2026,Shopping Manauara
26751,0,20/01/2026,Shopping Manauara
26752,0,20/01/2026,Shopping Manauara
26753,0,20/01/2026,Shopping Manauara
26754,0,20/01/2026,Shopping Manauara
26755,0,20/01/2026,Shopping Manauara
26756,0,20/01/2026,Shopping Manauara
26757,0,20/01/2026,Shopping Manauara
26758,0,20/01/2026,Shopping Manauara
26759,0,20/01/2026,Shopping Manauara
26760,0,20/01/2026,Shopping Manauara
26761,0,20/01/2026,Shopping Manauara
26762,0,20/01/2026,Shopping Manauara
26764,0,20/01/2026,Shopping Manauara
26766,0,20/01/2026,Shopping Manauara
26767,1,20/01/2026,Shopping Manauara
26768,3,20/01/2026,Shopping Manauara
26769,1,20/01/2026,Shopping Manauara
26815,0,20/01/2026,Shopping Manauara
26829,1,20/01/2026,Shopping Manauara
26842,2,20/01/2026,Shopping Manauara
26843,1,20/01/2026,Shopping Manauara
26844,1,20/01/2026,Shopping Manauara
26845,1,20/01/2026,Shopping Manauara
26923,0,20/01/2026,Shopping Manauara
26931,0,20/01/2026,Shopping Manauara
26932,1,20/01/2026,Shopping Manauara
26934,1,20/01/2026,Shopping Manauara
26935,0,20/01/2026,Shopping Manauara
26936,1,20/01/2026,Shopping Manauara
26938,2,20/01/2026,Shopping Manauara
26940,1,20/01/2026,Shopping Manauara
26942,2,20/01/2026,Shopping Manauara
26944,0,20/01/2026,Shopping Manauara
26945,0,20/01/2026,Shopping Manauara
26946,0,20/01/2026,Shopping Manauara
26947,2,20/01/2026,Shopping Manauara
26948,1,20/01/2026,Shopping Manauara
26949,2,20/01/2026,Shopping Manauara
26950,1,20/01/2026,Shopping Manauara
26951,0,20/01/2026,Shopping Manauara
26952,2,20/01/2026,Shopping Manauara
26953,1,20/01/2026,Shopping Manauara
26954,2,20/01/2026,Shopping Manauara
26955,4,20/01/2026,Shopping Manauara
26957,3,20/01/2026,Shopping Manauara
26958,1,20/01/2026,Shopping Manauara
26959,3,20/01/2026,Shopping Manauara
26960,0,20/01/2026,Shopping Manauara
26975,0,20/01/2026,Shopping Manauara
26978,0,20/01/2026,Shopping Manauara
26979,1,20/01/2026,Shopping Manauara
27003,1,20/01/2026,Shopping Manauara
27013,0,20/01/2026,Shopping Manauara
27017,2,20/01/2026,Shopping Manauara
27027,2,20/01/2026,Shopping Manauara
27028,2,20/01/2026,Shopping Manauara
27029,0,20/01/2026,Shopping Manauara
27030,0,20/01/2026,Shopping Manauara
27031,0,20/01/2026,Shopping Manauara
27032,0,20/01/2026,Shopping Manauara
27055,1,20/01/2026,Shopping Manauara
27056,1,20/01/2026,Shopping Manauara
27057,2,20/01/2026,Shopping Manauara
27058,1,20/01/2026,Shopping Manauara
27059,1,20/01/2026,Shopping Manauara
27060,0,20/01/2026,Shopping Manauara
27061,0,20/01/2026,Shopping Manauara
27062,0,20/01/2026,Shopping Manauara
27063,0,20/01/2026,Shopping Manauara
27064,1,20/01/2026,Shopping Manauara
27065,0,20/01/2026,Shopping Manauara
27066,4,20/01/2026,Shopping Manauara
27067,1,20/01/2026,Shopping Manauara
27068,4,20/01/2026,Shopping Manauara
27069,2,20/01/2026,Shopping Manauara
27070,1,20/01/2026,Shopping Manauara
27071,0,20/01/2026,Shopping Manauara
27072,3,20/01/2026,Shopping Manauara
27090,2,20/01/2026,Shopping Manauara
27097,2,20/01/2026,Shopping Manauara
27098,3,20/01/2026,Shopping Manauara
27108,0,20/01/2026,Shopping Manauara
27109,2,20/01/2026,Shopping Manauara
27110,3,20/01/2026,Shopping Manauara
27111,2,20/01/2026,Shopping Manauara
27112,3,20/01/2026,Shopping Manauara
27113,2,20/01/2026,Shopping Manauara
27114,3,20/01/2026,Shopping Manauara
27115,0,20/01/2026,Shopping Manauara
27116,0,20/01/2026,Shopping Manauara
27125,1,20/01/2026,Shopping Manauara
27130,2,20/01/2026,Shopping Manauara
27131,2,20/01/2026,Shopping Manauara
27132,0,20/01/2026,Shopping Manauara
27133,0,20/01/2026,Shopping Manauara
27184,0,20/01/2026,Shopping Manauara
27188,0,20/01/2026,Shopping Manauara
27189,2,20/01/2026,Shopping Manauara
27190,0,20/01/2026,Shopping Manauara
27191,0,20/01/2026,Shopping Manauara
27192,0,20/01/2026,Shopping Manauara
27193,0,20/01/2026,Shopping Manauara
27211,0,20/01/2026,Shopping Manauara
27219,0,20/01/2026,Shopping Manauara
27227,1,20/01/2026,Shopping Manauara
27229,1,20/01/2026,Shopping Manauara
27230,0,20/01/2026,Shopping Manauara
27231,0,20/01/2026,Shopping Manauara
27233,0,20/01/2026,Shopping Manauara
27234,2,20/01/2026,Shopping Manauara
27235,0,20/01/2026,Shopping Manauara
27238,0,20/01/2026,Shopping Manauara
27251,1,20/01/2026,Shopping Manauara
27252,0,20/01/2026,Shopping Manauara
27253,1,20/01/2026,Shopping Manauara
27254,0,20/01/2026,Shopping Manauara
27256,2,20/01/2026,Shopping Manauara
27257,1,20/01/2026,Shopping Manauara
27258,1,20/01/2026,Shopping Manauara
27259,0,20/01/2026,Shopping Manauara
27260,0,20/01/2026,Shopping Manauara
27261,0,20/01/2026,Shopping Manauara
27262,0,20/01/2026,Shopping Manauara
27263,1,20/01/2026,Shopping Manauara
27264,0,20/01/2026,Shopping Manauara
27265,1,20/01/2026,Shopping Manauara
27273,0,20/01/2026,Shopping Manauara
27274,0,20/01/2026,Shopping Manauara
27275,0,20/01/2026,Shopping Manauara
27276,2,20/01/2026,Shopping Manauara
27277,2,20/01/2026,Shopping Manauara
27278,0,20/01/2026,Shopping Manauara
27279,0,20/01/2026,Shopping Manauara
27280,0,20/01/2026,Shopping Manauara
27281,1,20/01/2026,Shopping Manauara
27282,0,20/01/2026,Shopping Manauara
27283,1,20/01/2026,Shopping Manauara
27284,1,20/01/2026,Shopping Manauara
27285,1,20/01/2026,Shopping Manauara
27286,0,20/01/2026,Shopping Manauara
27287,0,20/01/2026,Shopping Manauara
27449,0,20/01/2026,Shopping Manauara
27482,0,20/01/2026,Shopping Manauara
27483,1,20/01/2026,Shopping Manauara
27491,0,20/01/2026,Shopping Manauara
27495,2,20/01/2026,Shopping Manauara
27496,2,20/01/2026,Shopping Manauara
27497,2,20/01/2026,Shopping Manauara
27498,2,20/01/2026,Shopping Manauara
27509,0,20/01/2026,Shopping Manauara
27510,0,20/01/2026,Shopping Manauara
27511,0,20/01/2026,Shopping Manauara
27532,0,20/01/2026,Shopping Manauara
27533,0,20/01/2026,Shopping Manauara
27534,0,20/01/2026,Shopping Manauara
27535,0,20/01/2026,Shopping Manauara
27537,0,20/01/2026,Shopping Manauara
27538,0,20/01/2026,Shopping Manauara
27539,0,20/01/2026,Shopping Manauara
27540,0,20/01/2026,Shopping Manauara
27541,0,20/01/2026,Shopping Manauara
27551,0,20/01/2026,Shopping Manauara
27634,0,20/01/2026,Shopping Manauara
27660,0,20/01/2026,Shopping Manauara
27662,0,20/01/2026,Shopping Manauara
27669,0,20/01/2026,Shopping Manauara
27673,0,20/01/2026,Shopping Manauara
27715,1,20/01/2026,Shopping Manauara
27716,0,20/01/2026,Shopping Manauara
313,0,20/01/2026,Shopping Paralela
322,0,20/01/2026,Shopping Paralela
338,0,20/01/2026,Shopping Paralela
341,0,20/01/2026,Shopping Paralela
398,0,20/01/2026,Shopping Paralela
610,0,20/01/2026,Shopping Paralela
674,0,20/01/2026,Shopping Paralela
727,0,20/01/2026,Shopping Paralela
887,0,20/01/2026,Shopping Paralela
888,0,20/01/2026,Shopping Paralela
889,0,20/01/2026,Shopping Paralela
890,0,20/01/2026,Shopping Paralela
1049,0,20/01/2026,Shopping Paralela
1100,0,20/01/2026,Shopping Paralela
1109,1,20/01/2026,Shopping Paralela
1119,0,20/01/2026,Shopping Paralela
1276,0,20/01/2026,Shopping Paralela
1277,0,20/01/2026,Shopping Paralela
1362,0,20/01/2026,Shopping Paralela
1363,0,20/01/2026,Shopping Paralela
1367,2,20/01/2026,Shopping Paralela
1368,0,20/01/2026,Shopping Paralela
1405,1,20/01/2026,Shopping Paralela
1438,0,20/01/2026,Shopping Paralela
1499,0,20/01/2026,Shopping Paralela
1526,0,20/01/2026,Shopping Paralela
1712,0,20/01/2026,Shopping Paralela
1941,0,20/01/2026,Shopping Paralela
2197,0,20/01/2026,Shopping Paralela
2200,0,20/01/2026,Shopping Paralela
2202,0,20/01/2026,Shopping Paralela
2207,0,20/01/2026,Shopping Paralela
2208,0,20/01/2026,Shopping Paralela
2217,0,20/01/2026,Shopping Paralela
2398,0,20/01/2026,Shopping Paralela
2403,0,20/01/2026,Shopping Paralela
2617,3,20/01/2026,Shopping Paralela
2646,0,20/01/2026,Shopping Paralela
2693,0,20/01/2026,Shopping Paralela
2697,0,20/01/2026,Shopping Paralela
2721,0,20/01/2026,Shopping Paralela
2723,0,20/01/2026,Shopping Paralela
2725,2,20/01/2026,Shopping Paralela
2811,2,20/01/2026,Shopping Paralela
2842,2,20/01/2026,Shopping Paralela
2844,0,20/01/2026,Shopping Paralela
2845,0,20/01/2026,Shopping Paralela
2867,0,20/01/2026,Shopping Paralela
2881,0,20/01/2026,Shopping Paralela
2930,0,20/01/2026,Shopping Paralela
3056,3,20/01/2026,Shopping Paralela
3065,2,20/01/2026,Shopping Paralela
3099,0,20/01/2026,Shopping Paralela
3147,0,20/01/2026,Shopping Paralela
3190,0,20/01/2026,Shopping Paralela
3406,0,20/01/2026,Shopping Paralela
3462,0,20/01/2026,Shopping Paralela
3532,0,20/01/2026,Shopping Paralela
3533,0,20/01/2026,Shopping Paralela
3554,1,20/01/2026,Shopping Paralela
3555,1,20/01/2026,Shopping Paralela
3556,1,20/01/2026,Shopping Paralela
3573,0,20/01/2026,Shopping Paralela
3746,0,20/01/2026,Shopping Paralela
3747,1,20/01/2026,Shopping Paralela
3751,3,20/01/2026,Shopping Paralela
3800,3,20/01/2026,Shopping Paralela
3823,0,20/01/2026,Shopping Paralela
3825,0,20/01/2026,Shopping Paralela
3871,0,20/01/2026,Shopping Paralela
3882,2,20/01/2026,Shopping Paralela
3901,0,20/01/2026,Shopping Paralela
3904,0,20/01/2026,Shopping Paralela
3905,0,20/01/2026,Shopping Paralela
3906,0,20/01/2026,Shopping Paralela
3969,3,20/01/2026,Shopping Paralela
4028,2,20/01/2026,Shopping Paralela
4030,4,20/01/2026,Shopping Paralela
4031,0,20/01/2026,Shopping Paralela
4032,0,20/01/2026,Shopping Paralela
4033,0,20/01/2026,Shopping Paralela
4034,0,20/01/2026,Shopping Paralela
4035,0,20/01/2026,Shopping Paralela
4054,0,20/01/2026,Shopping Paralela
4111,0,20/01/2026,Shopping Paralela
4112,0,20/01/2026,Shopping Paralela
4113,0,20/01/2026,Shopping Paralela
4114,0,20/01/2026,Shopping Paralela
4140,0,20/01/2026,Shopping Paralela
4141,2,20/01/2026,Shopping Paralela
4147,0,20/01/2026,Shopping Paralela
4148,0,20/01/2026,Shopping Paralela
4149,0,20/01/2026,Shopping Paralela
4160,0,20/01/2026,Shopping Paralela
4310,1,20/01/2026,Shopping Paralela
4312,1,20/01/2026,Shopping Paralela
4325,0,20/01/2026,Shopping Paralela
4347,0,20/01/2026,Shopping Paralela
4348,3,20/01/2026,Shopping Paralela
4349,3,20/01/2026,Shopping Paralela
4350,0,20/01/2026,Shopping Paralela
4351,0,20/01/2026,Shopping Paralela
4352,3,20/01/2026,Shopping Paralela
4353,3,20/01/2026,Shopping Paralela
4354,0,20/01/2026,Shopping Paralela
4355,2,20/01/2026,Shopping Paralela
4356,0,20/01/2026,Shopping Paralela
4357,0,20/01/2026,Shopping Paralela
4358,0,20/01/2026,Shopping Paralela
4359,0,20/01/2026,Shopping Paralela
4362,4,20/01/2026,Shopping Paralela
4363,3,20/01/2026,Shopping Paralela
4364,0,20/01/2026,Shopping Paralela
4365,5,20/01/2026,Shopping Paralela
4366,2,20/01/2026,Shopping Paralela
4367,4,20/01/2026,Shopping Paralela
4368,0,20/01/2026,Shopping Paralela
4372,0,20/01/2026,Shopping Paralela
4380,4,20/01/2026,Shopping Paralela
4382,0,20/01/2026,Shopping Paralela
4395,3,20/01/2026,Shopping Paralela
4434,1,20/01/2026,Shopping Paralela
4456,1,20/01/2026,Shopping Paralela
4457,2,20/01/2026,Shopping Paralela
4459,0,20/01/2026,Shopping Paralela
4460,1,20/01/2026,Shopping Paralela
4497,3,20/01/2026,Shopping Paralela
4499,0,20/01/2026,Shopping Paralela
4550,0,20/01/2026,Shopping Paralela
4600,0,20/01/2026,Shopping Paralela
4658,3,20/01/2026,Shopping Paralela
4660,2,20/01/2026,Shopping Paralela
4687,0,20/01/2026,Shopping Paralela
4688,0,20/01/2026,Shopping Paralela
4700,0,20/01/2026,Shopping Paralela
4725,1,20/01/2026,Shopping Paralela
4726,1,20/01/2026,Shopping Paralela
4727,0,20/01/2026,Shopping Paralela
4728,3,20/01/2026,Shopping Paralela
4750,0,20/01/2026,Shopping Paralela
4882,0,20/01/2026,Shopping Paralela
4980,0,20/01/2026,Shopping Paralela
4981,2,20/01/2026,Shopping Paralela
5049,0,20/01/2026,Shopping Paralela
5702,1,20/01/2026,Shopping Paralela
5703,0,20/01/2026,Shopping Paralela
5704,1,20/01/2026,Shopping Paralela
5705,0,20/01/2026,Shopping Paralela
6332,0,20/01/2026,Shopping Paralela
8144,2,20/01/2026,Shopping Paralela
8145,2,20/01/2026,Shopping Paralela
8146,2,20/01/2026,Shopping Paralela
8152,1,20/01/2026,Shopping Paralela
8153,1,20/01/2026,Shopping Paralela
8154,3,20/01/2026,Shopping Paralela
8155,0,20/01/2026,Shopping Paralela
8156,0,20/01/2026,Shopping Paralela
8157,2,20/01/2026,Shopping Paralela
8158,0,20/01/2026,Shopping Paralela
8159,0,20/01/2026,Shopping Paralela
8520,1,20/01/2026,Shopping Paralela
8521,1,20/01/2026,Shopping Paralela
20715,0,20/01/2026,Shopping Paralela
20716,0,20/01/2026,Shopping Paralela
20717,0,20/01/2026,Shopping Paralela
20718,0,20/01/2026,Shopping Paralela
20719,1,20/01/2026,Shopping Paralela
20720,2,20/01/2026,Shopping Paralela
20721,2,20/01/2026,Shopping Paralela
20722,0,20/01/2026,Shopping Paralela
20723,4,20/01/2026,Shopping Paralela
20737,2,20/01/2026,Shopping Paralela
20755,2,20/01/2026,Shopping Paralela
20790,0,20/01/2026,Shopping Paralela
20791,0,20/01/2026,Shopping Paralela
20792,0,20/01/2026,Shopping Paralela
20793,0,20/01/2026,Shopping Paralela
20833,1,20/01/2026,Shopping Paralela
20834,0,20/01/2026,Shopping Paralela
20875,0,20/01/2026,Shopping Paralela
20877,1,20/01/2026,Shopping Paralela
20990,0,20/01/2026,Shopping Paralela
21069,3,20/01/2026,Shopping Paralela
21080,2,20/01/2026,Shopping Paralela
21113,1,20/01/2026,Shopping Paralela
21143,0,20/01/2026,Shopping Paralela
21144,0,20/01/2026,Shopping Paralela
21145,0,20/01/2026,Shopping Paralela
21146,0,20/01/2026,Shopping Paralela
21147,0,20/01/2026,Shopping Paralela
21148,0,20/01/2026,Shopping Paralela
21149,2,20/01/2026,Shopping Paralela
21190,0,20/01/2026,Shopping Paralela
21191,0,20/01/2026,Shopping Paralela
21227,1,20/01/2026,Shopping Paralela
21255,0,20/01/2026,Shopping Paralela
21267,1,20/01/2026,Shopping Paralela
21279,2,20/01/2026,Shopping Paralela
21286,1,20/01/2026,Shopping Paralela
21288,0,20/01/2026,Shopping Paralela
21289,2,20/01/2026,Shopping Paralela
21290,7,20/01/2026,Shopping Paralela
21291,0,20/01/2026,Shopping Paralela
21295,3,20/01/2026,Shopping Paralela
21296,2,20/01/2026,Shopping Paralela
21299,2,20/01/2026,Shopping Paralela
21300,2,20/01/2026,Shopping Paralela
21309,0,20/01/2026,Shopping Paralela
21311,0,20/01/2026,Shopping Paralela
21312,1,20/01/2026,Shopping Paralela
21313,1,20/01/2026,Shopping Paralela
21314,2,20/01/2026,Shopping Paralela
21315,0,20/01/2026,Shopping Paralela
21316,2,20/01/2026,Shopping Paralela
21317,6,20/01/2026,Shopping Paralela
21383,2,20/01/2026,Shopping Paralela
21414,1,20/01/2026,Shopping Paralela
21458,0,20/01/2026,Shopping Paralela
21462,0,20/01/2026,Shopping Paralela
21463,0,20/01/2026,Shopping Paralela
21464,1,20/01/2026,Shopping Paralela
21466,0,20/01/2026,Shopping Paralela
21467,0,20/01/2026,Shopping Paralela
21492,0,20/01/2026,Shopping Paralela
21510,2,20/01/2026,Shopping Paralela
21511,1,20/01/2026,Shopping Paralela
21512,0,20/01/2026,Shopping Paralela
21513,1,20/01/2026,Shopping Paralela
21514,1,20/01/2026,Shopping Paralela
21547,1,20/01/2026,Shopping Paralela
21557,2,20/01/2026,Shopping Paralela
21574,0,20/01/2026,Shopping Paralela
21575,1,20/01/2026,Shopping Paralela
21576,0,20/01/2026,Shopping Paralela
21581,0,20/01/2026,Shopping Paralela
21582,0,20/01/2026,Shopping Paralela
21583,2,20/01/2026,Shopping Paralela
21601,0,20/01/2026,Shopping Paralela
21613,0,20/01/2026,Shopping Paralela
21614,0,20/01/2026,Shopping Paralela
21682,0,20/01/2026,Shopping Paralela
21691,1,20/01/2026,Shopping Paralela
21694,0,20/01/2026,Shopping Paralela
21696,3,20/01/2026,Shopping Paralela
21697,0,20/01/2026,Shopping Paralela
21698,0,20/01/2026,Shopping Paralela
21703,0,20/01/2026,Shopping Paralela
21704,0,20/01/2026,Shopping Paralela
21710,0,20/01/2026,Shopping Paralela
21717,0,20/01/2026,Shopping Paralela
21718,0,20/01/2026,Shopping Paralela
21719,0,20/01/2026,Shopping Paralela
21875,0,20/01/2026,Shopping Paralela
21876,0,20/01/2026,Shopping Paralela
21905,3,20/01/2026,Shopping Paralela
21909,0,20/01/2026,Shopping Paralela
21910,0,20/01/2026,Shopping Paralela
21911,0,20/01/2026,Shopping Paralela
21912,0,20/01/2026,Shopping Paralela
21913,2,20/01/2026,Shopping Paralela
21914,3,20/01/2026,Shopping Paralela
21915,0,20/01/2026,Shopping Paralela
21917,0,20/01/2026,Shopping Paralela
21918,0,20/01/2026,Shopping Paralela
21919,0,20/01/2026,Shopping Paralela
21920,1,20/01/2026,Shopping Paralela
21921,2,20/01/2026,Shopping Paralela
21923,2,20/01/2026,Shopping Paralela
21924,0,20/01/2026,Shopping Paralela
21925,0,20/01/2026,Shopping Paralela
21926,0,20/01/2026,Shopping Paralela
21927,0,20/01/2026,Shopping Paralela
22000,0,20/01/2026,Shopping Paralela
22001,0,20/01/2026,Shopping Paralela
22002,0,20/01/2026,Shopping Paralela
22101,0,20/01/2026,Shopping Paralela
22102,0,20/01/2026,Shopping Paralela
22103,0,20/01/2026,Shopping Paralela
22114,2,20/01/2026,Shopping Paralela
22191,2,20/01/2026,Shopping Paralela
22278,0,20/01/2026,Shopping Paralela
22306,0,20/01/2026,Shopping Paralela
22307,0,20/01/2026,Shopping Paralela
22308,0,20/01/2026,Shopping Paralela
22403,1,20/01/2026,Shopping Paralela
22417,2,20/01/2026,Shopping Paralela
22476,0,20/01/2026,Shopping Paralela
22477,0,20/01/2026,Shopping Paralela
22482,0,20/01/2026,Shopping Paralela
22487,0,20/01/2026,Shopping Paralela
22492,0,20/01/2026,Shopping Paralela
22504,0,20/01/2026,Shopping Paralela
22515,2,20/01/2026,Shopping Paralela
22547,0,20/01/2026,Shopping Paralela
22578,0,20/01/2026,Shopping Paralela
22589,0,20/01/2026,Shopping Paralela
22590,1,20/01/2026,Shopping Paralela
22595,0,20/01/2026,Shopping Paralela
22597,0,20/01/2026,Shopping Paralela
22598,2,20/01/2026,Shopping Paralela
22642,0,20/01/2026,Shopping Paralela
22666,0,20/01/2026,Shopping Paralela
22667,0,20/01/2026,Shopping Paralela
22668,0,20/01/2026,Shopping Paralela
22756,2,20/01/2026,Shopping Paralela
22850,0,20/01/2026,Shopping Paralela
22854,0,20/01/2026,Shopping Paralela
22859,0,20/01/2026,Shopping Paralela
22870,0,20/01/2026,Shopping Paralela
22883,0,20/01/2026,Shopping Paralela
22922,0,20/01/2026,Shopping Paralela
22923,0,20/01/2026,Shopping Paralela
22980,0,20/01/2026,Shopping Paralela
22985,0,20/01/2026,Shopping Paralela
22987,3,20/01/2026,Shopping Paralela
22988,0,20/01/2026,Shopping Paralela
22990,1,20/01/2026,Shopping Paralela
23003,1,20/01/2026,Shopping Paralela
23004,1,20/01/2026,Shopping Paralela
23005,0,20/01/2026,Shopping Paralela
23006,0,20/01/2026,Shopping Paralela
23007,0,20/01/2026,Shopping Paralela
23008,0,20/01/2026,Shopping Paralela
23010,0,20/01/2026,Shopping Paralela
23011,0,20/01/2026,Shopping Paralela
23012,0,20/01/2026,Shopping Paralela
23013,0,20/01/2026,Shopping Paralela
23014,0,20/01/2026,Shopping Paralela
23015,0,20/01/2026,Shopping Paralela
23016,0,20/01/2026,Shopping Paralela
23017,0,20/01/2026,Shopping Paralela
23018,0,20/01/2026,Shopping Paralela
23019,0,20/01/2026,Shopping Paralela
23020,0,20/01/2026,Shopping Paralela
23023,0,20/01/2026,Shopping Paralela
23024,0,20/01/2026,Shopping Paralela
23061,0,20/01/2026,Shopping Paralela
23062,0,20/01/2026,Shopping Paralela
23063,2,20/01/2026,Shopping Paralela
23064,0,20/01/2026,Shopping Paralela
23065,2,20/01/2026,Shopping Paralela
23066,0,20/01/2026,Shopping Paralela
23067,3,20/01/2026,Shopping Paralela
23082,0,20/01/2026,Shopping Paralela
23083,0,20/01/2026,Shopping Paralela
23158,0,20/01/2026,Shopping Paralela
23186,0,20/01/2026,Shopping Paralela
23189,0,20/01/2026,Shopping Paralela
23217,0,20/01/2026,Shopping Paralela
23218,0,20/01/2026,Shopping Paralela
23224,0,20/01/2026,Shopping Paralela
23234,0,20/01/2026,Shopping Paralela
23264,0,20/01/2026,Shopping Paralela
23265,0,20/01/2026,Shopping Paralela
23266,0,20/01/2026,Shopping Paralela
23267,0,20/01/2026,Shopping Paralela
23268,0,20/01/2026,Shopping Paralela
23269,0,20/01/2026,Shopping Paralela
23270,0,20/01/2026,Shopping Paralela
23271,0,20/01/2026,Shopping Paralela
23273,0,20/01/2026,Shopping Paralela
23277,0,20/01/2026,Shopping Paralela
23284,2,20/01/2026,Shopping Paralela
23285,3,20/01/2026,Shopping Paralela
23286,3,20/01/2026,Shopping Paralela
23321,2,20/01/2026,Shopping Paralela
23323,0,20/01/2026,Shopping Paralela
23325,0,20/01/2026,Shopping Paralela
23341,1,20/01/2026,Shopping Paralela
23342,1,20/01/2026,Shopping Paralela
23364,0,20/01/2026,Shopping Paralela
23376,0,20/01/2026,Shopping Paralela
23397,0,20/01/2026,Shopping Paralela
23443,0,20/01/2026,Shopping Paralela
23461,0,20/01/2026,Shopping Paralela
23472,0,20/01/2026,Shopping Paralela
23473,0,20/01/2026,Shopping Paralela
23476,0,20/01/2026,Shopping Paralela
23590,0,20/01/2026,Shopping Paralela
23703,0,20/01/2026,Shopping Paralela
23714,0,20/01/2026,Shopping Paralela
23715,0,20/01/2026,Shopping Paralela
23716,0,20/01/2026,Shopping Paralela
23717,0,20/01/2026,Shopping Paralela
23718,0,20/01/2026,Shopping Paralela
23719,0,20/01/2026,Shopping Paralela
23720,0,20/01/2026,Shopping Paralela
23725,0,20/01/2026,Shopping Paralela
23726,0,20/01/2026,Shopping Paralela
23727,0,20/01/2026,Shopping Paralela
23728,0,20/01/2026,Shopping Paralela
23730,0,20/01/2026,Shopping Paralela
23731,0,20/01/2026,Shopping Paralela
23737,0,20/01/2026,Shopping Paralela
23738,0,20/01/2026,Shopping Paralela
23739,0,20/01/2026,Shopping Paralela
23740,0,20/01/2026,Shopping Paralela
23741,0,20/01/2026,Shopping Paralela
23742,0,20/01/2026,Shopping Paralela
23744,1,20/01/2026,Shopping Paralela
23745,0,20/01/2026,Shopping Paralela
23746,0,20/01/2026,Shopping Paralela
23747,0,20/01/2026,Shopping Paralela
23748,0,20/01/2026,Shopping Paralela
23755,0,20/01/2026,Shopping Paralela
23807,0,20/01/2026,Shopping Paralela
23810,0,20/01/2026,Shopping Paralela
23814,0,20/01/2026,Shopping Paralela
23817,0,20/01/2026,Shopping Paralela
23818,0,20/01/2026,Shopping Paralela
23819,0,20/01/2026,Shopping Paralela
23820,0,20/01/2026,Shopping Paralela
23821,0,20/01/2026,Shopping Paralela
23822,0,20/01/2026,Shopping Paralela
23827,0,20/01/2026,Shopping Paralela
23828,0,20/01/2026,Shopping Paralela
23829,0,20/01/2026,Shopping Paralela
23830,0,20/01/2026,Shopping Paralela
23887,0,20/01/2026,Shopping Paralela
23893,2,20/01/2026,Shopping Paralela
23894,2,20/01/2026,Shopping Paralela
23895,6,20/01/2026,Shopping Paralela
23896,2,20/01/2026,Shopping Paralela
23897,2,20/01/2026,Shopping Paralela
23898,2,20/01/2026,Shopping Paralela
23899,1,20/01/2026,Shopping Paralela
23900,2,20/01/2026,Shopping Paralela
23901,1,20/01/2026,Shopping Paralela
23902,0,20/01/2026,Shopping Paralela
23903,1,20/01/2026,Shopping Paralela
23904,1,20/01/2026,Shopping Paralela
23905,6,20/01/2026,Shopping Paralela
23906,2,20/01/2026,Shopping Paralela
23907,1,20/01/2026,Shopping Paralela
23908,1,20/01/2026,Shopping Paralela
23909,2,20/01/2026,Shopping Paralela
23910,3,20/01/2026,Shopping Paralela
23911,2,20/01/2026,Shopping Paralela
23912,1,20/01/2026,Shopping Paralela
23913,2,20/01/2026,Shopping Paralela
23914,2,20/01/2026,Shopping Paralela
23915,1,20/01/2026,Shopping Paralela
23916,2,20/01/2026,Shopping Paralela
23917,1,20/01/2026,Shopping Paralela
23918,2,20/01/2026,Shopping Paralela
23919,2,20/01/2026,Shopping Paralela
23920,0,20/01/2026,Shopping Paralela
23921,3,20/01/2026,Shopping Paralela
23922,1,20/01/2026,Shopping Paralela
23923,1,20/01/2026,Shopping Paralela
23924,1,20/01/2026,Shopping Paralela
23925,1,20/01/2026,Shopping Paralela
23926,0,20/01/2026,Shopping Paralela
23927,1,20/01/2026,Shopping Paralela
23928,1,20/01/2026,Shopping Paralela
23929,1,20/01/2026,Shopping Paralela
23930,0,20/01/2026,Shopping Paralela
23931,1,20/01/2026,Shopping Paralela
23932,0,20/01/2026,Shopping Paralela
23934,2,20/01/2026,Shopping Paralela
23935,0,20/01/2026,Shopping Paralela
23936,1,20/01/2026,Shopping Paralela
23937,0,20/01/2026,Shopping Paralela
23938,2,20/01/2026,Shopping Paralela
23939,1,20/01/2026,Shopping Paralela
23940,7,20/01/2026,Shopping Paralela
23941,2,20/01/2026,Shopping Paralela
23942,2,20/01/2026,Shopping Paralela
23943,2,20/01/2026,Shopping Paralela
23944,2,20/01/2026,Shopping Paralela
23945,1,20/01/2026,Shopping Paralela
23946,2,20/01/2026,Shopping Paralela
23947,0,20/01/2026,Shopping Paralela
23948,0,20/01/2026,Shopping Paralela
23949,0,20/01/2026,Shopping Paralela
23950,1,20/01/2026,Shopping Paralela
23951,2,20/01/2026,Shopping Paralela
23952,0,20/01/2026,Shopping Paralela
23953,0,20/01/2026,Shopping Paralela
23954,0,20/01/2026,Shopping Paralela
23955,0,20/01/2026,Shopping Paralela
23956,2,20/01/2026,Shopping Paralela
23958,0,20/01/2026,Shopping Paralela
23960,2,20/01/2026,Shopping Paralela
23961,2,20/01/2026,Shopping Paralela
23962,0,20/01/2026,Shopping Paralela
23963,1,20/01/2026,Shopping Paralela
23964,1,20/01/2026,Shopping Paralela
23965,2,20/01/2026,Shopping Paralela
23966,2,20/01/2026,Shopping Paralela
23967,1,20/01/2026,Shopping Paralela
23968,0,20/01/2026,Shopping Paralela
23969,0,20/01/2026,Shopping Paralela
23970,1,20/01/2026,Shopping Paralela
23971,1,20/01/2026,Shopping Paralela
23972,2,20/01/2026,Shopping Paralela
23973,0,20/01/2026,Shopping Paralela
23974,2,20/01/2026,Shopping Paralela
23975,3,20/01/2026,Shopping Paralela
23976,0,20/01/2026,Shopping Paralela
23977,1,20/01/2026,Shopping Paralela
23978,0,20/01/2026,Shopping Paralela
23979,1,20/01/2026,Shopping Paralela
23980,0,20/01/2026,Shopping Paralela
23981,2,20/01/2026,Shopping Paralela
23982,2,20/01/2026,Shopping Paralela
23983,2,20/01/2026,Shopping Paralela
23984,0,20/01/2026,Shopping Paralela
23985,3,20/01/2026,Shopping Paralela
23986,1,20/01/2026,Shopping Paralela
23987,2,20/01/2026,Shopping Paralela
23988,2,20/01/2026,Shopping Paralela
23989,0,20/01/2026,Shopping Paralela
23990,1,20/01/2026,Shopping Paralela
23991,0,20/01/2026,Shopping Paralela
23992,2,20/01/2026,Shopping Paralela
23993,2,20/01/2026,Shopping Paralela
23994,1,20/01/2026,Shopping Paralela
23995,1,20/01/2026,Shopping Paralela
23996,2,20/01/2026,Shopping Paralela
23997,2,20/01/2026,Shopping Paralela
23998,1,20/01/2026,Shopping Paralela
24000,0,20/01/2026,Shopping Paralela
24001,2,20/01/2026,Shopping Paralela
24002,1,20/01/2026,Shopping Paralela
24003,1,20/01/2026,Shopping Paralela
24004,1,20/01/2026,Shopping Paralela
24005,1,20/01/2026,Shopping Paralela
24006,0,20/01/2026,Shopping Paralela
24007,1,20/01/2026,Shopping Paralela
24008,1,20/01/2026,Shopping Paralela
24009,0,20/01/2026,Shopping Paralela
24010,0,20/01/2026,Shopping Paralela
24011,2,20/01/2026,Shopping Paralela
24012,0,20/01/2026,Shopping Paralela
24013,0,20/01/2026,Shopping Paralela
24014,0,20/01/2026,Shopping Paralela
24015,0,20/01/2026,Shopping Paralela
24016,1,20/01/2026,Shopping Paralela
24017,0,20/01/2026,Shopping Paralela
24018,0,20/01/2026,Shopping Paralela
24019,0,20/01/2026,Shopping Paralela
24021,0,20/01/2026,Shopping Paralela
24022,1,20/01/2026,Shopping Paralela
24023,0,20/01/2026,Shopping Paralela
24024,0,20/01/2026,Shopping Paralela
24025,3,20/01/2026,Shopping Paralela
24026,0,20/01/2026,Shopping Paralela
24027,1,20/01/2026,Shopping Paralela
24028,1,20/01/2026,Shopping Paralela
24029,2,20/01/2026,Shopping Paralela
24030,1,20/01/2026,Shopping Paralela
24031,4,20/01/2026,Shopping Paralela
24032,2,20/01/2026,Shopping Paralela
24033,1,20/01/2026,Shopping Paralela
24036,0,20/01/2026,Shopping Paralela
24037,0,20/01/2026,Shopping Paralela
24100,2,20/01/2026,Shopping Paralela
24101,1,20/01/2026,Shopping Paralela
24102,0,20/01/2026,Shopping Paralela
24103,2,20/01/2026,Shopping Paralela
24104,1,20/01/2026,Shopping Paralela
24105,2,20/01/2026,Shopping Paralela
24106,2,20/01/2026,Shopping Paralela
24107,2,20/01/2026,Shopping Paralela
24108,2,20/01/2026,Shopping Paralela
24109,3,20/01/2026,Shopping Paralela
24110,2,20/01/2026,Shopping Paralela
24111,0,20/01/2026,Shopping Paralela
24112,2,20/01/2026,Shopping Paralela
24113,2,20/01/2026,Shopping Paralela
24115,1,20/01/2026,Shopping Paralela
24116,0,20/01/2026,Shopping Paralela
24117,1,20/01/2026,Shopping Paralela
24118,2,20/01/2026,Shopping Paralela
24119,0,20/01/2026,Shopping Paralela
24120,0,20/01/2026,Shopping Paralela
24121,2,20/01/2026,Shopping Paralela
24122,1,20/01/2026,Shopping Paralela
24123,1,20/01/2026,Shopping Paralela
24124,0,20/01/2026,Shopping Paralela
24125,1,20/01/2026,Shopping Paralela
24126,1,20/01/2026,Shopping Paralela
24127,0,20/01/2026,Shopping Paralela
24128,0,20/01/2026,Shopping Paralela
24129,0,20/01/2026,Shopping Paralela
24130,0,20/01/2026,Shopping Paralela
24131,0,20/01/2026,Shopping Paralela
24134,1,20/01/2026,Shopping Paralela
24135,0,20/01/2026,Shopping Paralela
24136,2,20/01/2026,Shopping Paralela
24137,0,20/01/2026,Shopping Paralela
24140,2,20/01/2026,Shopping Paralela
24142,1,20/01/2026,Shopping Paralela
24149,0,20/01/2026,Shopping Paralela
24154,0,20/01/2026,Shopping Paralela
24158,1,20/01/2026,Shopping Paralela
24159,4,20/01/2026,Shopping Paralela
24160,3,20/01/2026,Shopping Paralela
24163,0,20/01/2026,Shopping Paralela
24164,0,20/01/2026,Shopping Paralela
24165,0,20/01/2026,Shopping Paralela
24166,0,20/01/2026,Shopping Paralela
24167,0,20/01/2026,Shopping Paralela
24168,0,20/01/2026,Shopping Paralela
24169,1,20/01/2026,Shopping Paralela
24170,4,20/01/2026,Shopping Paralela
24171,0,20/01/2026,Shopping Paralela
24172,0,20/01/2026,Shopping Paralela
24173,2,20/01/2026,Shopping Paralela
24174,1,20/01/2026,Shopping Paralela
24176,2,20/01/2026,Shopping Paralela
24177,0,20/01/2026,Shopping Paralela
24178,3,20/01/2026,Shopping Paralela
24179,0,20/01/2026,Shopping Paralela
24180,0,20/01/2026,Shopping Paralela
24188,0,20/01/2026,Shopping Paralela
24200,2,20/01/2026,Shopping Paralela
24204,0,20/01/2026,Shopping Paralela
24219,0,20/01/2026,Shopping Paralela
24220,0,20/01/2026,Shopping Paralela
24221,0,20/01/2026,Shopping Paralela
24234,0,20/01/2026,Shopping Paralela
24238,0,20/01/2026,Shopping Paralela
24324,2,20/01/2026,Shopping Paralela
24325,3,20/01/2026,Shopping Paralela
24326,3,20/01/2026,Shopping Paralela
24327,0,20/01/2026,Shopping Paralela
24328,1,20/01/2026,Shopping Paralela
24329,1,20/01/2026,Shopping Paralela
24330,0,20/01/2026,Shopping Paralela
24344,3,20/01/2026,Shopping Paralela
24387,3,20/01/2026,Shopping Paralela
24401,2,20/01/2026,Shopping Paralela
24412,0,20/01/2026,Shopping Paralela
24413,2,20/01/2026,Shopping Paralela
24415,4,20/01/2026,Shopping Paralela
24416,2,20/01/2026,Shopping Paralela
24417,2,20/01/2026,Shopping Paralela
24418,0,20/01/2026,Shopping Paralela
24419,0,20/01/2026,Shopping Paralela
24421,0,20/01/2026,Shopping Paralela
24422,0,20/01/2026,Shopping Paralela
24423,0,20/01/2026,Shopping Paralela
24424,0,20/01/2026,Shopping Paralela
24426,0,20/01/2026,Shopping Paralela
24427,0,20/01/2026,Shopping Paralela
24428,0,20/01/2026,Shopping Paralela
24429,0,20/01/2026,Shopping Paralela
24430,1,20/01/2026,Shopping Paralela
24431,0,20/01/2026,Shopping Paralela
24432,1,20/01/2026,Shopping Paralela
24433,0,20/01/2026,Shopping Paralela
24435,2,20/01/2026,Shopping Paralela
24436,0,20/01/2026,Shopping Paralela
24438,0,20/01/2026,Shopping Paralela
24439,0,20/01/2026,Shopping Paralela
24442,0,20/01/2026,Shopping Paralela
24443,0,20/01/2026,Shopping Paralela
24445,1,20/01/2026,Shopping Paralela
24446,0,20/01/2026,Shopping Paralela
24447,0,20/01/2026,Shopping Paralela
24448,0,20/01/2026,Shopping Paralela
24449,0,20/01/2026,Shopping Paralela
24450,0,20/01/2026,Shopping Paralela
24452,0,20/01/2026,Shopping Paralela
24454,2,20/01/2026,Shopping Paralela
24455,0,20/01/2026,Shopping Paralela
24469,0,20/01/2026,Shopping Paralela
24470,3,20/01/2026,Shopping Paralela
24533,0,20/01/2026,Shopping Paralela
24534,2,20/01/2026,Shopping Paralela
24579,2,20/01/2026,Shopping Paralela
24580,0,20/01/2026,Shopping Paralela
24581,0,20/01/2026,Shopping Paralela
24582,0,20/01/2026,Shopping Paralela
24583,0,20/01/2026,Shopping Paralela
24584,0,20/01/2026,Shopping Paralela
24585,0,20/01/2026,Shopping Paralela
24586,1,20/01/2026,Shopping Paralela
24587,1,20/01/2026,Shopping Paralela
24588,1,20/01/2026,Shopping Paralela
24589,1,20/01/2026,Shopping Paralela
24590,2,20/01/2026,Shopping Paralela
24591,0,20/01/2026,Shopping Paralela
24592,0,20/01/2026,Shopping Paralela
24593,0,20/01/2026,Shopping Paralela
24594,0,20/01/2026,Shopping Paralela
24595,0,20/01/2026,Shopping Paralela
24596,1,20/01/2026,Shopping Paralela
24597,0,20/01/2026,Shopping Paralela
24598,1,20/01/2026,Shopping Paralela
24599,1,20/01/2026,Shopping Paralela
24600,1,20/01/2026,Shopping Paralela
24601,0,20/01/2026,Shopping Paralela
24602,0,20/01/2026,Shopping Paralela
24603,0,20/01/2026,Shopping Paralela
24604,1,20/01/2026,Shopping Paralela
24605,1,20/01/2026,Shopping Paralela
24606,2,20/01/2026,Shopping Paralela
24607,1,20/01/2026,Shopping Paralela
24608,1,20/01/2026,Shopping Paralela
24609,1,20/01/2026,Shopping Paralela
24610,1,20/01/2026,Shopping Paralela
24611,1,20/01/2026,Shopping Paralela
24612,1,20/01/2026,Shopping Paralela
24613,1,20/01/2026,Shopping Paralela
24614,1,20/01/2026,Shopping Paralela
24615,1,20/01/2026,Shopping Paralela
24616,1,20/01/2026,Shopping Paralela
24617,1,20/01/2026,Shopping Paralela
24618,1,20/01/2026,Shopping Paralela
24619,1,20/01/2026,Shopping Paralela
24620,1,20/01/2026,Shopping Paralela
24621,3,20/01/2026,Shopping Paralela
24622,0,20/01/2026,Shopping Paralela
24623,0,20/01/2026,Shopping Paralela
24624,0,20/01/2026,Shopping Paralela
24625,0,20/01/2026,Shopping Paralela
24626,0,20/01/2026,Shopping Paralela
24627,0,20/01/2026,Shopping Paralela
24628,0,20/01/2026,Shopping Paralela
24629,0,20/01/2026,Shopping Paralela
24630,0,20/01/2026,Shopping Paralela
24631,0,20/01/2026,Shopping Paralela
24632,0,20/01/2026,Shopping Paralela
24633,0,20/01/2026,Shopping Paralela
24634,0,20/01/2026,Shopping Paralela
24635,0,20/01/2026,Shopping Paralela
24653,1,20/01/2026,Shopping Paralela
24682,1,20/01/2026,Shopping Paralela
24690,0,20/01/2026,Shopping Paralela
24693,0,20/01/2026,Shopping Paralela
24714,0,20/01/2026,Shopping Paralela
24722,0,20/01/2026,Shopping Paralela
24739,0,20/01/2026,Shopping Paralela
24757,0,20/01/2026,Shopping Paralela
24765,0,20/01/2026,Shopping Paralela
24766,0,20/01/2026,Shopping Paralela
24767,0,20/01/2026,Shopping Paralela
24768,0,20/01/2026,Shopping Paralela
24786,3,20/01/2026,Shopping Paralela
24806,1,20/01/2026,Shopping Paralela
24808,0,20/01/2026,Shopping Paralela
24809,2,20/01/2026,Shopping Paralela
24811,0,20/01/2026,Shopping Paralela
24812,1,20/01/2026,Shopping Paralela
24814,1,20/01/2026,Shopping Paralela
24874,0,20/01/2026,Shopping Paralela
24875,0,20/01/2026,Shopping Paralela
24876,0,20/01/2026,Shopping Paralela
24877,0,20/01/2026,Shopping Paralela
24878,0,20/01/2026,Shopping Paralela
24879,0,20/01/2026,Shopping Paralela
24880,0,20/01/2026,Shopping Paralela
24881,0,20/01/2026,Shopping Paralela
24882,0,20/01/2026,Shopping Paralela
24883,0,20/01/2026,Shopping Paralela
24884,0,20/01/2026,Shopping Paralela
24885,0,20/01/2026,Shopping Paralela
24886,0,20/01/2026,Shopping Paralela
24887,0,20/01/2026,Shopping Paralela
24888,0,20/01/2026,Shopping Paralela
24889,0,20/01/2026,Shopping Paralela
24891,0,20/01/2026,Shopping Paralela
24892,0,20/01/2026,Shopping Paralela
24894,1,20/01/2026,Shopping Paralela
24899,0,20/01/2026,Shopping Paralela
24900,1,20/01/2026,Shopping Paralela
24901,0,20/01/2026,Shopping Paralela
24923,0,20/01/2026,Shopping Paralela
24924,2,20/01/2026,Shopping Paralela
24925,1,20/01/2026,Shopping Paralela
24927,1,20/01/2026,Shopping Paralela
24928,1,20/01/2026,Shopping Paralela
24929,1,20/01/2026,Shopping Paralela
24930,1,20/01/2026,Shopping Paralela
24932,1,20/01/2026,Shopping Paralela
24933,1,20/01/2026,Shopping Paralela
24934,1,20/01/2026,Shopping Paralela
24935,1,20/01/2026,Shopping Paralela
24947,1,20/01/2026,Shopping Paralela
24948,1,20/01/2026,Shopping Paralela
24949,1,20/01/2026,Shopping Paralela
24950,1,20/01/2026,Shopping Paralela
24951,1,20/01/2026,Shopping Paralela
24952,1,20/01/2026,Shopping Paralela
24953,1,20/01/2026,Shopping Paralela
24954,1,20/01/2026,Shopping Paralela
24955,1,20/01/2026,Shopping Paralela
24956,1,20/01/2026,Shopping Paralela
24957,0,20/01/2026,Shopping Paralela
24958,1,20/01/2026,Shopping Paralela
24959,1,20/01/2026,Shopping Paralela
24960,1,20/01/2026,Shopping Paralela
24961,1,20/01/2026,Shopping Paralela
24962,0,20/01/2026,Shopping Paralela
24964,1,20/01/2026,Shopping Paralela
24965,1,20/01/2026,Shopping Paralela
24966,1,20/01/2026,Shopping Paralela
24967,1,20/01/2026,Shopping Paralela
24968,1,20/01/2026,Shopping Paralela
24969,1,20/01/2026,Shopping Paralela
24970,1,20/01/2026,Shopping Paralela
24971,1,20/01/2026,Shopping Paralela
24972,1,20/01/2026,Shopping Paralela
24973,1,20/01/2026,Shopping Paralela
24974,1,20/01/2026,Shopping Paralela
24975,1,20/01/2026,Shopping Paralela
24976,1,20/01/2026,Shopping Paralela
24977,1,20/01/2026,Shopping Paralela
24978,1,20/01/2026,Shopping Paralela
24979,1,20/01/2026,Shopping Paralela
24980,1,20/01/2026,Shopping Paralela
24981,1,20/01/2026,Shopping Paralela
24982,2,20/01/2026,Shopping Paralela
24983,1,20/01/2026,Shopping Paralela
24984,1,20/01/2026,Shopping Paralela
24985,0,20/01/2026,Shopping Paralela
24987,0,20/01/2026,Shopping Paralela
25007,0,20/01/2026,Shopping Paralela
25008,0,20/01/2026,Shopping Paralela
25011,0,20/01/2026,Shopping Paralela
25012,2,20/01/2026,Shopping Paralela
25013,0,20/01/2026,Shopping Paralela
25015,0,20/01/2026,Shopping Paralela
25018,0,20/01/2026,Shopping Paralela
25104,5,20/01/2026,Shopping Paralela
25160,2,20/01/2026,Shopping Paralela
25176,0,20/01/2026,Shopping Paralela
25178,2,20/01/2026,Shopping Paralela
25227,0,20/01/2026,Shopping Paralela
25228,3,20/01/2026,Shopping Paralela
25229,1,20/01/2026,Shopping Paralela
25232,1,20/01/2026,Shopping Paralela
25238,1,20/01/2026,Shopping Paralela
25247,2,20/01/2026,Shopping Paralela
25248,2,20/01/2026,Shopping Paralela
25259,0,20/01/2026,Shopping Paralela
25260,0,20/01/2026,Shopping Paralela
25261,0,20/01/2026,Shopping Paralela
25262,0,20/01/2026,Shopping Paralela
25263,0,20/01/2026,Shopping Paralela
25264,0,20/01/2026,Shopping Paralela
25265,1,20/01/2026,Shopping Paralela
25266,0,20/01/2026,Shopping Paralela
25267,0,20/01/2026,Shopping Paralela
25273,0,20/01/2026,Shopping Paralela
25288,0,20/01/2026,Shopping Paralela
25289,0,20/01/2026,Shopping Paralela
25330,1,20/01/2026,Shopping Paralela
25331,0,20/01/2026,Shopping Paralela
25368,1,20/01/2026,Shopping Paralela
25370,1,20/01/2026,Shopping Paralela
25371,1,20/01/2026,Shopping Paralela
25373,3,20/01/2026,Shopping Paralela
25378,0,20/01/2026,Shopping Paralela
25414,0,20/01/2026,Shopping Paralela
25415,0,20/01/2026,Shopping Paralela
25416,0,20/01/2026,Shopping Paralela
25418,2,20/01/2026,Shopping Paralela
25419,1,20/01/2026,Shopping Paralela
25420,2,20/01/2026,Shopping Paralela
25423,0,20/01/2026,Shopping Paralela
25424,2,20/01/2026,Shopping Paralela
25425,0,20/01/2026,Shopping Paralela
25426,0,20/01/2026,Shopping Paralela
25427,0,20/01/2026,Shopping Paralela
25428,3,20/01/2026,Shopping Paralela
25429,1,20/01/2026,Shopping Paralela
25430,1,20/01/2026,Shopping Paralela
25431,0,20/01/2026,Shopping Paralela
25432,1,20/01/2026,Shopping Paralela
25433,1,20/01/2026,Shopping Paralela
25434,0,20/01/2026,Shopping Paralela
25435,1,20/01/2026,Shopping Paralela
25437,1,20/01/2026,Shopping Paralela
25438,1,20/01/2026,Shopping Paralela
25440,1,20/01/2026,Shopping Paralela
25441,1,20/01/2026,Shopping Paralela
25442,0,20/01/2026,Shopping Paralela
25443,0,20/01/2026,Shopping Paralela
25444,0,20/01/2026,Shopping Paralela
25445,1,20/01/2026,Shopping Paralela
25447,0,20/01/2026,Shopping Paralela
25448,2,20/01/2026,Shopping Paralela
25449,0,20/01/2026,Shopping Paralela
25450,1,20/01/2026,Shopping Paralela
25451,0,20/01/2026,Shopping Paralela
25487,0,20/01/2026,Shopping Paralela
25488,2,20/01/2026,Shopping Paralela
25489,0,20/01/2026,Shopping Paralela
25490,1,20/01/2026,Shopping Paralela
25491,0,20/01/2026,Shopping Paralela
25492,0,20/01/2026,Shopping Paralela
25493,2,20/01/2026,Shopping Paralela
25494,0,20/01/2026,Shopping Paralela
25495,1,20/01/2026,Shopping Paralela
25499,1,20/01/2026,Shopping Paralela
25633,0,20/01/2026,Shopping Paralela
25634,0,20/01/2026,Shopping Paralela
25671,0,20/01/2026,Shopping Paralela
25718,2,20/01/2026,Shopping Paralela
25719,2,20/01/2026,Shopping Paralela
25720,2,20/01/2026,Shopping Paralela
25721,1,20/01/2026,Shopping Paralela
25722,2,20/01/2026,Shopping Paralela
25723,1,20/01/2026,Shopping Paralela
25724,1,20/01/2026,Shopping Paralela
25725,0,20/01/2026,Shopping Paralela
25726,0,20/01/2026,Shopping Paralela
25727,1,20/01/2026,Shopping Paralela
25728,0,20/01/2026,Shopping Paralela
25729,1,20/01/2026,Shopping Paralela
25730,0,20/01/2026,Shopping Paralela
25731,0,20/01/2026,Shopping Paralela
25732,1,20/01/2026,Shopping Paralela
25733,0,20/01/2026,Shopping Paralela
25734,0,20/01/2026,Shopping Paralela
25735,0,20/01/2026,Shopping Paralela
25736,1,20/01/2026,Shopping Paralela
25737,1,20/01/2026,Shopping Paralela
25738,1,20/01/2026,Shopping Paralela
25739,0,20/01/2026,Shopping Paralela
25740,1,20/01/2026,Shopping Paralela
25741,1,20/01/2026,Shopping Paralela
25742,0,20/01/2026,Shopping Paralela
25743,2,20/01/2026,Shopping Paralela
25744,1,20/01/2026,Shopping Paralela
25745,1,20/01/2026,Shopping Paralela
25746,1,20/01/2026,Shopping Paralela
25747,3,20/01/2026,Shopping Paralela
25748,2,20/01/2026,Shopping Paralela
25749,1,20/01/2026,Shopping Paralela
25750,1,20/01/2026,Shopping Paralela
25751,1,20/01/2026,Shopping Paralela
25752,1,20/01/2026,Shopping Paralela
25753,0,20/01/2026,Shopping Paralela
25755,0,20/01/2026,Shopping Paralela
25756,1,20/01/2026,Shopping Paralela
25757,2,20/01/2026,Shopping Paralela
25788,1,20/01/2026,Shopping Paralela
25796,0,20/01/2026,Shopping Paralela
25797,0,20/01/2026,Shopping Paralela
25800,0,20/01/2026,Shopping Paralela
25808,0,20/01/2026,Shopping Paralela
25810,0,20/01/2026,Shopping Paralela
25811,1,20/01/2026,Shopping Paralela
25812,0,20/01/2026,Shopping Paralela
25813,1,20/01/2026,Shopping Paralela
25814,1,20/01/2026,Shopping Paralela
25815,0,20/01/2026,Shopping Paralela
25816,1,20/01/2026,Shopping Paralela
25817,0,20/01/2026,Shopping Paralela
25818,1,20/01/2026,Shopping Paralela
25819,0,20/01/2026,Shopping Paralela
25831,0,20/01/2026,Shopping Paralela
25838,0,20/01/2026,Shopping Paralela
25840,0,20/01/2026,Shopping Paralela
25842,0,20/01/2026,Shopping Paralela
25846,0,20/01/2026,Shopping Paralela
25849,0,20/01/2026,Shopping Paralela
25854,0,20/01/2026,Shopping Paralela
25855,0,20/01/2026,Shopping Paralela
25856,0,20/01/2026,Shopping Paralela
25857,0,20/01/2026,Shopping Paralela
25858,0,20/01/2026,Shopping Paralela
25859,0,20/01/2026,Shopping Paralela
25860,0,20/01/2026,Shopping Paralela
25862,0,20/01/2026,Shopping Paralela
25868,0,20/01/2026,Shopping Paralela
25869,0,20/01/2026,Shopping Paralela
25880,0,20/01/2026,Shopping Paralela
25881,0,20/01/2026,Shopping Paralela
25883,0,20/01/2026,Shopping Paralela
26056,3,20/01/2026,Shopping Paralela
26057,1,20/01/2026,Shopping Paralela
26067,0,20/01/2026,Shopping Paralela
26092,1,20/01/2026,Shopping Paralela
26093,1,20/01/2026,Shopping Paralela
26094,0,20/01/2026,Shopping Paralela
26101,0,20/01/2026,Shopping Paralela
26131,1,20/01/2026,Shopping Paralela
26132,0,20/01/2026,Shopping Paralela
26139,1,20/01/2026,Shopping Paralela
26140,1,20/01/2026,Shopping Paralela
26177,1,20/01/2026,Shopping Paralela
26178,1,20/01/2026,Shopping Paralela
26179,1,20/01/2026,Shopping Paralela
26180,1,20/01/2026,Shopping Paralela
26181,0,20/01/2026,Shopping Paralela
26182,1,20/01/2026,Shopping Paralela
26183,1,20/01/2026,Shopping Paralela
26184,0,20/01/2026,Shopping Paralela
26185,0,20/01/2026,Shopping Paralela
26190,2,20/01/2026,Shopping Paralela
26202,2,20/01/2026,Shopping Paralela
26203,2,20/01/2026,Shopping Paralela
26204,2,20/01/2026,Shopping Paralela
26205,2,20/01/2026,Shopping Paralela
26206,2,20/01/2026,Shopping Paralela
26207,1,20/01/2026,Shopping Paralela
26208,2,20/01/2026,Shopping Paralela
26209,1,20/01/2026,Shopping Paralela
26210,1,20/01/2026,Shopping Paralela
26211,1,20/01/2026,Shopping Paralela
26212,1,20/01/2026,Shopping Paralela
26213,1,20/01/2026,Shopping Paralela
26214,0,20/01/2026,Shopping Paralela
26215,1,20/01/2026,Shopping Paralela
26216,1,20/01/2026,Shopping Paralela
26217,1,20/01/2026,Shopping Paralela
26218,0,20/01/2026,Shopping Paralela
26219,1,20/01/2026,Shopping Paralela
26220,1,20/01/2026,Shopping Paralela
26221,0,20/01/2026,Shopping Paralela
26243,1,20/01/2026,Shopping Paralela
26244,0,20/01/2026,Shopping Paralela
26245,0,20/01/2026,Shopping Paralela
26258,2,20/01/2026,Shopping Paralela
26260,0,20/01/2026,Shopping Paralela
26268,3,20/01/2026,Shopping Paralela
26269,1,20/01/2026,Shopping Paralela
26270,2,20/01/2026,Shopping Paralela
26275,1,20/01/2026,Shopping Paralela
26278,0,20/01/2026,Shopping Paralela
26294,0,20/01/2026,Shopping Paralela
26322,1,20/01/2026,Shopping Paralela
26326,0,20/01/2026,Shopping Paralela
26365,0,20/01/2026,Shopping Paralela
26366,0,20/01/2026,Shopping Paralela
26367,1,20/01/2026,Shopping Paralela
26368,1,20/01/2026,Shopping Paralela
26369,1,20/01/2026,Shopping Paralela
26370,1,20/01/2026,Shopping Paralela
26371,2,20/01/2026,Shopping Paralela
26372,0,20/01/2026,Shopping Paralela
26373,1,20/01/2026,Shopping Paralela
26374,0,20/01/2026,Shopping Paralela
26375,1,20/01/2026,Shopping Paralela
26376,1,20/01/2026,Shopping Paralela
26377,1,20/01/2026,Shopping Paralela
26378,0,20/01/2026,Shopping Paralela
26379,0,20/01/2026,Shopping Paralela
26380,2,20/01/2026,Shopping Paralela
26381,1,20/01/2026,Shopping Paralela
26382,1,20/01/2026,Shopping Paralela
26383,1,20/01/2026,Shopping Paralela
26384,1,20/01/2026,Shopping Paralela
26385,1,20/01/2026,Shopping Paralela
26386,1,20/01/2026,Shopping Paralela
26387,1,20/01/2026,Shopping Paralela
26388,0,20/01/2026,Shopping Paralela
26389,0,20/01/2026,Shopping Paralela
26399,0,20/01/2026,Shopping Paralela
26400,0,20/01/2026,Shopping Paralela
26401,0,20/01/2026,Shopping Paralela
26402,1,20/01/2026,Shopping Paralela
26403,0,20/01/2026,Shopping Paralela
26404,0,20/01/2026,Shopping Paralela
26405,1,20/01/2026,Shopping Paralela
26406,0,20/01/2026,Shopping Paralela
26407,2,20/01/2026,Shopping Paralela
26408,0,20/01/2026,Shopping Paralela
26409,2,20/01/2026,Shopping Paralela
26410,1,20/01/2026,Shopping Paralela
26411,1,20/01/2026,Shopping Paralela
26412,0,20/01/2026,Shopping Paralela
26413,0,20/01/2026,Shopping Paralela
26414,0,20/01/2026,Shopping Paralela
26415,0,20/01/2026,Shopping Paralela
26450,0,20/01/2026,Shopping Paralela
26583,0,20/01/2026,Shopping Paralela
26589,0,20/01/2026,Shopping Paralela
26590,0,20/01/2026,Shopping Paralela
26598,1,20/01/2026,Shopping Paralela
26599,2,20/01/2026,Shopping Paralela
26600,1,20/01/2026,Shopping Paralela
26601,0,20/01/2026,Shopping Paralela
26692,0,20/01/2026,Shopping Paralela
26721,4,20/01/2026,Shopping Paralela
26722,1,20/01/2026,Shopping Paralela
26723,1,20/01/2026,Shopping Paralela
26745,0,20/01/2026,Shopping Paralela
26746,0,20/01/2026,Shopping Paralela
26747,0,20/01/2026,Shopping Paralela
26748,0,20/01/2026,Shopping Paralela
26749,0,20/01/2026,Shopping Paralela
26750,0,20/01/2026,Shopping Paralela
26751,0,20/01/2026,Shopping Paralela
26752,0,20/01/2026,Shopping Paralela
26753,0,20/01/2026,Shopping Paralela
26754,0,20/01/2026,Shopping Paralela
26755,1,20/01/2026,Shopping Paralela
26756,0,20/01/2026,Shopping Paralela
26757,0,20/01/2026,Shopping Paralela
26758,0,20/01/2026,Shopping Paralela
26759,0,20/01/2026,Shopping Paralela
26760,0,20/01/2026,Shopping Paralela
26761,0,20/01/2026,Shopping Paralela
26762,0,20/01/2026,Shopping Paralela
26764,0,20/01/2026,Shopping Paralela
26766,1,20/01/2026,Shopping Paralela
26767,1,20/01/2026,Shopping Paralela
26768,1,20/01/2026,Shopping Paralela
26769,0,20/01/2026,Shopping Paralela
26815,3,20/01/2026,Shopping Paralela
26829,1,20/01/2026,Shopping Paralela
26842,0,20/01/2026,Shopping Paralela
26843,0,20/01/2026,Shopping Paralela
26844,1,20/01/2026,Shopping Paralela
26845,1,20/01/2026,Shopping Paralela
26923,1,20/01/2026,Shopping Paralela
26931,0,20/01/2026,Shopping Paralela
26932,0,20/01/2026,Shopping Paralela
26934,0,20/01/2026,Shopping Paralela
26935,0,20/01/2026,Shopping Paralela
26936,0,20/01/2026,Shopping Paralela
26938,0,20/01/2026,Shopping Paralela
26940,0,20/01/2026,Shopping Paralela
26942,0,20/01/2026,Shopping Paralela
26944,2,20/01/2026,Shopping Paralela
26945,1,20/01/2026,Shopping Paralela
26946,0,20/01/2026,Shopping Paralela
26947,0,20/01/2026,Shopping Paralela
26948,1,20/01/2026,Shopping Paralela
26949,1,20/01/2026,Shopping Paralela
26950,1,20/01/2026,Shopping Paralela
26951,2,20/01/2026,Shopping Paralela
26952,1,20/01/2026,Shopping Paralela
313,0,20/01/2026,Shopping Recife
322,0,20/01/2026,Shopping Recife
338,3,20/01/2026,Shopping Recife
341,0,20/01/2026,Shopping Recife
398,3,20/01/2026,Shopping Recife
610,0,20/01/2026,Shopping Recife
674,2,20/01/2026,Shopping Recife
727,0,20/01/2026,Shopping Recife
887,1,20/01/2026,Shopping Recife
888,1,20/01/2026,Shopping Recife
889,7,20/01/2026,Shopping Recife
890,2,20/01/2026,Shopping Recife
1049,5,20/01/2026,Shopping Recife
1100,4,20/01/2026,Shopping Recife
1109,0,20/01/2026,Shopping Recife
1119,8,20/01/2026,Shopping Recife
1276,1,20/01/2026,Shopping Recife
1277,7,20/01/2026,Shopping Recife
1362,0,20/01/2026,Shopping Recife
1363,2,20/01/2026,Shopping Recife
1367,3,20/01/2026,Shopping Recife
1368,0,20/01/2026,Shopping Recife
1405,2,20/01/2026,Shopping Recife
1438,0,20/01/2026,Shopping Recife
1499,0,20/01/2026,Shopping Recife
1526,0,20/01/2026,Shopping Recife
1712,3,20/01/2026,Shopping Recife
1941,3,20/01/2026,Shopping Recife
2197,7,20/01/2026,Shopping Recife
2200,5,20/01/2026,Shopping Recife
2202,6,20/01/2026,Shopping Recife
2207,5,20/01/2026,Shopping Recife
2208,4,20/01/2026,Shopping Recife
2217,6,20/01/2026,Shopping Recife
2398,2,20/01/2026,Shopping Recife
2403,2,20/01/2026,Shopping Recife
2617,6,20/01/2026,Shopping Recife
2646,3,20/01/2026,Shopping Recife
2693,2,20/01/2026,Shopping Recife
2697,7,20/01/2026,Shopping Recife
2721,8,20/01/2026,Shopping Recife
2723,0,20/01/2026,Shopping Recife
2725,0,20/01/2026,Shopping Recife
2811,2,20/01/2026,Shopping Recife
2842,3,20/01/2026,Shopping Recife
2844,2,20/01/2026,Shopping Recife
2845,2,20/01/2026,Shopping Recife
2867,4,20/01/2026,Shopping Recife
2881,0,20/01/2026,Shopping Recife
2930,3,20/01/2026,Shopping Recife
3056,5,20/01/2026,Shopping Recife
3065,3,20/01/2026,Shopping Recife
3099,5,20/01/2026,Shopping Recife
3147,1,20/01/2026,Shopping Recife
3190,4,20/01/2026,Shopping Recife
3406,3,20/01/2026,Shopping Recife
3462,1,20/01/2026,Shopping Recife
3532,0,20/01/2026,Shopping Recife
3533,2,20/01/2026,Shopping Recife
3554,2,20/01/2026,Shopping Recife
3555,4,20/01/2026,Shopping Recife
3556,3,20/01/2026,Shopping Recife
3573,3,20/01/2026,Shopping Recife
3746,8,20/01/2026,Shopping Recife
3747,3,20/01/2026,Shopping Recife
3751,4,20/01/2026,Shopping Recife
3800,2,20/01/2026,Shopping Recife
3823,3,20/01/2026,Shopping Recife
3825,8,20/01/2026,Shopping Recife
3871,3,20/01/2026,Shopping Recife
3882,3,20/01/2026,Shopping Recife
3901,0,20/01/2026,Shopping Recife
3904,2,20/01/2026,Shopping Recife
3905,3,20/01/2026,Shopping Recife
3906,3,20/01/2026,Shopping Recife
3969,0,20/01/2026,Shopping Recife
4028,2,20/01/2026,Shopping Recife
4030,5,20/01/2026,Shopping Recife
4031,6,20/01/2026,Shopping Recife
4032,5,20/01/2026,Shopping Recife
4033,5,20/01/2026,Shopping Recife
4034,4,20/01/2026,Shopping Recife
4035,6,20/01/2026,Shopping Recife
4054,2,20/01/2026,Shopping Recife
4111,1,20/01/2026,Shopping Recife
4112,1,20/01/2026,Shopping Recife
4113,1,20/01/2026,Shopping Recife
4114,1,20/01/2026,Shopping Recife
4140,3,20/01/2026,Shopping Recife
4141,0,20/01/2026,Shopping Recife
4147,4,20/01/2026,Shopping Recife
4148,2,20/01/2026,Shopping Recife
4149,2,20/01/2026,Shopping Recife
4160,3,20/01/2026,Shopping Recife
4310,2,20/01/2026,Shopping Recife
4312,2,20/01/2026,Shopping Recife
4325,0,20/01/2026,Shopping Recife
4347,0,20/01/2026,Shopping Recife
4348,5,20/01/2026,Shopping Recife
4349,6,20/01/2026,Shopping Recife
4350,5,20/01/2026,Shopping Recife
4351,4,20/01/2026,Shopping Recife
4352,6,20/01/2026,Shopping Recife
4353,3,20/01/2026,Shopping Recife
4354,0,20/01/2026,Shopping Recife
4355,4,20/01/2026,Shopping Recife
4356,6,20/01/2026,Shopping Recife
4357,0,20/01/2026,Shopping Recife
4358,4,20/01/2026,Shopping Recife
4359,0,20/01/2026,Shopping Recife
4362,8,20/01/2026,Shopping Recife
4363,6,20/01/2026,Shopping Recife
4364,6,20/01/2026,Shopping Recife
4365,9,20/01/2026,Shopping Recife
4366,6,20/01/2026,Shopping Recife
4367,5,20/01/2026,Shopping Recife
4368,0,20/01/2026,Shopping Recife
4372,1,20/01/2026,Shopping Recife
4380,2,20/01/2026,Shopping Recife
4382,7,20/01/2026,Shopping Recife
4395,4,20/01/2026,Shopping Recife
4434,5,20/01/2026,Shopping Recife
4456,0,20/01/2026,Shopping Recife
4457,3,20/01/2026,Shopping Recife
4459,0,20/01/2026,Shopping Recife
4460,2,20/01/2026,Shopping Recife
4497,4,20/01/2026,Shopping Recife
4499,1,20/01/2026,Shopping Recife
4550,3,20/01/2026,Shopping Recife
4600,2,20/01/2026,Shopping Recife
4658,7,20/01/2026,Shopping Recife
4660,6,20/01/2026,Shopping Recife
4687,0,20/01/2026,Shopping Recife
4688,0,20/01/2026,Shopping Recife
4700,3,20/01/2026,Shopping Recife
4725,2,20/01/2026,Shopping Recife
4726,1,20/01/2026,Shopping Recife
4727,0,20/01/2026,Shopping Recife
4728,4,20/01/2026,Shopping Recife
4750,0,20/01/2026,Shopping Recife
4882,0,20/01/2026,Shopping Recife
4980,3,20/01/2026,Shopping Recife
4981,4,20/01/2026,Shopping Recife
5049,5,20/01/2026,Shopping Recife
5702,2,20/01/2026,Shopping Recife
5703,2,20/01/2026,Shopping Recife
5704,2,20/01/2026,Shopping Recife
5705,3,20/01/2026,Shopping Recife
6332,0,20/01/2026,Shopping Recife
8144,2,20/01/2026,Shopping Recife
8145,4,20/01/2026,Shopping Recife
8146,1,20/01/2026,Shopping Recife
8152,0,20/01/2026,Shopping Recife
8153,6,20/01/2026,Shopping Recife
8154,4,20/01/2026,Shopping Recife
8155,0,20/01/2026,Shopping Recife
8156,0,20/01/2026,Shopping Recife
8157,3,20/01/2026,Shopping Recife
8158,2,20/01/2026,Shopping Recife
8159,2,20/01/2026,Shopping Recife
8520,5,20/01/2026,Shopping Recife
8521,4,20/01/2026,Shopping Recife
20715,10,20/01/2026,Shopping Recife
20716,7,20/01/2026,Shopping Recife
20717,0,20/01/2026,Shopping Recife
20718,1,20/01/2026,Shopping Recife
20719,3,20/01/2026,Shopping Recife
20720,2,20/01/2026,Shopping Recife
20721,2,20/01/2026,Shopping Recife
20722,8,20/01/2026,Shopping Recife
20723,4,20/01/2026,Shopping Recife
20737,2,20/01/2026,Shopping Recife
20755,2,20/01/2026,Shopping Recife
20790,0,20/01/2026,Shopping Recife
20791,0,20/01/2026,Shopping Recife
20792,0,20/01/2026,Shopping Recife
20793,0,20/01/2026,Shopping Recife
20833,3,20/01/2026,Shopping Recife
20834,3,20/01/2026,Shopping Recife
20875,2,20/01/2026,Shopping Recife
20877,2,20/01/2026,Shopping Recife
20990,7,20/01/2026,Shopping Recife
21069,3,20/01/2026,Shopping Recife
21080,4,20/01/2026,Shopping Recife
21113,2,20/01/2026,Shopping Recife
21143,2,20/01/2026,Shopping Recife
21144,0,20/01/2026,Shopping Recife
21145,0,20/01/2026,Shopping Recife
21146,1,20/01/2026,Shopping Recife
21147,0,20/01/2026,Shopping Recife
21148,2,20/01/2026,Shopping Recife
21149,7,20/01/2026,Shopping Recife
21190,4,20/01/2026,Shopping Recife
21191,5,20/01/2026,Shopping Recife
21227,3,20/01/2026,Shopping Recife
21255,0,20/01/2026,Shopping Recife
21267,4,20/01/2026,Shopping Recife
21279,2,20/01/2026,Shopping Recife
21286,2,20/01/2026,Shopping Recife
21288,2,20/01/2026,Shopping Recife
21289,8,20/01/2026,Shopping Recife
21290,4,20/01/2026,Shopping Recife
21291,1,20/01/2026,Shopping Recife
21295,3,20/01/2026,Shopping Recife
21296,5,20/01/2026,Shopping Recife
21299,3,20/01/2026,Shopping Recife
21300,3,20/01/2026,Shopping Recife
21309,2,20/01/2026,Shopping Recife
21311,2,20/01/2026,Shopping Recife
21312,2,20/01/2026,Shopping Recife
21313,2,20/01/2026,Shopping Recife
21314,4,20/01/2026,Shopping Recife
21315,3,20/01/2026,Shopping Recife
21316,4,20/01/2026,Shopping Recife
21317,6,20/01/2026,Shopping Recife
21383,3,20/01/2026,Shopping Recife
21414,2,20/01/2026,Shopping Recife
21458,2,20/01/2026,Shopping Recife
21462,1,20/01/2026,Shopping Recife
21463,1,20/01/2026,Shopping Recife
21464,2,20/01/2026,Shopping Recife
21466,1,20/01/2026,Shopping Recife
21467,5,20/01/2026,Shopping Recife
21492,1,20/01/2026,Shopping Recife
21510,4,20/01/2026,Shopping Recife
21511,3,20/01/2026,Shopping Recife
21512,2,20/01/2026,Shopping Recife
21513,3,20/01/2026,Shopping Recife
21514,4,20/01/2026,Shopping Recife
21547,2,20/01/2026,Shopping Recife
21557,2,20/01/2026,Shopping Recife
21574,1,20/01/2026,Shopping Recife
21575,0,20/01/2026,Shopping Recife
21576,1,20/01/2026,Shopping Recife
21581,0,20/01/2026,Shopping Recife
21582,0,20/01/2026,Shopping Recife
21583,4,20/01/2026,Shopping Recife
21601,2,20/01/2026,Shopping Recife
21613,3,20/01/2026,Shopping Recife
21614,3,20/01/2026,Shopping Recife
21682,0,20/01/2026,Shopping Recife
21691,4,20/01/2026,Shopping Recife
21694,0,20/01/2026,Shopping Recife
21696,2,20/01/2026,Shopping Recife
21697,5,20/01/2026,Shopping Recife
21698,2,20/01/2026,Shopping Recife
21703,3,20/01/2026,Shopping Recife
21704,3,20/01/2026,Shopping Recife
21710,3,20/01/2026,Shopping Recife
21717,0,20/01/2026,Shopping Recife
21718,4,20/01/2026,Shopping Recife
21719,3,20/01/2026,Shopping Recife
21875,3,20/01/2026,Shopping Recife
21876,2,20/01/2026,Shopping Recife
21905,2,20/01/2026,Shopping Recife
21909,0,20/01/2026,Shopping Recife
21910,11,20/01/2026,Shopping Recife
21911,0,20/01/2026,Shopping Recife
21912,5,20/01/2026,Shopping Recife
21913,3,20/01/2026,Shopping Recife
21914,3,20/01/2026,Shopping Recife
21915,3,20/01/2026,Shopping Recife
21917,0,20/01/2026,Shopping Recife
21918,0,20/01/2026,Shopping Recife
21919,0,20/01/2026,Shopping Recife
21920,4,20/01/2026,Shopping Recife
21921,7,20/01/2026,Shopping Recife
21923,3,20/01/2026,Shopping Recife
21924,2,20/01/2026,Shopping Recife
21925,2,20/01/2026,Shopping Recife
21926,2,20/01/2026,Shopping Recife
21927,2,20/01/2026,Shopping Recife
22000,1,20/01/2026,Shopping Recife
22001,2,20/01/2026,Shopping Recife
22002,2,20/01/2026,Shopping Recife
22101,0,20/01/2026,Shopping Recife
22102,0,20/01/2026,Shopping Recife
22103,0,20/01/2026,Shopping Recife
22114,0,20/01/2026,Shopping Recife
22191,3,20/01/2026,Shopping Recife
22278,0,20/01/2026,Shopping Recife
22306,1,20/01/2026,Shopping Recife
22307,0,20/01/2026,Shopping Recife
22308,1,20/01/2026,Shopping Recife
22403,0,20/01/2026,Shopping Recife
22417,3,20/01/2026,Shopping Recife
22476,4,20/01/2026,Shopping Recife
22477,3,20/01/2026,Shopping Recife
22482,0,20/01/2026,Shopping Recife
22487,3,20/01/2026,Shopping Recife
22492,3,20/01/2026,Shopping Recife
22504,1,20/01/2026,Shopping Recife
22515,3,20/01/2026,Shopping Recife
22547,2,20/01/2026,Shopping Recife
22578,0,20/01/2026,Shopping Recife
22589,0,20/01/2026,Shopping Recife
22590,0,20/01/2026,Shopping Recife
22595,1,20/01/2026,Shopping Recife
22597,2,20/01/2026,Shopping Recife
22598,3,20/01/2026,Shopping Recife
22642,3,20/01/2026,Shopping Recife
22666,0,20/01/2026,Shopping Recife
22667,2,20/01/2026,Shopping Recife
22668,1,20/01/2026,Shopping Recife
22756,3,20/01/2026,Shopping Recife
22850,2,20/01/2026,Shopping Recife
22854,1,20/01/2026,Shopping Recife
22859,3,20/01/2026,Shopping Recife
22870,1,20/01/2026,Shopping Recife
22883,0,20/01/2026,Shopping Recife
22922,1,20/01/2026,Shopping Recife
22923,1,20/01/2026,Shopping Recife
22980,0,20/01/2026,Shopping Recife
22985,2,20/01/2026,Shopping Recife
22987,2,20/01/2026,Shopping Recife
22988,0,20/01/2026,Shopping Recife
22990,1,20/01/2026,Shopping Recife
23003,3,20/01/2026,Shopping Recife
23004,2,20/01/2026,Shopping Recife
23005,2,20/01/2026,Shopping Recife
23006,4,20/01/2026,Shopping Recife
23007,3,20/01/2026,Shopping Recife
23008,3,20/01/2026,Shopping Recife
23010,3,20/01/2026,Shopping Recife
23011,3,20/01/2026,Shopping Recife
23012,3,20/01/2026,Shopping Recife
23013,2,20/01/2026,Shopping Recife
23014,3,20/01/2026,Shopping Recife
23015,3,20/01/2026,Shopping Recife
23016,2,20/01/2026,Shopping Recife
23017,3,20/01/2026,Shopping Recife
23018,3,20/01/2026,Shopping Recife
23019,3,20/01/2026,Shopping Recife
23020,3,20/01/2026,Shopping Recife
23023,2,20/01/2026,Shopping Recife
23024,3,20/01/2026,Shopping Recife
23061,0,20/01/2026,Shopping Recife
23062,0,20/01/2026,Shopping Recife
23063,0,20/01/2026,Shopping Recife
23064,0,20/01/2026,Shopping Recife
23065,0,20/01/2026,Shopping Recife
23066,0,20/01/2026,Shopping Recife
23067,0,20/01/2026,Shopping Recife
23082,1,20/01/2026,Shopping Recife
23083,4,20/01/2026,Shopping Recife
23158,0,20/01/2026,Shopping Recife
23186,1,20/01/2026,Shopping Recife
23189,3,20/01/2026,Shopping Recife
23217,2,20/01/2026,Shopping Recife
23218,4,20/01/2026,Shopping Recife
23224,3,20/01/2026,Shopping Recife
23234,2,20/01/2026,Shopping Recife
23264,2,20/01/2026,Shopping Recife
23265,0,20/01/2026,Shopping Recife
23266,2,20/01/2026,Shopping Recife
23267,3,20/01/2026,Shopping Recife
23268,2,20/01/2026,Shopping Recife
23269,2,20/01/2026,Shopping Recife
23270,2,20/01/2026,Shopping Recife
23271,2,20/01/2026,Shopping Recife
23273,3,20/01/2026,Shopping Recife
23277,0,20/01/2026,Shopping Recife
23284,3,20/01/2026,Shopping Recife
23285,4,20/01/2026,Shopping Recife
23286,4,20/01/2026,Shopping Recife
23321,2,20/01/2026,Shopping Recife
23323,0,20/01/2026,Shopping Recife
23325,2,20/01/2026,Shopping Recife
23341,0,20/01/2026,Shopping Recife
23342,0,20/01/2026,Shopping Recife
23364,2,20/01/2026,Shopping Recife
23376,0,20/01/2026,Shopping Recife
23397,0,20/01/2026,Shopping Recife
23443,0,20/01/2026,Shopping Recife
23461,3,20/01/2026,Shopping Recife
23472,1,20/01/2026,Shopping Recife
23473,0,20/01/2026,Shopping Recife
23476,2,20/01/2026,Shopping Recife
23590,3,20/01/2026,Shopping Recife
23703,2,20/01/2026,Shopping Recife
23714,0,20/01/2026,Shopping Recife
23715,1,20/01/2026,Shopping Recife
23716,2,20/01/2026,Shopping Recife
23717,1,20/01/2026,Shopping Recife
23718,1,20/01/2026,Shopping Recife
23719,1,20/01/2026,Shopping Recife
23720,1,20/01/2026,Shopping Recife
23725,3,20/01/2026,Shopping Recife
23726,0,20/01/2026,Shopping Recife
23727,1,20/01/2026,Shopping Recife
23728,0,20/01/2026,Shopping Recife
23730,1,20/01/2026,Shopping Recife
23731,0,20/01/2026,Shopping Recife
23737,0,20/01/2026,Shopping Recife
23738,0,20/01/2026,Shopping Recife
23739,0,20/01/2026,Shopping Recife
23740,0,20/01/2026,Shopping Recife
23741,0,20/01/2026,Shopping Recife
23742,0,20/01/2026,Shopping Recife
23744,1,20/01/2026,Shopping Recife
23745,1,20/01/2026,Shopping Recife
23746,1,20/01/2026,Shopping Recife
23747,0,20/01/2026,Shopping Recife
23748,1,20/01/2026,Shopping Recife
23755,0,20/01/2026,Shopping Recife
23807,0,20/01/2026,Shopping Recife
23810,1,20/01/2026,Shopping Recife
23814,0,20/01/2026,Shopping Recife
23817,1,20/01/2026,Shopping Recife
23818,1,20/01/2026,Shopping Recife
23819,1,20/01/2026,Shopping Recife
23820,0,20/01/2026,Shopping Recife
23821,1,20/01/2026,Shopping Recife
23822,0,20/01/2026,Shopping Recife
23827,2,20/01/2026,Shopping Recife
23828,0,20/01/2026,Shopping Recife
23829,0,20/01/2026,Shopping Recife
23830,0,20/01/2026,Shopping Recife
23887,0,20/01/2026,Shopping Recife
23893,2,20/01/2026,Shopping Recife
23894,2,20/01/2026,Shopping Recife
23895,4,20/01/2026,Shopping Recife
23896,1,20/01/2026,Shopping Recife
23897,1,20/01/2026,Shopping Recife
23898,2,20/01/2026,Shopping Recife
23899,3,20/01/2026,Shopping Recife
23900,3,20/01/2026,Shopping Recife
23901,2,20/01/2026,Shopping Recife
23902,0,20/01/2026,Shopping Recife
23903,1,20/01/2026,Shopping Recife
23904,2,20/01/2026,Shopping Recife
23905,1,20/01/2026,Shopping Recife
23906,2,20/01/2026,Shopping Recife
23907,5,20/01/2026,Shopping Recife
23908,2,20/01/2026,Shopping Recife
23909,2,20/01/2026,Shopping Recife
23910,3,20/01/2026,Shopping Recife
23911,3,20/01/2026,Shopping Recife
23912,2,20/01/2026,Shopping Recife
23913,4,20/01/2026,Shopping Recife
23914,0,20/01/2026,Shopping Recife
23915,2,20/01/2026,Shopping Recife
23916,2,20/01/2026,Shopping Recife
23917,1,20/01/2026,Shopping Recife
23918,3,20/01/2026,Shopping Recife
23919,5,20/01/2026,Shopping Recife
23920,0,20/01/2026,Shopping Recife
23921,2,20/01/2026,Shopping Recife
23922,1,20/01/2026,Shopping Recife
23923,2,20/01/2026,Shopping Recife
23924,1,20/01/2026,Shopping Recife
23925,2,20/01/2026,Shopping Recife
23926,1,20/01/2026,Shopping Recife
23927,2,20/01/2026,Shopping Recife
23928,3,20/01/2026,Shopping Recife
23929,2,20/01/2026,Shopping Recife
23930,3,20/01/2026,Shopping Recife
23931,1,20/01/2026,Shopping Recife
23932,1,20/01/2026,Shopping Recife
23934,0,20/01/2026,Shopping Recife
23935,0,20/01/2026,Shopping Recife
23936,2,20/01/2026,Shopping Recife
23937,0,20/01/2026,Shopping Recife
23938,2,20/01/2026,Shopping Recife
23939,0,20/01/2026,Shopping Recife
23940,2,20/01/2026,Shopping Recife
23941,0,20/01/2026,Shopping Recife
23942,1,20/01/2026,Shopping Recife
23943,1,20/01/2026,Shopping Recife
23944,2,20/01/2026,Shopping Recife
23945,0,20/01/2026,Shopping Recife
23946,2,20/01/2026,Shopping Recife
23947,3,20/01/2026,Shopping Recife
23948,0,20/01/2026,Shopping Recife
23949,3,20/01/2026,Shopping Recife
23950,0,20/01/2026,Shopping Recife
23951,0,20/01/2026,Shopping Recife
23952,3,20/01/2026,Shopping Recife
23953,1,20/01/2026,Shopping Recife
23954,1,20/01/2026,Shopping Recife
23955,1,20/01/2026,Shopping Recife
23956,1,20/01/2026,Shopping Recife
23958,1,20/01/2026,Shopping Recife
23960,3,20/01/2026,Shopping Recife
23961,0,20/01/2026,Shopping Recife
23962,0,20/01/2026,Shopping Recife
23963,2,20/01/2026,Shopping Recife
23964,0,20/01/2026,Shopping Recife
23965,0,20/01/2026,Shopping Recife
23966,1,20/01/2026,Shopping Recife
23967,0,20/01/2026,Shopping Recife
23968,2,20/01/2026,Shopping Recife
23969,2,20/01/2026,Shopping Recife
23970,2,20/01/2026,Shopping Recife
23971,2,20/01/2026,Shopping Recife
23972,3,20/01/2026,Shopping Recife
23973,2,20/01/2026,Shopping Recife
23974,1,20/01/2026,Shopping Recife
23975,2,20/01/2026,Shopping Recife
23976,5,20/01/2026,Shopping Recife
23977,0,20/01/2026,Shopping Recife
23978,3,20/01/2026,Shopping Recife
23979,3,20/01/2026,Shopping Recife
23980,2,20/01/2026,Shopping Recife
23981,5,20/01/2026,Shopping Recife
23982,2,20/01/2026,Shopping Recife
23983,3,20/01/2026,Shopping Recife
23984,3,20/01/2026,Shopping Recife
23985,3,20/01/2026,Shopping Recife
23986,2,20/01/2026,Shopping Recife
23987,2,20/01/2026,Shopping Recife
23988,4,20/01/2026,Shopping Recife
23989,2,20/01/2026,Shopping Recife
23990,3,20/01/2026,Shopping Recife
23991,4,20/01/2026,Shopping Recife
23992,2,20/01/2026,Shopping Recife
23993,5,20/01/2026,Shopping Recife
23994,0,20/01/2026,Shopping Recife
23995,2,20/01/2026,Shopping Recife
23996,3,20/01/2026,Shopping Recife
23997,2,20/01/2026,Shopping Recife
23998,2,20/01/2026,Shopping Recife
24000,1,20/01/2026,Shopping Recife
24001,1,20/01/2026,Shopping Recife
24002,0,20/01/2026,Shopping Recife
24003,2,20/01/2026,Shopping Recife
24004,0,20/01/2026,Shopping Recife
24005,0,20/01/2026,Shopping Recife
24006,1,20/01/2026,Shopping Recife
24007,3,20/01/2026,Shopping Recife
24008,0,20/01/2026,Shopping Recife
24009,1,20/01/2026,Shopping Recife
24010,1,20/01/2026,Shopping Recife
24011,2,20/01/2026,Shopping Recife
24012,1,20/01/2026,Shopping Recife
24013,1,20/01/2026,Shopping Recife
24014,1,20/01/2026,Shopping Recife
24015,1,20/01/2026,Shopping Recife
24016,0,20/01/2026,Shopping Recife
24017,0,20/01/2026,Shopping Recife
24018,2,20/01/2026,Shopping Recife
24019,0,20/01/2026,Shopping Recife
24021,1,20/01/2026,Shopping Recife
24022,1,20/01/2026,Shopping Recife
24023,1,20/01/2026,Shopping Recife
24024,0,20/01/2026,Shopping Recife
24025,4,20/01/2026,Shopping Recife
24026,0,20/01/2026,Shopping Recife
24027,5,20/01/2026,Shopping Recife
24028,0,20/01/2026,Shopping Recife
24029,10,20/01/2026,Shopping Recife
24030,1,20/01/2026,Shopping Recife
24031,10,20/01/2026,Shopping Recife
24032,2,20/01/2026,Shopping Recife
24033,0,20/01/2026,Shopping Recife
24036,1,20/01/2026,Shopping Recife
24037,0,20/01/2026,Shopping Recife
24100,0,20/01/2026,Shopping Recife
24101,2,20/01/2026,Shopping Recife
24102,2,20/01/2026,Shopping Recife
24103,3,20/01/2026,Shopping Recife
24104,2,20/01/2026,Shopping Recife
24105,2,20/01/2026,Shopping Recife
24106,2,20/01/2026,Shopping Recife
24107,3,20/01/2026,Shopping Recife
24108,4,20/01/2026,Shopping Recife
24109,4,20/01/2026,Shopping Recife
24110,3,20/01/2026,Shopping Recife
24111,1,20/01/2026,Shopping Recife
24112,2,20/01/2026,Shopping Recife
24113,0,20/01/2026,Shopping Recife
24115,2,20/01/2026,Shopping Recife
24116,2,20/01/2026,Shopping Recife
24117,2,20/01/2026,Shopping Recife
24118,0,20/01/2026,Shopping Recife
24119,0,20/01/2026,Shopping Recife
24120,1,20/01/2026,Shopping Recife
24121,0,20/01/2026,Shopping Recife
24122,4,20/01/2026,Shopping Recife
24123,0,20/01/2026,Shopping Recife
24124,0,20/01/2026,Shopping Recife
24125,0,20/01/2026,Shopping Recife
24126,0,20/01/2026,Shopping Recife
24127,5,20/01/2026,Shopping Recife
24128,3,20/01/2026,Shopping Recife
24129,0,20/01/2026,Shopping Recife
24130,0,20/01/2026,Shopping Recife
24131,0,20/01/2026,Shopping Recife
24134,2,20/01/2026,Shopping Recife
24135,0,20/01/2026,Shopping Recife
24136,2,20/01/2026,Shopping Recife
24137,6,20/01/2026,Shopping Recife
24140,6,20/01/2026,Shopping Recife
24142,0,20/01/2026,Shopping Recife
24149,0,20/01/2026,Shopping Recife
24154,0,20/01/2026,Shopping Recife
24158,2,20/01/2026,Shopping Recife
24159,0,20/01/2026,Shopping Recife
24160,0,20/01/2026,Shopping Recife
24163,2,20/01/2026,Shopping Recife
24164,0,20/01/2026,Shopping Recife
24165,2,20/01/2026,Shopping Recife
24166,3,20/01/2026,Shopping Recife
24167,0,20/01/2026,Shopping Recife
24168,0,20/01/2026,Shopping Recife
24169,2,20/01/2026,Shopping Recife
24170,2,20/01/2026,Shopping Recife
24171,1,20/01/2026,Shopping Recife
24172,5,20/01/2026,Shopping Recife
24173,9,20/01/2026,Shopping Recife
24174,1,20/01/2026,Shopping Recife
24176,0,20/01/2026,Shopping Recife
24177,0,20/01/2026,Shopping Recife
24178,0,20/01/2026,Shopping Recife
24179,0,20/01/2026,Shopping Recife
24180,1,20/01/2026,Shopping Recife
24188,2,20/01/2026,Shopping Recife
24200,0,20/01/2026,Shopping Recife
24204,4,20/01/2026,Shopping Recife
24219,0,20/01/2026,Shopping Recife
24220,1,20/01/2026,Shopping Recife
24221,0,20/01/2026,Shopping Recife
24234,0,20/01/2026,Shopping Recife
24238,0,20/01/2026,Shopping Recife
24324,6,20/01/2026,Shopping Recife
24325,6,20/01/2026,Shopping Recife
24326,3,20/01/2026,Shopping Recife
24327,3,20/01/2026,Shopping Recife
24328,2,20/01/2026,Shopping Recife
24329,3,20/01/2026,Shopping Recife
24330,3,20/01/2026,Shopping Recife
24344,4,20/01/2026,Shopping Recife
24387,2,20/01/2026,Shopping Recife
24401,5,20/01/2026,Shopping Recife
24412,2,20/01/2026,Shopping Recife
24413,5,20/01/2026,Shopping Recife
24415,9,20/01/2026,Shopping Recife
24416,3,20/01/2026,Shopping Recife
24417,5,20/01/2026,Shopping Recife
24418,0,20/01/2026,Shopping Recife
24419,0,20/01/2026,Shopping Recife
24421,0,20/01/2026,Shopping Recife
24422,0,20/01/2026,Shopping Recife
24423,0,20/01/2026,Shopping Recife
24424,0,20/01/2026,Shopping Recife
24426,0,20/01/2026,Shopping Recife
24427,0,20/01/2026,Shopping Recife
24428,2,20/01/2026,Shopping Recife
24429,0,20/01/2026,Shopping Recife
24430,1,20/01/2026,Shopping Recife
24431,3,20/01/2026,Shopping Recife
24432,2,20/01/2026,Shopping Recife
24433,0,20/01/2026,Shopping Recife
24435,2,20/01/2026,Shopping Recife
24436,1,20/01/2026,Shopping Recife
24438,0,20/01/2026,Shopping Recife
24439,0,20/01/2026,Shopping Recife
24442,0,20/01/2026,Shopping Recife
24443,0,20/01/2026,Shopping Recife
24445,0,20/01/2026,Shopping Recife
24446,0,20/01/2026,Shopping Recife
24447,3,20/01/2026,Shopping Recife
24448,0,20/01/2026,Shopping Recife
24449,0,20/01/2026,Shopping Recife
24450,0,20/01/2026,Shopping Recife
24452,0,20/01/2026,Shopping Recife
24454,4,20/01/2026,Shopping Recife
24455,0,20/01/2026,Shopping Recife
24469,0,20/01/2026,Shopping Recife
24470,0,20/01/2026,Shopping Recife
24533,0,20/01/2026,Shopping Recife
24534,2,20/01/2026,Shopping Recife
24579,2,20/01/2026,Shopping Recife
24580,1,20/01/2026,Shopping Recife
24581,1,20/01/2026,Shopping Recife
24582,0,20/01/2026,Shopping Recife
24583,1,20/01/2026,Shopping Recife
24584,1,20/01/2026,Shopping Recife
24585,0,20/01/2026,Shopping Recife
24586,7,20/01/2026,Shopping Recife
24587,6,20/01/2026,Shopping Recife
24588,10,20/01/2026,Shopping Recife
24589,6,20/01/2026,Shopping Recife
24590,0,20/01/2026,Shopping Recife
24591,0,20/01/2026,Shopping Recife
24592,0,20/01/2026,Shopping Recife
24593,0,20/01/2026,Shopping Recife
24594,0,20/01/2026,Shopping Recife
24595,0,20/01/2026,Shopping Recife
24596,2,20/01/2026,Shopping Recife
24597,0,20/01/2026,Shopping Recife
24598,1,20/01/2026,Shopping Recife
24599,2,20/01/2026,Shopping Recife
24600,1,20/01/2026,Shopping Recife
24601,2,20/01/2026,Shopping Recife
24602,0,20/01/2026,Shopping Recife
24603,0,20/01/2026,Shopping Recife
24604,2,20/01/2026,Shopping Recife
24605,2,20/01/2026,Shopping Recife
24606,2,20/01/2026,Shopping Recife
24607,1,20/01/2026,Shopping Recife
24608,1,20/01/2026,Shopping Recife
24609,1,20/01/2026,Shopping Recife
24610,1,20/01/2026,Shopping Recife
24611,1,20/01/2026,Shopping Recife
24612,1,20/01/2026,Shopping Recife
24613,1,20/01/2026,Shopping Recife
24614,3,20/01/2026,Shopping Recife
24615,1,20/01/2026,Shopping Recife
24616,3,20/01/2026,Shopping Recife
24617,4,20/01/2026,Shopping Recife
24618,4,20/01/2026,Shopping Recife
24619,2,20/01/2026,Shopping Recife
24620,4,20/01/2026,Shopping Recife
24621,3,20/01/2026,Shopping Recife
24622,0,20/01/2026,Shopping Recife
24623,1,20/01/2026,Shopping Recife
24624,1,20/01/2026,Shopping Recife
24625,0,20/01/2026,Shopping Recife
24626,0,20/01/2026,Shopping Recife
24627,1,20/01/2026,Shopping Recife
24628,0,20/01/2026,Shopping Recife
24629,0,20/01/2026,Shopping Recife
24630,1,20/01/2026,Shopping Recife
24631,0,20/01/2026,Shopping Recife
24632,0,20/01/2026,Shopping Recife
24633,0,20/01/2026,Shopping Recife
24634,0,20/01/2026,Shopping Recife
24635,1,20/01/2026,Shopping Recife
24653,2,20/01/2026,Shopping Recife
24682,0,20/01/2026,Shopping Recife
24690,2,20/01/2026,Shopping Recife
24693,1,20/01/2026,Shopping Recife
24714,1,20/01/2026,Shopping Recife
24722,0,20/01/2026,Shopping Recife
24739,0,20/01/2026,Shopping Recife
24757,0,20/01/2026,Shopping Recife
24765,0,20/01/2026,Shopping Recife
24766,0,20/01/2026,Shopping Recife
24767,2,20/01/2026,Shopping Recife
24768,1,20/01/2026,Shopping Recife
24786,0,20/01/2026,Shopping Recife
24806,0,20/01/2026,Shopping Recife
24808,3,20/01/2026,Shopping Recife
24809,0,20/01/2026,Shopping Recife
24811,0,20/01/2026,Shopping Recife
24812,0,20/01/2026,Shopping Recife
24814,0,20/01/2026,Shopping Recife
24874,0,20/01/2026,Shopping Recife
24875,0,20/01/2026,Shopping Recife
24876,0,20/01/2026,Shopping Recife
24877,1,20/01/2026,Shopping Recife
24878,0,20/01/2026,Shopping Recife
24879,0,20/01/2026,Shopping Recife
24880,0,20/01/2026,Shopping Recife
24881,0,20/01/2026,Shopping Recife
24882,0,20/01/2026,Shopping Recife
24883,0,20/01/2026,Shopping Recife
24884,0,20/01/2026,Shopping Recife
24885,0,20/01/2026,Shopping Recife
24886,1,20/01/2026,Shopping Recife
24887,1,20/01/2026,Shopping Recife
24888,1,20/01/2026,Shopping Recife
24889,0,20/01/2026,Shopping Recife
24891,1,20/01/2026,Shopping Recife
24892,2,20/01/2026,Shopping Recife
24894,2,20/01/2026,Shopping Recife
24899,2,20/01/2026,Shopping Recife
24900,2,20/01/2026,Shopping Recife
24901,2,20/01/2026,Shopping Recife
24923,0,20/01/2026,Shopping Recife
24924,0,20/01/2026,Shopping Recife
24925,0,20/01/2026,Shopping Recife
24927,0,20/01/2026,Shopping Recife
24928,0,20/01/2026,Shopping Recife
24929,0,20/01/2026,Shopping Recife
24930,0,20/01/2026,Shopping Recife
24932,0,20/01/2026,Shopping Recife
24933,0,20/01/2026,Shopping Recife
24934,0,20/01/2026,Shopping Recife
24935,0,20/01/2026,Shopping Recife
24947,0,20/01/2026,Shopping Recife
24948,0,20/01/2026,Shopping Recife
24949,0,20/01/2026,Shopping Recife
24950,0,20/01/2026,Shopping Recife
24951,0,20/01/2026,Shopping Recife
24952,0,20/01/2026,Shopping Recife
24953,0,20/01/2026,Shopping Recife
24954,0,20/01/2026,Shopping Recife
24955,0,20/01/2026,Shopping Recife
24956,0,20/01/2026,Shopping Recife
24957,0,20/01/2026,Shopping Recife
24958,0,20/01/2026,Shopping Recife
24959,0,20/01/2026,Shopping Recife
24960,0,20/01/2026,Shopping Recife
24961,0,20/01/2026,Shopping Recife
24962,0,20/01/2026,Shopping Recife
24964,0,20/01/2026,Shopping Recife
24965,0,20/01/2026,Shopping Recife
24966,0,20/01/2026,Shopping Recife
24967,0,20/01/2026,Shopping Recife
24968,0,20/01/2026,Shopping Recife
24969,0,20/01/2026,Shopping Recife
24970,0,20/01/2026,Shopping Recife
24971,0,20/01/2026,Shopping Recife
24972,0,20/01/2026,Shopping Recife
24973,0,20/01/2026,Shopping Recife
24974,0,20/01/2026,Shopping Recife
24975,0,20/01/2026,Shopping Recife
24976,0,20/01/2026,Shopping Recife
24977,0,20/01/2026,Shopping Recife
24978,0,20/01/2026,Shopping Recife
24979,0,20/01/2026,Shopping Recife
24980,0,20/01/2026,Shopping Recife
24981,0,20/01/2026,Shopping Recife
24982,0,20/01/2026,Shopping Recife
24983,0,20/01/2026,Shopping Recife
24984,0,20/01/2026,Shopping Recife
24985,0,20/01/2026,Shopping Recife
24987,0,20/01/2026,Shopping Recife
25007,2,20/01/2026,Shopping Recife
25008,0,20/01/2026,Shopping Recife
25011,0,20/01/2026,Shopping Recife
25012,0,20/01/2026,Shopping Recife
25013,0,20/01/2026,Shopping Recife
25015,0,20/01/2026,Shopping Recife
25018,0,20/01/2026,Shopping Recife
25104,7,20/01/2026,Shopping Recife
25160,2,20/01/2026,Shopping Recife
25176,4,20/01/2026,Shopping Recife
25178,2,20/01/2026,Shopping Recife
25227,0,20/01/2026,Shopping Recife
25228,2,20/01/2026,Shopping Recife
25229,2,20/01/2026,Shopping Recife
25232,2,20/01/2026,Shopping Recife
25238,0,20/01/2026,Shopping Recife
25247,3,20/01/2026,Shopping Recife
25248,1,20/01/2026,Shopping Recife
25259,2,20/01/2026,Shopping Recife
25260,1,20/01/2026,Shopping Recife
25261,1,20/01/2026,Shopping Recife
25262,0,20/01/2026,Shopping Recife
25263,0,20/01/2026,Shopping Recife
25264,0,20/01/2026,Shopping Recife
25265,2,20/01/2026,Shopping Recife
25266,1,20/01/2026,Shopping Recife
25267,2,20/01/2026,Shopping Recife
25273,2,20/01/2026,Shopping Recife
25288,2,20/01/2026,Shopping Recife
25289,0,20/01/2026,Shopping Recife
25330,1,20/01/2026,Shopping Recife
25331,0,20/01/2026,Shopping Recife
25368,2,20/01/2026,Shopping Recife
25370,0,20/01/2026,Shopping Recife
25371,2,20/01/2026,Shopping Recife
25373,4,20/01/2026,Shopping Recife
25378,2,20/01/2026,Shopping Recife
25414,1,20/01/2026,Shopping Recife
25415,2,20/01/2026,Shopping Recife
25416,3,20/01/2026,Shopping Recife
25418,0,20/01/2026,Shopping Recife
25419,0,20/01/2026,Shopping Recife
25420,2,20/01/2026,Shopping Recife
25423,1,20/01/2026,Shopping Recife
25424,2,20/01/2026,Shopping Recife
25425,0,20/01/2026,Shopping Recife
25426,3,20/01/2026,Shopping Recife
25427,1,20/01/2026,Shopping Recife
25428,3,20/01/2026,Shopping Recife
25429,7,20/01/2026,Shopping Recife
25430,0,20/01/2026,Shopping Recife
25431,0,20/01/2026,Shopping Recife
25432,4,20/01/2026,Shopping Recife
25433,2,20/01/2026,Shopping Recife
25434,0,20/01/2026,Shopping Recife
25435,2,20/01/2026,Shopping Recife
25437,1,20/01/2026,Shopping Recife
25438,1,20/01/2026,Shopping Recife
25440,1,20/01/2026,Shopping Recife
25441,2,20/01/2026,Shopping Recife
25442,3,20/01/2026,Shopping Recife
25443,0,20/01/2026,Shopping Recife
25444,1,20/01/2026,Shopping Recife
25445,1,20/01/2026,Shopping Recife
25447,1,20/01/2026,Shopping Recife
25448,0,20/01/2026,Shopping Recife
25449,1,20/01/2026,Shopping Recife
25450,1,20/01/2026,Shopping Recife
25451,1,20/01/2026,Shopping Recife
25487,2,20/01/2026,Shopping Recife
25488,0,20/01/2026,Shopping Recife
25489,0,20/01/2026,Shopping Recife
25490,2,20/01/2026,Shopping Recife
25491,1,20/01/2026,Shopping Recife
25492,2,20/01/2026,Shopping Recife
25493,2,20/01/2026,Shopping Recife
25494,2,20/01/2026,Shopping Recife
25495,2,20/01/2026,Shopping Recife
25499,0,20/01/2026,Shopping Recife
25633,2,20/01/2026,Shopping Recife
25634,0,20/01/2026,Shopping Recife
25671,1,20/01/2026,Shopping Recife
25718,1,20/01/2026,Shopping Recife
25719,2,20/01/2026,Shopping Recife
25720,2,20/01/2026,Shopping Recife
25721,2,20/01/2026,Shopping Recife
25722,2,20/01/2026,Shopping Recife
25723,3,20/01/2026,Shopping Recife
25724,0,20/01/2026,Shopping Recife
25725,0,20/01/2026,Shopping Recife
25726,1,20/01/2026,Shopping Recife
25727,0,20/01/2026,Shopping Recife
25728,0,20/01/2026,Shopping Recife
25729,0,20/01/2026,Shopping Recife
25730,1,20/01/2026,Shopping Recife
25731,0,20/01/2026,Shopping Recife
25732,0,20/01/2026,Shopping Recife
25733,0,20/01/2026,Shopping Recife
25734,1,20/01/2026,Shopping Recife
25735,1,20/01/2026,Shopping Recife
25736,3,20/01/2026,Shopping Recife
25737,2,20/01/2026,Shopping Recife
25738,3,20/01/2026,Shopping Recife
25739,2,20/01/2026,Shopping Recife
25740,1,20/01/2026,Shopping Recife
25741,2,20/01/2026,Shopping Recife
25742,2,20/01/2026,Shopping Recife
25743,2,20/01/2026,Shopping Recife
25744,2,20/01/2026,Shopping Recife
25745,2,20/01/2026,Shopping Recife
25746,2,20/01/2026,Shopping Recife
25747,4,20/01/2026,Shopping Recife
25748,2,20/01/2026,Shopping Recife
25749,2,20/01/2026,Shopping Recife
25750,2,20/01/2026,Shopping Recife
25751,2,20/01/2026,Shopping Recife
25752,2,20/01/2026,Shopping Recife
25753,1,20/01/2026,Shopping Recife
25755,0,20/01/2026,Shopping Recife
25756,2,20/01/2026,Shopping Recife
25757,3,20/01/2026,Shopping Recife
25788,0,20/01/2026,Shopping Recife
25796,1,20/01/2026,Shopping Recife
25797,2,20/01/2026,Shopping Recife
25800,1,20/01/2026,Shopping Recife
25808,1,20/01/2026,Shopping Recife
25810,3,20/01/2026,Shopping Recife
25811,0,20/01/2026,Shopping Recife
25812,0,20/01/2026,Shopping Recife
25813,2,20/01/2026,Shopping Recife
25814,0,20/01/2026,Shopping Recife
25815,1,20/01/2026,Shopping Recife
25816,0,20/01/2026,Shopping Recife
25817,2,20/01/2026,Shopping Recife
25818,0,20/01/2026,Shopping Recife
25819,2,20/01/2026,Shopping Recife
25831,0,20/01/2026,Shopping Recife
25838,0,20/01/2026,Shopping Recife
25840,0,20/01/2026,Shopping Recife
25842,0,20/01/2026,Shopping Recife
25846,2,20/01/2026,Shopping Recife
25849,0,20/01/2026,Shopping Recife
25854,0,20/01/2026,Shopping Recife
25855,0,20/01/2026,Shopping Recife
25856,0,20/01/2026,Shopping Recife
25857,0,20/01/2026,Shopping Recife
25858,0,20/01/2026,Shopping Recife
25859,0,20/01/2026,Shopping Recife
25860,0,20/01/2026,Shopping Recife
25862,0,20/01/2026,Shopping Recife
25868,0,20/01/2026,Shopping Recife
25869,0,20/01/2026,Shopping Recife
25880,0,20/01/2026,Shopping Recife
25881,0,20/01/2026,Shopping Recife
25883,0,20/01/2026,Shopping Recife
26056,0,20/01/2026,Shopping Recife
26057,2,20/01/2026,Shopping Recife
26067,0,20/01/2026,Shopping Recife
26092,2,20/01/2026,Shopping Recife
26093,4,20/01/2026,Shopping Recife
26094,2,20/01/2026,Shopping Recife
26101,2,20/01/2026,Shopping Recife
26131,2,20/01/2026,Shopping Recife
26132,1,20/01/2026,Shopping Recife
26139,1,20/01/2026,Shopping Recife
26140,6,20/01/2026,Shopping Recife
26177,2,20/01/2026,Shopping Recife
26178,3,20/01/2026,Shopping Recife
26179,2,20/01/2026,Shopping Recife
26180,2,20/01/2026,Shopping Recife
26181,5,20/01/2026,Shopping Recife
26182,2,20/01/2026,Shopping Recife
26183,2,20/01/2026,Shopping Recife
26184,1,20/01/2026,Shopping Recife
26185,1,20/01/2026,Shopping Recife
26190,4,20/01/2026,Shopping Recife
26202,3,20/01/2026,Shopping Recife
26203,2,20/01/2026,Shopping Recife
26204,3,20/01/2026,Shopping Recife
26205,1,20/01/2026,Shopping Recife
26206,2,20/01/2026,Shopping Recife
26207,2,20/01/2026,Shopping Recife
26208,6,20/01/2026,Shopping Recife
26209,2,20/01/2026,Shopping Recife
26210,2,20/01/2026,Shopping Recife
26211,1,20/01/2026,Shopping Recife
26212,1,20/01/2026,Shopping Recife
26213,1,20/01/2026,Shopping Recife
26214,8,20/01/2026,Shopping Recife
26215,3,20/01/2026,Shopping Recife
26216,3,20/01/2026,Shopping Recife
26217,3,20/01/2026,Shopping Recife
26218,3,20/01/2026,Shopping Recife
26219,5,20/01/2026,Shopping Recife
26220,2,20/01/2026,Shopping Recife
26221,6,20/01/2026,Shopping Recife
26243,1,20/01/2026,Shopping Recife
26244,2,20/01/2026,Shopping Recife
26245,1,20/01/2026,Shopping Recife
26258,3,20/01/2026,Shopping Recife
26260,0,20/01/2026,Shopping Recife
26268,1,20/01/2026,Shopping Recife
26269,2,20/01/2026,Shopping Recife
26270,3,20/01/2026,Shopping Recife
26275,2,20/01/2026,Shopping Recife
26278,0,20/01/2026,Shopping Recife
26294,0,20/01/2026,Shopping Recife
26322,0,20/01/2026,Shopping Recife
26326,0,20/01/2026,Shopping Recife
26365,0,20/01/2026,Shopping Recife
26366,1,20/01/2026,Shopping Recife
26367,0,20/01/2026,Shopping Recife
26368,0,20/01/2026,Shopping Recife
26369,0,20/01/2026,Shopping Recife
26370,0,20/01/2026,Shopping Recife
26371,1,20/01/2026,Shopping Recife
26372,0,20/01/2026,Shopping Recife
26373,1,20/01/2026,Shopping Recife
26374,1,20/01/2026,Shopping Recife
26375,2,20/01/2026,Shopping Recife
26376,1,20/01/2026,Shopping Recife
26377,2,20/01/2026,Shopping Recife
26378,2,20/01/2026,Shopping Recife
26379,0,20/01/2026,Shopping Recife
26380,2,20/01/2026,Shopping Recife
26381,2,20/01/2026,Shopping Recife
26382,1,20/01/2026,Shopping Recife
26383,0,20/01/2026,Shopping Recife
26384,1,20/01/2026,Shopping Recife
26385,1,20/01/2026,Shopping Recife
26386,1,20/01/2026,Shopping Recife
26387,1,20/01/2026,Shopping Recife
26388,1,20/01/2026,Shopping Recife
26389,0,20/01/2026,Shopping Recife
26399,2,20/01/2026,Shopping Recife
26400,1,20/01/2026,Shopping Recife
26401,1,20/01/2026,Shopping Recife
26402,2,20/01/2026,Shopping Recife
26403,0,20/01/2026,Shopping Recife
26404,0,20/01/2026,Shopping Recife
26405,2,20/01/2026,Shopping Recife
26406,2,20/01/2026,Shopping Recife
26407,0,20/01/2026,Shopping Recife
26408,2,20/01/2026,Shopping Recife
26409,2,20/01/2026,Shopping Recife
26410,2,20/01/2026,Shopping Recife
26411,2,20/01/2026,Shopping Recife
26412,3,20/01/2026,Shopping Recife
26413,0,20/01/2026,Shopping Recife
26414,2,20/01/2026,Shopping Recife
26415,2,20/01/2026,Shopping Recife
26450,0,20/01/2026,Shopping Recife
26583,1,20/01/2026,Shopping Recife
26589,1,20/01/2026,Shopping Recife
26590,1,20/01/2026,Shopping Recife
26598,4,20/01/2026,Shopping Recife
26599,2,20/01/2026,Shopping Recife
26600,2,20/01/2026,Shopping Recife
26601,1,20/01/2026,Shopping Recife
26692,0,20/01/2026,Shopping Recife
26721,2,20/01/2026,Shopping Recife
26722,2,20/01/2026,Shopping Recife
26723,2,20/01/2026,Shopping Recife
26745,0,20/01/2026,Shopping Recife
26746,0,20/01/2026,Shopping Recife
26747,0,20/01/2026,Shopping Recife
26748,0,20/01/2026,Shopping Recife
26749,0,20/01/2026,Shopping Recife
26750,0,20/01/2026,Shopping Recife
26751,0,20/01/2026,Shopping Recife
26752,0,20/01/2026,Shopping Recife
26753,0,20/01/2026,Shopping Recife
26754,0,20/01/2026,Shopping Recife
26755,0,20/01/2026,Shopping Recife
26756,0,20/01/2026,Shopping Recife
26757,0,20/01/2026,Shopping Recife
26758,0,20/01/2026,Shopping Recife
26759,0,20/01/2026,Shopping Recife
26760,0,20/01/2026,Shopping Recife
26761,0,20/01/2026,Shopping Recife
26762,0,20/01/2026,Shopping Recife
26764,1,20/01/2026,Shopping Recife
26766,2,20/01/2026,Shopping Recife
26767,8,20/01/2026,Shopping Recife
26768,5,20/01/2026,Shopping Recife
26769,3,20/01/2026,Shopping Recife
26815,1,20/01/2026,Shopping Recife
26829,0,20/01/2026,Shopping Recife
26842,3,20/01/2026,Shopping Recife
26843,0,20/01/2026,Shopping Recife
26844,2,20/01/2026,Shopping Recife
26845,2,20/01/2026,Shopping Recife
26923,2,20/01/2026,Shopping Recife
26931,0,20/01/2026,Shopping Recife
26932,0,20/01/2026,Shopping Recife
26934,0,20/01/2026,Shopping Recife
26935,0,20/01/2026,Shopping Recife
26936,0,20/01/2026,Shopping Recife
26938,0,20/01/2026,Shopping Recife
26940,0,20/01/2026,Shopping Recife
26942,0,20/01/2026,Shopping Recife
26944,2,20/01/2026,Shopping Recife
26945,3,20/01/2026,Shopping Recife
26946,2,20/01/2026,Shopping Recife
26947,3,20/01/2026,Shopping Recife
26948,2,20/01/2026,Shopping Recife
26949,1,20/01/2026,Shopping Recife
26950,0,20/01/2026,Shopping Recife
26951,2,20/01/2026,Shopping Recife
26952,1,20/01/2026,Shopping Recife
26953,2,20/01/2026,Shopping Recife
26954,2,20/01/2026,Shopping Recife
26955,0,20/01/2026,Shopping Recife
26957,0,20/01/2026,Shopping Recife
26958,2,20/01/2026,Shopping Recife
26959,1,20/01/2026,Shopping Recife
26960,0,20/01/2026,Shopping Recife
26975,0,20/01/2026,Shopping Recife
26978,1,20/01/2026,Shopping Recife
26979,4,20/01/2026,Shopping Recife
27003,1,20/01/2026,Shopping Recife
27013,0,20/01/2026,Shopping Recife
27017,1,20/01/2026,Shopping Recife
27027,3,20/01/2026,Shopping Recife
27028,1,20/01/2026,Shopping Recife
27029,3,20/01/2026,Shopping Recife
27030,2,20/01/2026,Shopping Recife
27031,0,20/01/2026,Shopping Recife
27032,2,20/01/2026,Shopping Recife
27055,2,20/01/2026,Shopping Recife
27056,2,20/01/2026,Shopping Recife
27057,2,20/01/2026,Shopping Recife
27058,2,20/01/2026,Shopping Recife
27059,2,20/01/2026,Shopping Recife
27060,2,20/01/2026,Shopping Recife
27061,2,20/01/2026,Shopping Recife
27062,2,20/01/2026,Shopping Recife
27063,2,20/01/2026,Shopping Recife
27064,2,20/01/2026,Shopping Recife
27065,2,20/01/2026,Shopping Recife
27066,3,20/01/2026,Shopping Recife
27067,3,20/01/2026,Shopping Recife
27068,1,20/01/2026,Shopping Recife
27069,3,20/01/2026,Shopping Recife
27070,5,20/01/2026,Shopping Recife
27071,2,20/01/2026,Shopping Recife
27072,2,20/01/2026,Shopping Recife
27090,1,20/01/2026,Shopping Recife
27097,2,20/01/2026,Shopping Recife
27098,4,20/01/2026,Shopping Recife
27108,1,20/01/2026,Shopping Recife
27109,2,20/01/2026,Shopping Recife
27110,3,20/01/2026,Shopping Recife
27111,1,20/01/2026,Shopping Recife
27112,4,20/01/2026,Shopping Recife
27113,4,20/01/2026,Shopping Recife
27114,4,20/01/2026,Shopping Recife
27115,1,20/01/2026,Shopping Recife
27116,4,20/01/2026,Shopping Recife
27125,1,20/01/2026,Shopping Recife
27130,0,20/01/2026,Shopping Recife
27131,0,20/01/2026,Shopping Recife
27132,0,20/01/2026,Shopping Recife
27133,0,20/01/2026,Shopping Recife
27184,1,20/01/2026,Shopping Recife
27188,2,20/01/2026,Shopping Recife
27189,2,20/01/2026,Shopping Recife
27190,1,20/01/2026,Shopping Recife
27191,3,20/01/2026,Shopping Recife
27192,2,20/01/2026,Shopping Recife
27193,2,20/01/2026,Shopping Recife
27211,0,20/01/2026,Shopping Recife
27219,0,20/01/2026,Shopping Recife
27227,1,20/01/2026,Shopping Recife
27229,1,20/01/2026,Shopping Recife
27230,1,20/01/2026,Shopping Recife
27231,1,20/01/2026,Shopping Recife
27233,2,20/01/2026,Shopping Recife
27234,1,20/01/2026,Shopping Recife
27235,1,20/01/2026,Shopping Recife
27238,1,20/01/2026,Shopping Recife
27251,0,20/01/2026,Shopping Recife
27252,1,20/01/2026,Shopping Recife
27253,1,20/01/2026,Shopping Recife
27254,1,20/01/2026,Shopping Recife
27256,4,20/01/2026,Shopping Recife
27257,4,20/01/2026,Shopping Recife
27258,4,20/01/2026,Shopping Recife
27259,1,20/01/2026,Shopping Recife
27260,2,20/01/2026,Shopping Recife
27261,2,20/01/2026,Shopping Recife
27262,2,20/01/2026,Shopping Recife
27263,2,20/01/2026,Shopping Recife
27264,1,20/01/2026,Shopping Recife
27265,1,20/01/2026,Shopping Recife
27273,0,20/01/2026,Shopping Recife
27274,1,20/01/2026,Shopping Recife
27275,0,20/01/2026,Shopping Recife
27276,0,20/01/2026,Shopping Recife
27277,0,20/01/2026,Shopping Recife
27278,0,20/01/2026,Shopping Recife
27279,1,20/01/2026,Shopping Recife
27280,1,20/01/2026,Shopping Recife
27281,0,20/01/2026,Shopping Recife
27282,0,20/01/2026,Shopping Recife
27283,0,20/01/2026,Shopping Recife
27284,0,20/01/2026,Shopping Recife
27285,0,20/01/2026,Shopping Recife
27286,0,20/01/2026,Shopping Recife
27287,1,20/01/2026,Shopping Recife
27449,1,20/01/2026,Shopping Recife
27482,1,20/01/2026,Shopping Recife
27483,1,20/01/2026,Shopping Recife
27491,0,20/01/2026,Shopping Recife
27495,2,20/01/2026,Shopping Recife
27496,2,20/01/2026,Shopping Recife
27497,2,20/01/2026,Shopping Recife
27498,3,20/01/2026,Shopping Recife
27509,0,20/01/2026,Shopping Recife
27510,0,20/01/2026,Shopping Recife
27511,0,20/01/2026,Shopping Recife
27532,0,20/01/2026,Shopping Recife
27533,0,20/01/2026,Shopping Recife
27534,0,20/01/2026,Shopping Recife
27535,1,20/01/2026,Shopping Recife
27537,0,20/01/2026,Shopping Recife
27538,0,20/01/2026,Shopping Recife
27539,0,20/01/2026,Shopping Recife
27540,0,20/01/2026,Shopping Recife
27541,0,20/01/2026,Shopping Recife
27551,1,20/01/2026,Shopping Recife
27634,0,20/01/2026,Shopping Recife
27660,1,20/01/2026,Shopping Recife
27662,0,20/01/2026,Shopping Recife
27669,0,20/01/2026,Shopping Recife
27673,0,20/01/2026,Shopping Recife
27715,2,20/01/2026,Shopping Recife
27716,0,20/01/2026,Shopping Recife
313,0,20/01/2026,Shopping Recife Riomar
322,0,20/01/2026,Shopping Recife Riomar
338,5,20/01/2026,Shopping Recife Riomar
341,4,20/01/2026,Shopping Recife Riomar
398,0,20/01/2026,Shopping Recife Riomar
610,0,20/01/2026,Shopping Recife Riomar
674,0,20/01/2026,Shopping Recife Riomar
727,7,20/01/2026,Shopping Recife Riomar
887,3,20/01/2026,Shopping Recife Riomar
888,1,20/01/2026,Shopping Recife Riomar
889,2,20/01/2026,Shopping Recife Riomar
890,0,20/01/2026,Shopping Recife Riomar
1049,2,20/01/2026,Shopping Recife Riomar
1100,0,20/01/2026,Shopping Recife Riomar
1109,5,20/01/2026,Shopping Recife Riomar
1119,1,20/01/2026,Shopping Recife Riomar
1276,2,20/01/2026,Shopping Recife Riomar
1277,7,20/01/2026,Shopping Recife Riomar
1362,3,20/01/2026,Shopping Recife Riomar
1363,3,20/01/2026,Shopping Recife Riomar
1367,2,20/01/2026,Shopping Recife Riomar
1368,1,20/01/2026,Shopping Recife Riomar
1405,4,20/01/2026,Shopping Recife Riomar
1438,2,20/01/2026,Shopping Recife Riomar
1499,1,20/01/2026,Shopping Recife Riomar
1526,0,20/01/2026,Shopping Recife Riomar
1712,4,20/01/2026,Shopping Recife Riomar
1941,1,20/01/2026,Shopping Recife Riomar
2197,5,20/01/2026,Shopping Recife Riomar
2200,5,20/01/2026,Shopping Recife Riomar
2202,5,20/01/2026,Shopping Recife Riomar
2207,4,20/01/2026,Shopping Recife Riomar
2208,5,20/01/2026,Shopping Recife Riomar
2217,9,20/01/2026,Shopping Recife Riomar
2398,4,20/01/2026,Shopping Recife Riomar
2403,1,20/01/2026,Shopping Recife Riomar
2617,5,20/01/2026,Shopping Recife Riomar
2646,2,20/01/2026,Shopping Recife Riomar
2693,2,20/01/2026,Shopping Recife Riomar
2697,7,20/01/2026,Shopping Recife Riomar
2721,5,20/01/2026,Shopping Recife Riomar
2723,0,20/01/2026,Shopping Recife Riomar
2725,1,20/01/2026,Shopping Recife Riomar
2811,2,20/01/2026,Shopping Recife Riomar
2842,2,20/01/2026,Shopping Recife Riomar
2844,3,20/01/2026,Shopping Recife Riomar
2845,4,20/01/2026,Shopping Recife Riomar
2867,1,20/01/2026,Shopping Recife Riomar
2881,0,20/01/2026,Shopping Recife Riomar
2930,0,20/01/2026,Shopping Recife Riomar
3056,0,20/01/2026,Shopping Recife Riomar
3065,2,20/01/2026,Shopping Recife Riomar
3099,4,20/01/2026,Shopping Recife Riomar
3147,1,20/01/2026,Shopping Recife Riomar
3190,5,20/01/2026,Shopping Recife Riomar
3406,3,20/01/2026,Shopping Recife Riomar
3462,0,20/01/2026,Shopping Recife Riomar
3532,1,20/01/2026,Shopping Recife Riomar
3533,0,20/01/2026,Shopping Recife Riomar
3554,2,20/01/2026,Shopping Recife Riomar
3555,3,20/01/2026,Shopping Recife Riomar
3556,4,20/01/2026,Shopping Recife Riomar
3573,2,20/01/2026,Shopping Recife Riomar
3746,8,20/01/2026,Shopping Recife Riomar
3747,2,20/01/2026,Shopping Recife Riomar
3751,3,20/01/2026,Shopping Recife Riomar
3800,4,20/01/2026,Shopping Recife Riomar
3823,2,20/01/2026,Shopping Recife Riomar
3825,7,20/01/2026,Shopping Recife Riomar
3871,5,20/01/2026,Shopping Recife Riomar
3882,4,20/01/2026,Shopping Recife Riomar
3901,0,20/01/2026,Shopping Recife Riomar
3904,3,20/01/2026,Shopping Recife Riomar
3905,5,20/01/2026,Shopping Recife Riomar
3906,3,20/01/2026,Shopping Recife Riomar
3969,11,20/01/2026,Shopping Recife Riomar
4028,2,20/01/2026,Shopping Recife Riomar
4030,0,20/01/2026,Shopping Recife Riomar
4031,5,20/01/2026,Shopping Recife Riomar
4032,3,20/01/2026,Shopping Recife Riomar
4033,6,20/01/2026,Shopping Recife Riomar
4034,5,20/01/2026,Shopping Recife Riomar
4035,7,20/01/2026,Shopping Recife Riomar
4054,3,20/01/2026,Shopping Recife Riomar
4111,1,20/01/2026,Shopping Recife Riomar
4112,1,20/01/2026,Shopping Recife Riomar
4113,1,20/01/2026,Shopping Recife Riomar
4114,1,20/01/2026,Shopping Recife Riomar
4140,3,20/01/2026,Shopping Recife Riomar
4141,3,20/01/2026,Shopping Recife Riomar
4147,2,20/01/2026,Shopping Recife Riomar
4148,2,20/01/2026,Shopping Recife Riomar
4149,3,20/01/2026,Shopping Recife Riomar
4160,4,20/01/2026,Shopping Recife Riomar
4310,1,20/01/2026,Shopping Recife Riomar
4312,2,20/01/2026,Shopping Recife Riomar
4325,0,20/01/2026,Shopping Recife Riomar
4347,1,20/01/2026,Shopping Recife Riomar
4348,7,20/01/2026,Shopping Recife Riomar
4349,9,20/01/2026,Shopping Recife Riomar
4350,0,20/01/2026,Shopping Recife Riomar
4351,3,20/01/2026,Shopping Recife Riomar
4352,7,20/01/2026,Shopping Recife Riomar
4353,5,20/01/2026,Shopping Recife Riomar
4354,0,20/01/2026,Shopping Recife Riomar
4355,4,20/01/2026,Shopping Recife Riomar
4356,2,20/01/2026,Shopping Recife Riomar
4357,0,20/01/2026,Shopping Recife Riomar
4358,3,20/01/2026,Shopping Recife Riomar
4359,7,20/01/2026,Shopping Recife Riomar
4362,4,20/01/2026,Shopping Recife Riomar
4363,5,20/01/2026,Shopping Recife Riomar
4364,5,20/01/2026,Shopping Recife Riomar
4365,11,20/01/2026,Shopping Recife Riomar
4366,7,20/01/2026,Shopping Recife Riomar
4367,4,20/01/2026,Shopping Recife Riomar
4368,2,20/01/2026,Shopping Recife Riomar
4372,1,20/01/2026,Shopping Recife Riomar
4380,3,20/01/2026,Shopping Recife Riomar
4382,5,20/01/2026,Shopping Recife Riomar
4395,5,20/01/2026,Shopping Recife Riomar
4434,3,20/01/2026,Shopping Recife Riomar
4456,4,20/01/2026,Shopping Recife Riomar
4457,2,20/01/2026,Shopping Recife Riomar
4459,0,20/01/2026,Shopping Recife Riomar
4460,0,20/01/2026,Shopping Recife Riomar
4497,5,20/01/2026,Shopping Recife Riomar
4499,2,20/01/2026,Shopping Recife Riomar
4550,5,20/01/2026,Shopping Recife Riomar
4600,0,20/01/2026,Shopping Recife Riomar
4658,5,20/01/2026,Shopping Recife Riomar
4660,0,20/01/2026,Shopping Recife Riomar
4687,0,20/01/2026,Shopping Recife Riomar
4688,0,20/01/2026,Shopping Recife Riomar
4700,5,20/01/2026,Shopping Recife Riomar
4725,3,20/01/2026,Shopping Recife Riomar
4726,2,20/01/2026,Shopping Recife Riomar
4727,3,20/01/2026,Shopping Recife Riomar
4728,2,20/01/2026,Shopping Recife Riomar
4750,0,20/01/2026,Shopping Recife Riomar
4882,6,20/01/2026,Shopping Recife Riomar
4980,3,20/01/2026,Shopping Recife Riomar
4981,4,20/01/2026,Shopping Recife Riomar
5049,2,20/01/2026,Shopping Recife Riomar
5702,4,20/01/2026,Shopping Recife Riomar
5703,2,20/01/2026,Shopping Recife Riomar
5704,1,20/01/2026,Shopping Recife Riomar
5705,2,20/01/2026,Shopping Recife Riomar
6332,3,20/01/2026,Shopping Recife Riomar
8144,4,20/01/2026,Shopping Recife Riomar
8145,3,20/01/2026,Shopping Recife Riomar
8146,3,20/01/2026,Shopping Recife Riomar
8152,2,20/01/2026,Shopping Recife Riomar
8153,2,20/01/2026,Shopping Recife Riomar
8154,2,20/01/2026,Shopping Recife Riomar
8155,0,20/01/2026,Shopping Recife Riomar
8156,2,20/01/2026,Shopping Recife Riomar
8157,2,20/01/2026,Shopping Recife Riomar
8158,4,20/01/2026,Shopping Recife Riomar
8159,0,20/01/2026,Shopping Recife Riomar
8520,2,20/01/2026,Shopping Recife Riomar
8521,2,20/01/2026,Shopping Recife Riomar
20715,9,20/01/2026,Shopping Recife Riomar
20716,11,20/01/2026,Shopping Recife Riomar
20717,2,20/01/2026,Shopping Recife Riomar
20718,3,20/01/2026,Shopping Recife Riomar
20719,4,20/01/2026,Shopping Recife Riomar
20720,4,20/01/2026,Shopping Recife Riomar
20721,4,20/01/2026,Shopping Recife Riomar
20722,6,20/01/2026,Shopping Recife Riomar
20723,3,20/01/2026,Shopping Recife Riomar
20737,2,20/01/2026,Shopping Recife Riomar
20755,3,20/01/2026,Shopping Recife Riomar
20790,0,20/01/2026,Shopping Recife Riomar
20791,0,20/01/2026,Shopping Recife Riomar
20792,0,20/01/2026,Shopping Recife Riomar
20793,0,20/01/2026,Shopping Recife Riomar
20833,9,20/01/2026,Shopping Recife Riomar
20834,5,20/01/2026,Shopping Recife Riomar
20875,1,20/01/2026,Shopping Recife Riomar
20877,6,20/01/2026,Shopping Recife Riomar
20990,5,20/01/2026,Shopping Recife Riomar
21069,3,20/01/2026,Shopping Recife Riomar
21080,4,20/01/2026,Shopping Recife Riomar
21113,4,20/01/2026,Shopping Recife Riomar
21143,2,20/01/2026,Shopping Recife Riomar
21144,1,20/01/2026,Shopping Recife Riomar
21145,2,20/01/2026,Shopping Recife Riomar
21146,0,20/01/2026,Shopping Recife Riomar
21147,0,20/01/2026,Shopping Recife Riomar
21148,0,20/01/2026,Shopping Recife Riomar
21149,4,20/01/2026,Shopping Recife Riomar
21190,5,20/01/2026,Shopping Recife Riomar
21191,3,20/01/2026,Shopping Recife Riomar
21227,6,20/01/2026,Shopping Recife Riomar
21255,0,20/01/2026,Shopping Recife Riomar
21267,3,20/01/2026,Shopping Recife Riomar
21279,3,20/01/2026,Shopping Recife Riomar
21286,1,20/01/2026,Shopping Recife Riomar
21288,1,20/01/2026,Shopping Recife Riomar
21289,7,20/01/2026,Shopping Recife Riomar
21290,5,20/01/2026,Shopping Recife Riomar
21291,0,20/01/2026,Shopping Recife Riomar
21295,3,20/01/2026,Shopping Recife Riomar
21296,1,20/01/2026,Shopping Recife Riomar
21299,5,20/01/2026,Shopping Recife Riomar
21300,4,20/01/2026,Shopping Recife Riomar
21309,2,20/01/2026,Shopping Recife Riomar
21311,2,20/01/2026,Shopping Recife Riomar
21312,2,20/01/2026,Shopping Recife Riomar
21313,2,20/01/2026,Shopping Recife Riomar
21314,2,20/01/2026,Shopping Recife Riomar
21315,2,20/01/2026,Shopping Recife Riomar
21316,3,20/01/2026,Shopping Recife Riomar
21317,5,20/01/2026,Shopping Recife Riomar
21383,1,20/01/2026,Shopping Recife Riomar
21414,1,20/01/2026,Shopping Recife Riomar
21458,2,20/01/2026,Shopping Recife Riomar
21462,2,20/01/2026,Shopping Recife Riomar
21463,1,20/01/2026,Shopping Recife Riomar
21464,2,20/01/2026,Shopping Recife Riomar
21466,1,20/01/2026,Shopping Recife Riomar
21467,5,20/01/2026,Shopping Recife Riomar
21492,2,20/01/2026,Shopping Recife Riomar
21510,2,20/01/2026,Shopping Recife Riomar
21511,2,20/01/2026,Shopping Recife Riomar
21512,4,20/01/2026,Shopping Recife Riomar
21513,1,20/01/2026,Shopping Recife Riomar
21514,3,20/01/2026,Shopping Recife Riomar
21547,0,20/01/2026,Shopping Recife Riomar
21557,2,20/01/2026,Shopping Recife Riomar
21574,4,20/01/2026,Shopping Recife Riomar
21575,0,20/01/2026,Shopping Recife Riomar
21576,0,20/01/2026,Shopping Recife Riomar
21581,0,20/01/2026,Shopping Recife Riomar
21582,0,20/01/2026,Shopping Recife Riomar
21583,2,20/01/2026,Shopping Recife Riomar
21601,2,20/01/2026,Shopping Recife Riomar
21613,2,20/01/2026,Shopping Recife Riomar
21614,1,20/01/2026,Shopping Recife Riomar
21682,2,20/01/2026,Shopping Recife Riomar
21691,3,20/01/2026,Shopping Recife Riomar
21694,0,20/01/2026,Shopping Recife Riomar
21696,2,20/01/2026,Shopping Recife Riomar
21697,0,20/01/2026,Shopping Recife Riomar
21698,2,20/01/2026,Shopping Recife Riomar
21703,3,20/01/2026,Shopping Recife Riomar
21704,4,20/01/2026,Shopping Recife Riomar
21710,2,20/01/2026,Shopping Recife Riomar
21717,2,20/01/2026,Shopping Recife Riomar
21718,2,20/01/2026,Shopping Recife Riomar
21719,2,20/01/2026,Shopping Recife Riomar
21875,1,20/01/2026,Shopping Recife Riomar
21876,0,20/01/2026,Shopping Recife Riomar
21905,3,20/01/2026,Shopping Recife Riomar
21909,2,20/01/2026,Shopping Recife Riomar
21910,5,20/01/2026,Shopping Recife Riomar
21911,3,20/01/2026,Shopping Recife Riomar
21912,4,20/01/2026,Shopping Recife Riomar
21913,4,20/01/2026,Shopping Recife Riomar
21914,3,20/01/2026,Shopping Recife Riomar
21915,6,20/01/2026,Shopping Recife Riomar
21917,5,20/01/2026,Shopping Recife Riomar
21918,0,20/01/2026,Shopping Recife Riomar
21919,0,20/01/2026,Shopping Recife Riomar
21920,3,20/01/2026,Shopping Recife Riomar
21921,4,20/01/2026,Shopping Recife Riomar
21923,7,20/01/2026,Shopping Recife Riomar
21924,0,20/01/2026,Shopping Recife Riomar
21925,0,20/01/2026,Shopping Recife Riomar
21926,1,20/01/2026,Shopping Recife Riomar
21927,2,20/01/2026,Shopping Recife Riomar
22000,2,20/01/2026,Shopping Recife Riomar
22001,2,20/01/2026,Shopping Recife Riomar
22002,1,20/01/2026,Shopping Recife Riomar
22101,0,20/01/2026,Shopping Recife Riomar
22102,3,20/01/2026,Shopping Recife Riomar
22103,3,20/01/2026,Shopping Recife Riomar
22114,0,20/01/2026,Shopping Recife Riomar
22191,4,20/01/2026,Shopping Recife Riomar
22278,0,20/01/2026,Shopping Recife Riomar
22306,1,20/01/2026,Shopping Recife Riomar
22307,1,20/01/2026,Shopping Recife Riomar
22308,0,20/01/2026,Shopping Recife Riomar
22403,2,20/01/2026,Shopping Recife Riomar
22417,3,20/01/2026,Shopping Recife Riomar
22476,0,20/01/2026,Shopping Recife Riomar
22477,0,20/01/2026,Shopping Recife Riomar
22482,0,20/01/2026,Shopping Recife Riomar
22487,3,20/01/2026,Shopping Recife Riomar
22492,4,20/01/2026,Shopping Recife Riomar
22504,0,20/01/2026,Shopping Recife Riomar
22515,5,20/01/2026,Shopping Recife Riomar
22547,2,20/01/2026,Shopping Recife Riomar
22578,3,20/01/2026,Shopping Recife Riomar
22589,0,20/01/2026,Shopping Recife Riomar
22590,0,20/01/2026,Shopping Recife Riomar
22595,0,20/01/2026,Shopping Recife Riomar
22597,4,20/01/2026,Shopping Recife Riomar
22598,1,20/01/2026,Shopping Recife Riomar
22642,2,20/01/2026,Shopping Recife Riomar
22666,0,20/01/2026,Shopping Recife Riomar
22667,0,20/01/2026,Shopping Recife Riomar
22668,2,20/01/2026,Shopping Recife Riomar
22756,3,20/01/2026,Shopping Recife Riomar
22850,2,20/01/2026,Shopping Recife Riomar
22854,1,20/01/2026,Shopping Recife Riomar
22859,2,20/01/2026,Shopping Recife Riomar
22870,2,20/01/2026,Shopping Recife Riomar
22883,0,20/01/2026,Shopping Recife Riomar
22922,1,20/01/2026,Shopping Recife Riomar
22923,1,20/01/2026,Shopping Recife Riomar
22980,0,20/01/2026,Shopping Recife Riomar
22985,1,20/01/2026,Shopping Recife Riomar
22987,2,20/01/2026,Shopping Recife Riomar
22988,1,20/01/2026,Shopping Recife Riomar
22990,0,20/01/2026,Shopping Recife Riomar
23003,2,20/01/2026,Shopping Recife Riomar
23004,2,20/01/2026,Shopping Recife Riomar
23005,2,20/01/2026,Shopping Recife Riomar
23006,0,20/01/2026,Shopping Recife Riomar
23007,0,20/01/2026,Shopping Recife Riomar
23008,0,20/01/2026,Shopping Recife Riomar
23010,2,20/01/2026,Shopping Recife Riomar
23011,2,20/01/2026,Shopping Recife Riomar
23012,2,20/01/2026,Shopping Recife Riomar
23013,1,20/01/2026,Shopping Recife Riomar
23014,2,20/01/2026,Shopping Recife Riomar
23015,2,20/01/2026,Shopping Recife Riomar
23016,2,20/01/2026,Shopping Recife Riomar
23017,2,20/01/2026,Shopping Recife Riomar
23018,2,20/01/2026,Shopping Recife Riomar
23019,3,20/01/2026,Shopping Recife Riomar
23020,3,20/01/2026,Shopping Recife Riomar
23023,0,20/01/2026,Shopping Recife Riomar
23024,2,20/01/2026,Shopping Recife Riomar
23061,0,20/01/2026,Shopping Recife Riomar
23062,0,20/01/2026,Shopping Recife Riomar
23063,0,20/01/2026,Shopping Recife Riomar
23064,0,20/01/2026,Shopping Recife Riomar
23065,0,20/01/2026,Shopping Recife Riomar
23066,0,20/01/2026,Shopping Recife Riomar
23067,0,20/01/2026,Shopping Recife Riomar
23082,0,20/01/2026,Shopping Recife Riomar
23083,3,20/01/2026,Shopping Recife Riomar
23158,0,20/01/2026,Shopping Recife Riomar
23186,2,20/01/2026,Shopping Recife Riomar
23189,3,20/01/2026,Shopping Recife Riomar
23217,2,20/01/2026,Shopping Recife Riomar
23218,2,20/01/2026,Shopping Recife Riomar
23224,1,20/01/2026,Shopping Recife Riomar
23234,0,20/01/2026,Shopping Recife Riomar
23264,0,20/01/2026,Shopping Recife Riomar
23265,0,20/01/2026,Shopping Recife Riomar
23266,2,20/01/2026,Shopping Recife Riomar
23267,3,20/01/2026,Shopping Recife Riomar
23268,1,20/01/2026,Shopping Recife Riomar
23269,3,20/01/2026,Shopping Recife Riomar
23270,2,20/01/2026,Shopping Recife Riomar
23271,1,20/01/2026,Shopping Recife Riomar
23273,3,20/01/2026,Shopping Recife Riomar
23277,0,20/01/2026,Shopping Recife Riomar
23284,2,20/01/2026,Shopping Recife Riomar
23285,2,20/01/2026,Shopping Recife Riomar
23286,2,20/01/2026,Shopping Recife Riomar
23321,2,20/01/2026,Shopping Recife Riomar
23323,1,20/01/2026,Shopping Recife Riomar
23325,0,20/01/2026,Shopping Recife Riomar
23341,0,20/01/2026,Shopping Recife Riomar
23342,0,20/01/2026,Shopping Recife Riomar
23364,0,20/01/2026,Shopping Recife Riomar
23376,0,20/01/2026,Shopping Recife Riomar
23397,0,20/01/2026,Shopping Recife Riomar
23443,0,20/01/2026,Shopping Recife Riomar
23461,2,20/01/2026,Shopping Recife Riomar
23472,1,20/01/2026,Shopping Recife Riomar
23473,1,20/01/2026,Shopping Recife Riomar
23476,0,20/01/2026,Shopping Recife Riomar
23590,3,20/01/2026,Shopping Recife Riomar
23703,1,20/01/2026,Shopping Recife Riomar
23714,0,20/01/2026,Shopping Recife Riomar
23715,0,20/01/2026,Shopping Recife Riomar
23716,0,20/01/2026,Shopping Recife Riomar
23717,0,20/01/2026,Shopping Recife Riomar
23718,0,20/01/2026,Shopping Recife Riomar
23719,0,20/01/2026,Shopping Recife Riomar
23720,1,20/01/2026,Shopping Recife Riomar
23725,1,20/01/2026,Shopping Recife Riomar
23726,1,20/01/2026,Shopping Recife Riomar
23727,0,20/01/2026,Shopping Recife Riomar
23728,1,20/01/2026,Shopping Recife Riomar
23730,0,20/01/2026,Shopping Recife Riomar
23731,0,20/01/2026,Shopping Recife Riomar
23737,1,20/01/2026,Shopping Recife Riomar
23738,1,20/01/2026,Shopping Recife Riomar
23739,2,20/01/2026,Shopping Recife Riomar
23740,1,20/01/2026,Shopping Recife Riomar
23741,1,20/01/2026,Shopping Recife Riomar
23742,1,20/01/2026,Shopping Recife Riomar
23744,0,20/01/2026,Shopping Recife Riomar
23745,0,20/01/2026,Shopping Recife Riomar
23746,0,20/01/2026,Shopping Recife Riomar
23747,0,20/01/2026,Shopping Recife Riomar
23748,0,20/01/2026,Shopping Recife Riomar
23755,1,20/01/2026,Shopping Recife Riomar
23807,0,20/01/2026,Shopping Recife Riomar
23810,2,20/01/2026,Shopping Recife Riomar
23814,0,20/01/2026,Shopping Recife Riomar
23817,1,20/01/2026,Shopping Recife Riomar
23818,1,20/01/2026,Shopping Recife Riomar
23819,0,20/01/2026,Shopping Recife Riomar
23820,0,20/01/2026,Shopping Recife Riomar
23821,1,20/01/2026,Shopping Recife Riomar
23822,0,20/01/2026,Shopping Recife Riomar
23827,0,20/01/2026,Shopping Recife Riomar
23828,0,20/01/2026,Shopping Recife Riomar
23829,0,20/01/2026,Shopping Recife Riomar
23830,0,20/01/2026,Shopping Recife Riomar
23887,0,20/01/2026,Shopping Recife Riomar
23893,2,20/01/2026,Shopping Recife Riomar
23894,2,20/01/2026,Shopping Recife Riomar
23895,2,20/01/2026,Shopping Recife Riomar
23896,2,20/01/2026,Shopping Recife Riomar
23897,3,20/01/2026,Shopping Recife Riomar
23898,1,20/01/2026,Shopping Recife Riomar
23899,1,20/01/2026,Shopping Recife Riomar
23900,1,20/01/2026,Shopping Recife Riomar
23901,2,20/01/2026,Shopping Recife Riomar
23902,0,20/01/2026,Shopping Recife Riomar
23903,3,20/01/2026,Shopping Recife Riomar
23904,3,20/01/2026,Shopping Recife Riomar
23905,1,20/01/2026,Shopping Recife Riomar
23906,3,20/01/2026,Shopping Recife Riomar
23907,2,20/01/2026,Shopping Recife Riomar
23908,3,20/01/2026,Shopping Recife Riomar
23909,0,20/01/2026,Shopping Recife Riomar
23910,3,20/01/2026,Shopping Recife Riomar
23911,0,20/01/2026,Shopping Recife Riomar
23912,3,20/01/2026,Shopping Recife Riomar
23913,0,20/01/2026,Shopping Recife Riomar
23914,0,20/01/2026,Shopping Recife Riomar
23915,3,20/01/2026,Shopping Recife Riomar
23916,0,20/01/2026,Shopping Recife Riomar
23917,1,20/01/2026,Shopping Recife Riomar
23918,3,20/01/2026,Shopping Recife Riomar
23919,1,20/01/2026,Shopping Recife Riomar
23920,0,20/01/2026,Shopping Recife Riomar
23921,1,20/01/2026,Shopping Recife Riomar
23922,0,20/01/2026,Shopping Recife Riomar
23923,1,20/01/2026,Shopping Recife Riomar
23924,2,20/01/2026,Shopping Recife Riomar
23925,0,20/01/2026,Shopping Recife Riomar
23926,0,20/01/2026,Shopping Recife Riomar
23927,2,20/01/2026,Shopping Recife Riomar
23928,1,20/01/2026,Shopping Recife Riomar
23929,2,20/01/2026,Shopping Recife Riomar
23930,2,20/01/2026,Shopping Recife Riomar
23931,2,20/01/2026,Shopping Recife Riomar
23932,2,20/01/2026,Shopping Recife Riomar
23934,5,20/01/2026,Shopping Recife Riomar
23935,0,20/01/2026,Shopping Recife Riomar
23936,2,20/01/2026,Shopping Recife Riomar
23937,0,20/01/2026,Shopping Recife Riomar
23938,1,20/01/2026,Shopping Recife Riomar
23939,0,20/01/2026,Shopping Recife Riomar
23940,2,20/01/2026,Shopping Recife Riomar
23941,0,20/01/2026,Shopping Recife Riomar
23942,0,20/01/2026,Shopping Recife Riomar
23943,1,20/01/2026,Shopping Recife Riomar
23944,0,20/01/2026,Shopping Recife Riomar
23945,2,20/01/2026,Shopping Recife Riomar
23946,0,20/01/2026,Shopping Recife Riomar
23947,0,20/01/2026,Shopping Recife Riomar
23948,0,20/01/2026,Shopping Recife Riomar
23949,0,20/01/2026,Shopping Recife Riomar
23950,0,20/01/2026,Shopping Recife Riomar
23951,0,20/01/2026,Shopping Recife Riomar
23952,2,20/01/2026,Shopping Recife Riomar
23953,1,20/01/2026,Shopping Recife Riomar
23954,3,20/01/2026,Shopping Recife Riomar
23955,0,20/01/2026,Shopping Recife Riomar
23956,0,20/01/2026,Shopping Recife Riomar
23958,1,20/01/2026,Shopping Recife Riomar
23960,0,20/01/2026,Shopping Recife Riomar
23961,0,20/01/2026,Shopping Recife Riomar
23962,0,20/01/2026,Shopping Recife Riomar
23963,2,20/01/2026,Shopping Recife Riomar
23964,0,20/01/2026,Shopping Recife Riomar
23965,2,20/01/2026,Shopping Recife Riomar
23966,1,20/01/2026,Shopping Recife Riomar
23967,2,20/01/2026,Shopping Recife Riomar
23968,2,20/01/2026,Shopping Recife Riomar
23969,0,20/01/2026,Shopping Recife Riomar
23970,1,20/01/2026,Shopping Recife Riomar
23971,0,20/01/2026,Shopping Recife Riomar
23972,2,20/01/2026,Shopping Recife Riomar
23973,1,20/01/2026,Shopping Recife Riomar
23974,2,20/01/2026,Shopping Recife Riomar
23975,5,20/01/2026,Shopping Recife Riomar
23976,1,20/01/2026,Shopping Recife Riomar
23977,1,20/01/2026,Shopping Recife Riomar
23978,0,20/01/2026,Shopping Recife Riomar
23979,1,20/01/2026,Shopping Recife Riomar
23980,2,20/01/2026,Shopping Recife Riomar
23981,1,20/01/2026,Shopping Recife Riomar
23982,2,20/01/2026,Shopping Recife Riomar
23983,2,20/01/2026,Shopping Recife Riomar
23984,3,20/01/2026,Shopping Recife Riomar
23985,1,20/01/2026,Shopping Recife Riomar
23986,0,20/01/2026,Shopping Recife Riomar
23987,0,20/01/2026,Shopping Recife Riomar
23988,4,20/01/2026,Shopping Recife Riomar
23989,3,20/01/2026,Shopping Recife Riomar
23990,2,20/01/2026,Shopping Recife Riomar
23991,4,20/01/2026,Shopping Recife Riomar
23992,2,20/01/2026,Shopping Recife Riomar
23993,0,20/01/2026,Shopping Recife Riomar
23994,2,20/01/2026,Shopping Recife Riomar
23995,1,20/01/2026,Shopping Recife Riomar
23996,3,20/01/2026,Shopping Recife Riomar
23997,0,20/01/2026,Shopping Recife Riomar
23998,2,20/01/2026,Shopping Recife Riomar
24000,3,20/01/2026,Shopping Recife Riomar
24001,3,20/01/2026,Shopping Recife Riomar
24002,0,20/01/2026,Shopping Recife Riomar
24003,1,20/01/2026,Shopping Recife Riomar
24004,0,20/01/2026,Shopping Recife Riomar
24005,0,20/01/2026,Shopping Recife Riomar
24006,1,20/01/2026,Shopping Recife Riomar
24007,1,20/01/2026,Shopping Recife Riomar
24008,1,20/01/2026,Shopping Recife Riomar
24009,0,20/01/2026,Shopping Recife Riomar
24010,0,20/01/2026,Shopping Recife Riomar
24011,2,20/01/2026,Shopping Recife Riomar
24012,1,20/01/2026,Shopping Recife Riomar
24013,0,20/01/2026,Shopping Recife Riomar
24014,0,20/01/2026,Shopping Recife Riomar
24015,1,20/01/2026,Shopping Recife Riomar
24016,0,20/01/2026,Shopping Recife Riomar
24017,1,20/01/2026,Shopping Recife Riomar
24018,1,20/01/2026,Shopping Recife Riomar
24019,2,20/01/2026,Shopping Recife Riomar
24021,1,20/01/2026,Shopping Recife Riomar
24022,1,20/01/2026,Shopping Recife Riomar
24023,1,20/01/2026,Shopping Recife Riomar
24024,1,20/01/2026,Shopping Recife Riomar
24025,0,20/01/2026,Shopping Recife Riomar
24026,1,20/01/2026,Shopping Recife Riomar
24027,2,20/01/2026,Shopping Recife Riomar
24028,1,20/01/2026,Shopping Recife Riomar
24029,1,20/01/2026,Shopping Recife Riomar
24030,1,20/01/2026,Shopping Recife Riomar
24031,2,20/01/2026,Shopping Recife Riomar
24032,0,20/01/2026,Shopping Recife Riomar
24033,1,20/01/2026,Shopping Recife Riomar
24036,0,20/01/2026,Shopping Recife Riomar
24037,0,20/01/2026,Shopping Recife Riomar
24100,1,20/01/2026,Shopping Recife Riomar
24101,2,20/01/2026,Shopping Recife Riomar
24102,2,20/01/2026,Shopping Recife Riomar
24103,3,20/01/2026,Shopping Recife Riomar
24104,2,20/01/2026,Shopping Recife Riomar
24105,2,20/01/2026,Shopping Recife Riomar
24106,3,20/01/2026,Shopping Recife Riomar
24107,3,20/01/2026,Shopping Recife Riomar
24108,2,20/01/2026,Shopping Recife Riomar
24109,3,20/01/2026,Shopping Recife Riomar
24110,3,20/01/2026,Shopping Recife Riomar
24111,0,20/01/2026,Shopping Recife Riomar
24112,1,20/01/2026,Shopping Recife Riomar
24113,2,20/01/2026,Shopping Recife Riomar
24115,0,20/01/2026,Shopping Recife Riomar
24116,1,20/01/2026,Shopping Recife Riomar
24117,0,20/01/2026,Shopping Recife Riomar
24118,2,20/01/2026,Shopping Recife Riomar
24119,0,20/01/2026,Shopping Recife Riomar
24120,0,20/01/2026,Shopping Recife Riomar
24121,1,20/01/2026,Shopping Recife Riomar
24122,0,20/01/2026,Shopping Recife Riomar
24123,0,20/01/2026,Shopping Recife Riomar
24124,0,20/01/2026,Shopping Recife Riomar
24125,0,20/01/2026,Shopping Recife Riomar
24126,1,20/01/2026,Shopping Recife Riomar
24127,2,20/01/2026,Shopping Recife Riomar
24128,4,20/01/2026,Shopping Recife Riomar
24129,1,20/01/2026,Shopping Recife Riomar
24130,0,20/01/2026,Shopping Recife Riomar
24131,0,20/01/2026,Shopping Recife Riomar
24134,1,20/01/2026,Shopping Recife Riomar
24135,0,20/01/2026,Shopping Recife Riomar
24136,0,20/01/2026,Shopping Recife Riomar
24137,0,20/01/2026,Shopping Recife Riomar
24140,1,20/01/2026,Shopping Recife Riomar
24142,0,20/01/2026,Shopping Recife Riomar
24149,2,20/01/2026,Shopping Recife Riomar
24154,0,20/01/2026,Shopping Recife Riomar
24158,1,20/01/2026,Shopping Recife Riomar
24159,0,20/01/2026,Shopping Recife Riomar
24160,3,20/01/2026,Shopping Recife Riomar
24163,2,20/01/2026,Shopping Recife Riomar
24164,1,20/01/2026,Shopping Recife Riomar
24165,2,20/01/2026,Shopping Recife Riomar
24166,1,20/01/2026,Shopping Recife Riomar
24167,1,20/01/2026,Shopping Recife Riomar
24168,4,20/01/2026,Shopping Recife Riomar
24169,2,20/01/2026,Shopping Recife Riomar
24170,1,20/01/2026,Shopping Recife Riomar
24171,0,20/01/2026,Shopping Recife Riomar
24172,2,20/01/2026,Shopping Recife Riomar
24173,4,20/01/2026,Shopping Recife Riomar
24174,1,20/01/2026,Shopping Recife Riomar
24176,0,20/01/2026,Shopping Recife Riomar
24177,0,20/01/2026,Shopping Recife Riomar
24178,2,20/01/2026,Shopping Recife Riomar
24179,0,20/01/2026,Shopping Recife Riomar
24180,0,20/01/2026,Shopping Recife Riomar
24188,0,20/01/2026,Shopping Recife Riomar
24200,0,20/01/2026,Shopping Recife Riomar
24204,1,20/01/2026,Shopping Recife Riomar
24219,1,20/01/2026,Shopping Recife Riomar
24220,0,20/01/2026,Shopping Recife Riomar
24221,0,20/01/2026,Shopping Recife Riomar
24234,1,20/01/2026,Shopping Recife Riomar
24238,0,20/01/2026,Shopping Recife Riomar
24324,6,20/01/2026,Shopping Recife Riomar
24325,4,20/01/2026,Shopping Recife Riomar
24326,2,20/01/2026,Shopping Recife Riomar
24327,3,20/01/2026,Shopping Recife Riomar
24328,2,20/01/2026,Shopping Recife Riomar
24329,2,20/01/2026,Shopping Recife Riomar
24330,2,20/01/2026,Shopping Recife Riomar
24344,0,20/01/2026,Shopping Recife Riomar
24387,2,20/01/2026,Shopping Recife Riomar
24401,3,20/01/2026,Shopping Recife Riomar
24412,0,20/01/2026,Shopping Recife Riomar
24413,0,20/01/2026,Shopping Recife Riomar
24415,5,20/01/2026,Shopping Recife Riomar
24416,0,20/01/2026,Shopping Recife Riomar
24417,0,20/01/2026,Shopping Recife Riomar
24418,0,20/01/2026,Shopping Recife Riomar
24419,0,20/01/2026,Shopping Recife Riomar
24421,0,20/01/2026,Shopping Recife Riomar
24422,0,20/01/2026,Shopping Recife Riomar
24423,0,20/01/2026,Shopping Recife Riomar
24424,0,20/01/2026,Shopping Recife Riomar
24426,1,20/01/2026,Shopping Recife Riomar
24427,0,20/01/2026,Shopping Recife Riomar
24428,2,20/01/2026,Shopping Recife Riomar
24429,0,20/01/2026,Shopping Recife Riomar
24430,0,20/01/2026,Shopping Recife Riomar
24431,1,20/01/2026,Shopping Recife Riomar
24432,2,20/01/2026,Shopping Recife Riomar
24433,0,20/01/2026,Shopping Recife Riomar
24435,0,20/01/2026,Shopping Recife Riomar
24436,0,20/01/2026,Shopping Recife Riomar
24438,0,20/01/2026,Shopping Recife Riomar
24439,0,20/01/2026,Shopping Recife Riomar
24442,0,20/01/2026,Shopping Recife Riomar
24443,0,20/01/2026,Shopping Recife Riomar
24445,0,20/01/2026,Shopping Recife Riomar
24446,0,20/01/2026,Shopping Recife Riomar
24447,0,20/01/2026,Shopping Recife Riomar
24448,0,20/01/2026,Shopping Recife Riomar
24449,0,20/01/2026,Shopping Recife Riomar
24450,0,20/01/2026,Shopping Recife Riomar
24452,0,20/01/2026,Shopping Recife Riomar
24454,2,20/01/2026,Shopping Recife Riomar
24455,0,20/01/2026,Shopping Recife Riomar
24469,1,20/01/2026,Shopping Recife Riomar
24470,1,20/01/2026,Shopping Recife Riomar
24533,0,20/01/2026,Shopping Recife Riomar
24534,3,20/01/2026,Shopping Recife Riomar
24579,3,20/01/2026,Shopping Recife Riomar
24580,1,20/01/2026,Shopping Recife Riomar
24581,0,20/01/2026,Shopping Recife Riomar
24582,0,20/01/2026,Shopping Recife Riomar
24583,1,20/01/2026,Shopping Recife Riomar
24584,0,20/01/2026,Shopping Recife Riomar
24585,0,20/01/2026,Shopping Recife Riomar
24586,0,20/01/2026,Shopping Recife Riomar
24587,0,20/01/2026,Shopping Recife Riomar
24588,3,20/01/2026,Shopping Recife Riomar
24589,0,20/01/2026,Shopping Recife Riomar
24590,0,20/01/2026,Shopping Recife Riomar
24591,0,20/01/2026,Shopping Recife Riomar
24592,0,20/01/2026,Shopping Recife Riomar
24593,1,20/01/2026,Shopping Recife Riomar
24594,3,20/01/2026,Shopping Recife Riomar
24595,2,20/01/2026,Shopping Recife Riomar
24596,2,20/01/2026,Shopping Recife Riomar
24597,0,20/01/2026,Shopping Recife Riomar
24598,2,20/01/2026,Shopping Recife Riomar
24599,1,20/01/2026,Shopping Recife Riomar
24600,1,20/01/2026,Shopping Recife Riomar
24601,1,20/01/2026,Shopping Recife Riomar
24602,0,20/01/2026,Shopping Recife Riomar
24603,1,20/01/2026,Shopping Recife Riomar
24604,2,20/01/2026,Shopping Recife Riomar
24605,3,20/01/2026,Shopping Recife Riomar
24606,3,20/01/2026,Shopping Recife Riomar
24607,2,20/01/2026,Shopping Recife Riomar
24608,2,20/01/2026,Shopping Recife Riomar
24609,1,20/01/2026,Shopping Recife Riomar
24610,1,20/01/2026,Shopping Recife Riomar
24611,1,20/01/2026,Shopping Recife Riomar
24612,1,20/01/2026,Shopping Recife Riomar
24613,1,20/01/2026,Shopping Recife Riomar
24614,2,20/01/2026,Shopping Recife Riomar
24615,2,20/01/2026,Shopping Recife Riomar
24616,2,20/01/2026,Shopping Recife Riomar
24617,2,20/01/2026,Shopping Recife Riomar
24618,2,20/01/2026,Shopping Recife Riomar
24619,2,20/01/2026,Shopping Recife Riomar
24620,2,20/01/2026,Shopping Recife Riomar
24621,2,20/01/2026,Shopping Recife Riomar
24622,0,20/01/2026,Shopping Recife Riomar
24623,1,20/01/2026,Shopping Recife Riomar
24624,0,20/01/2026,Shopping Recife Riomar
24625,1,20/01/2026,Shopping Recife Riomar
24626,1,20/01/2026,Shopping Recife Riomar
24627,1,20/01/2026,Shopping Recife Riomar
24628,1,20/01/2026,Shopping Recife Riomar
24629,0,20/01/2026,Shopping Recife Riomar
24630,1,20/01/2026,Shopping Recife Riomar
24631,1,20/01/2026,Shopping Recife Riomar
24632,2,20/01/2026,Shopping Recife Riomar
24633,0,20/01/2026,Shopping Recife Riomar
24634,0,20/01/2026,Shopping Recife Riomar
24635,0,20/01/2026,Shopping Recife Riomar
24653,1,20/01/2026,Shopping Recife Riomar
24682,0,20/01/2026,Shopping Recife Riomar
24690,2,20/01/2026,Shopping Recife Riomar
24693,0,20/01/2026,Shopping Recife Riomar
24714,1,20/01/2026,Shopping Recife Riomar
24722,0,20/01/2026,Shopping Recife Riomar
24739,0,20/01/2026,Shopping Recife Riomar
24757,1,20/01/2026,Shopping Recife Riomar
24765,0,20/01/2026,Shopping Recife Riomar
24766,0,20/01/2026,Shopping Recife Riomar
24767,0,20/01/2026,Shopping Recife Riomar
24768,2,20/01/2026,Shopping Recife Riomar
24786,2,20/01/2026,Shopping Recife Riomar
24806,2,20/01/2026,Shopping Recife Riomar
24808,3,20/01/2026,Shopping Recife Riomar
24809,2,20/01/2026,Shopping Recife Riomar
24811,3,20/01/2026,Shopping Recife Riomar
24812,2,20/01/2026,Shopping Recife Riomar
24814,3,20/01/2026,Shopping Recife Riomar
24874,0,20/01/2026,Shopping Recife Riomar
24875,0,20/01/2026,Shopping Recife Riomar
24876,0,20/01/2026,Shopping Recife Riomar
24877,1,20/01/2026,Shopping Recife Riomar
24878,0,20/01/2026,Shopping Recife Riomar
24879,0,20/01/2026,Shopping Recife Riomar
24880,1,20/01/2026,Shopping Recife Riomar
24881,0,20/01/2026,Shopping Recife Riomar
24882,1,20/01/2026,Shopping Recife Riomar
24883,1,20/01/2026,Shopping Recife Riomar
24884,0,20/01/2026,Shopping Recife Riomar
24885,0,20/01/2026,Shopping Recife Riomar
24886,0,20/01/2026,Shopping Recife Riomar
24887,0,20/01/2026,Shopping Recife Riomar
24888,2,20/01/2026,Shopping Recife Riomar
24889,2,20/01/2026,Shopping Recife Riomar
24891,2,20/01/2026,Shopping Recife Riomar
24892,2,20/01/2026,Shopping Recife Riomar
24894,3,20/01/2026,Shopping Recife Riomar
24899,2,20/01/2026,Shopping Recife Riomar
24900,1,20/01/2026,Shopping Recife Riomar
24901,0,20/01/2026,Shopping Recife Riomar
24923,0,20/01/2026,Shopping Recife Riomar
24924,0,20/01/2026,Shopping Recife Riomar
24925,0,20/01/2026,Shopping Recife Riomar
24927,0,20/01/2026,Shopping Recife Riomar
24928,0,20/01/2026,Shopping Recife Riomar
24929,0,20/01/2026,Shopping Recife Riomar
24930,0,20/01/2026,Shopping Recife Riomar
24932,0,20/01/2026,Shopping Recife Riomar
24933,0,20/01/2026,Shopping Recife Riomar
24934,0,20/01/2026,Shopping Recife Riomar
24935,0,20/01/2026,Shopping Recife Riomar
24947,0,20/01/2026,Shopping Recife Riomar
24948,0,20/01/2026,Shopping Recife Riomar
24949,0,20/01/2026,Shopping Recife Riomar
24950,0,20/01/2026,Shopping Recife Riomar
24951,0,20/01/2026,Shopping Recife Riomar
24952,0,20/01/2026,Shopping Recife Riomar
24953,0,20/01/2026,Shopping Recife Riomar
24954,0,20/01/2026,Shopping Recife Riomar
24955,0,20/01/2026,Shopping Recife Riomar
24956,0,20/01/2026,Shopping Recife Riomar
24957,0,20/01/2026,Shopping Recife Riomar
24958,0,20/01/2026,Shopping Recife Riomar
24959,0,20/01/2026,Shopping Recife Riomar
24960,0,20/01/2026,Shopping Recife Riomar
24961,0,20/01/2026,Shopping Recife Riomar
24962,0,20/01/2026,Shopping Recife Riomar
24964,0,20/01/2026,Shopping Recife Riomar
24965,0,20/01/2026,Shopping Recife Riomar
24966,0,20/01/2026,Shopping Recife Riomar
24967,0,20/01/2026,Shopping Recife Riomar
24968,0,20/01/2026,Shopping Recife Riomar
24969,0,20/01/2026,Shopping Recife Riomar
24970,0,20/01/2026,Shopping Recife Riomar
24971,0,20/01/2026,Shopping Recife Riomar
24972,0,20/01/2026,Shopping Recife Riomar
24973,0,20/01/2026,Shopping Recife Riomar
24974,0,20/01/2026,Shopping Recife Riomar
24975,0,20/01/2026,Shopping Recife Riomar
24976,0,20/01/2026,Shopping Recife Riomar
24977,0,20/01/2026,Shopping Recife Riomar
24978,0,20/01/2026,Shopping Recife Riomar
24979,0,20/01/2026,Shopping Recife Riomar
24980,0,20/01/2026,Shopping Recife Riomar
24981,0,20/01/2026,Shopping Recife Riomar
24982,0,20/01/2026,Shopping Recife Riomar
24983,0,20/01/2026,Shopping Recife Riomar
24984,0,20/01/2026,Shopping Recife Riomar
24985,0,20/01/2026,Shopping Recife Riomar
24987,0,20/01/2026,Shopping Recife Riomar
25007,0,20/01/2026,Shopping Recife Riomar
25008,7,20/01/2026,Shopping Recife Riomar
25011,0,20/01/2026,Shopping Recife Riomar
25012,0,20/01/2026,Shopping Recife Riomar
25013,0,20/01/2026,Shopping Recife Riomar
25015,0,20/01/2026,Shopping Recife Riomar
25018,0,20/01/2026,Shopping Recife Riomar
25104,1,20/01/2026,Shopping Recife Riomar
25160,2,20/01/2026,Shopping Recife Riomar
25176,0,20/01/2026,Shopping Recife Riomar
25178,2,20/01/2026,Shopping Recife Riomar
25227,0,20/01/2026,Shopping Recife Riomar
25228,2,20/01/2026,Shopping Recife Riomar
25229,2,20/01/2026,Shopping Recife Riomar
25232,2,20/01/2026,Shopping Recife Riomar
25238,1,20/01/2026,Shopping Recife Riomar
25247,2,20/01/2026,Shopping Recife Riomar
25248,2,20/01/2026,Shopping Recife Riomar
25259,1,20/01/2026,Shopping Recife Riomar
25260,1,20/01/2026,Shopping Recife Riomar
25261,1,20/01/2026,Shopping Recife Riomar
25262,0,20/01/2026,Shopping Recife Riomar
25263,0,20/01/2026,Shopping Recife Riomar
25264,0,20/01/2026,Shopping Recife Riomar
25265,2,20/01/2026,Shopping Recife Riomar
25266,2,20/01/2026,Shopping Recife Riomar
25267,2,20/01/2026,Shopping Recife Riomar
25273,0,20/01/2026,Shopping Recife Riomar
25288,1,20/01/2026,Shopping Recife Riomar
25289,0,20/01/2026,Shopping Recife Riomar
25330,3,20/01/2026,Shopping Recife Riomar
25331,0,20/01/2026,Shopping Recife Riomar
25368,1,20/01/2026,Shopping Recife Riomar
25370,1,20/01/2026,Shopping Recife Riomar
25371,3,20/01/2026,Shopping Recife Riomar
25373,2,20/01/2026,Shopping Recife Riomar
25378,2,20/01/2026,Shopping Recife Riomar
25414,2,20/01/2026,Shopping Recife Riomar
25415,2,20/01/2026,Shopping Recife Riomar
25416,2,20/01/2026,Shopping Recife Riomar
25418,1,20/01/2026,Shopping Recife Riomar
25419,1,20/01/2026,Shopping Recife Riomar
25420,2,20/01/2026,Shopping Recife Riomar
25423,0,20/01/2026,Shopping Recife Riomar
25424,1,20/01/2026,Shopping Recife Riomar
25425,0,20/01/2026,Shopping Recife Riomar
25426,1,20/01/2026,Shopping Recife Riomar
25427,1,20/01/2026,Shopping Recife Riomar
25428,1,20/01/2026,Shopping Recife Riomar
25429,2,20/01/2026,Shopping Recife Riomar
25430,0,20/01/2026,Shopping Recife Riomar
25431,0,20/01/2026,Shopping Recife Riomar
25432,1,20/01/2026,Shopping Recife Riomar
25433,2,20/01/2026,Shopping Recife Riomar
25434,1,20/01/2026,Shopping Recife Riomar
25435,4,20/01/2026,Shopping Recife Riomar
25437,3,20/01/2026,Shopping Recife Riomar
25438,3,20/01/2026,Shopping Recife Riomar
25440,1,20/01/2026,Shopping Recife Riomar
25441,5,20/01/2026,Shopping Recife Riomar
25442,3,20/01/2026,Shopping Recife Riomar
25443,0,20/01/2026,Shopping Recife Riomar
25444,0,20/01/2026,Shopping Recife Riomar
25445,3,20/01/2026,Shopping Recife Riomar
25447,0,20/01/2026,Shopping Recife Riomar
25448,3,20/01/2026,Shopping Recife Riomar
25449,2,20/01/2026,Shopping Recife Riomar
25450,0,20/01/2026,Shopping Recife Riomar
25451,1,20/01/2026,Shopping Recife Riomar
25487,2,20/01/2026,Shopping Recife Riomar
25488,2,20/01/2026,Shopping Recife Riomar
25489,0,20/01/2026,Shopping Recife Riomar
25490,2,20/01/2026,Shopping Recife Riomar
25491,1,20/01/2026,Shopping Recife Riomar
25492,1,20/01/2026,Shopping Recife Riomar
25493,1,20/01/2026,Shopping Recife Riomar
25494,2,20/01/2026,Shopping Recife Riomar
25495,1,20/01/2026,Shopping Recife Riomar
25499,0,20/01/2026,Shopping Recife Riomar
25633,0,20/01/2026,Shopping Recife Riomar
25634,2,20/01/2026,Shopping Recife Riomar
25671,1,20/01/2026,Shopping Recife Riomar
25718,3,20/01/2026,Shopping Recife Riomar
25719,3,20/01/2026,Shopping Recife Riomar
25720,2,20/01/2026,Shopping Recife Riomar
25721,1,20/01/2026,Shopping Recife Riomar
25722,2,20/01/2026,Shopping Recife Riomar
25723,4,20/01/2026,Shopping Recife Riomar
25724,1,20/01/2026,Shopping Recife Riomar
25725,1,20/01/2026,Shopping Recife Riomar
25726,1,20/01/2026,Shopping Recife Riomar
25727,1,20/01/2026,Shopping Recife Riomar
25728,0,20/01/2026,Shopping Recife Riomar
25729,0,20/01/2026,Shopping Recife Riomar
25730,1,20/01/2026,Shopping Recife Riomar
25731,1,20/01/2026,Shopping Recife Riomar
25732,0,20/01/2026,Shopping Recife Riomar
25733,1,20/01/2026,Shopping Recife Riomar
25734,1,20/01/2026,Shopping Recife Riomar
25735,1,20/01/2026,Shopping Recife Riomar
25736,3,20/01/2026,Shopping Recife Riomar
25737,2,20/01/2026,Shopping Recife Riomar
25738,1,20/01/2026,Shopping Recife Riomar
25739,4,20/01/2026,Shopping Recife Riomar
25740,2,20/01/2026,Shopping Recife Riomar
25741,1,20/01/2026,Shopping Recife Riomar
25742,2,20/01/2026,Shopping Recife Riomar
25743,2,20/01/2026,Shopping Recife Riomar
25744,2,20/01/2026,Shopping Recife Riomar
25745,2,20/01/2026,Shopping Recife Riomar
25746,2,20/01/2026,Shopping Recife Riomar
25747,3,20/01/2026,Shopping Recife Riomar
25748,2,20/01/2026,Shopping Recife Riomar
25749,3,20/01/2026,Shopping Recife Riomar
25750,2,20/01/2026,Shopping Recife Riomar
25751,2,20/01/2026,Shopping Recife Riomar
25752,2,20/01/2026,Shopping Recife Riomar
25753,0,20/01/2026,Shopping Recife Riomar
25755,0,20/01/2026,Shopping Recife Riomar
25756,3,20/01/2026,Shopping Recife Riomar
25757,3,20/01/2026,Shopping Recife Riomar
25788,1,20/01/2026,Shopping Recife Riomar
25796,1,20/01/2026,Shopping Recife Riomar
25797,2,20/01/2026,Shopping Recife Riomar
25800,1,20/01/2026,Shopping Recife Riomar
25808,1,20/01/2026,Shopping Recife Riomar
25810,1,20/01/2026,Shopping Recife Riomar
25811,1,20/01/2026,Shopping Recife Riomar
25812,0,20/01/2026,Shopping Recife Riomar
25813,0,20/01/2026,Shopping Recife Riomar
25814,1,20/01/2026,Shopping Recife Riomar
25815,3,20/01/2026,Shopping Recife Riomar
25816,0,20/01/2026,Shopping Recife Riomar
25817,0,20/01/2026,Shopping Recife Riomar
25818,1,20/01/2026,Shopping Recife Riomar
25819,3,20/01/2026,Shopping Recife Riomar
25831,0,20/01/2026,Shopping Recife Riomar
25838,0,20/01/2026,Shopping Recife Riomar
25840,0,20/01/2026,Shopping Recife Riomar
25842,1,20/01/2026,Shopping Recife Riomar
25846,0,20/01/2026,Shopping Recife Riomar
25849,0,20/01/2026,Shopping Recife Riomar
25854,0,20/01/2026,Shopping Recife Riomar
25855,0,20/01/2026,Shopping Recife Riomar
25856,0,20/01/2026,Shopping Recife Riomar
25857,0,20/01/2026,Shopping Recife Riomar
25858,0,20/01/2026,Shopping Recife Riomar
25859,0,20/01/2026,Shopping Recife Riomar
25860,1,20/01/2026,Shopping Recife Riomar
25862,1,20/01/2026,Shopping Recife Riomar
25868,0,20/01/2026,Shopping Recife Riomar
25869,0,20/01/2026,Shopping Recife Riomar
25880,0,20/01/2026,Shopping Recife Riomar
25881,0,20/01/2026,Shopping Recife Riomar
25883,0,20/01/2026,Shopping Recife Riomar
26056,3,20/01/2026,Shopping Recife Riomar
26057,1,20/01/2026,Shopping Recife Riomar
26067,0,20/01/2026,Shopping Recife Riomar
26092,1,20/01/2026,Shopping Recife Riomar
26093,2,20/01/2026,Shopping Recife Riomar
26094,1,20/01/2026,Shopping Recife Riomar
26101,0,20/01/2026,Shopping Recife Riomar
26131,0,20/01/2026,Shopping Recife Riomar
26132,1,20/01/2026,Shopping Recife Riomar
26139,4,20/01/2026,Shopping Recife Riomar
26140,4,20/01/2026,Shopping Recife Riomar
26177,3,20/01/2026,Shopping Recife Riomar
26178,0,20/01/2026,Shopping Recife Riomar
26179,1,20/01/2026,Shopping Recife Riomar
26180,1,20/01/2026,Shopping Recife Riomar
26181,2,20/01/2026,Shopping Recife Riomar
26182,2,20/01/2026,Shopping Recife Riomar
26183,1,20/01/2026,Shopping Recife Riomar
26184,2,20/01/2026,Shopping Recife Riomar
26185,1,20/01/2026,Shopping Recife Riomar
26190,2,20/01/2026,Shopping Recife Riomar
26202,2,20/01/2026,Shopping Recife Riomar
26203,3,20/01/2026,Shopping Recife Riomar
26204,1,20/01/2026,Shopping Recife Riomar
26205,2,20/01/2026,Shopping Recife Riomar
26206,0,20/01/2026,Shopping Recife Riomar
26207,2,20/01/2026,Shopping Recife Riomar
26208,1,20/01/2026,Shopping Recife Riomar
26209,2,20/01/2026,Shopping Recife Riomar
26210,1,20/01/2026,Shopping Recife Riomar
26211,3,20/01/2026,Shopping Recife Riomar
26212,1,20/01/2026,Shopping Recife Riomar
26213,2,20/01/2026,Shopping Recife Riomar
26214,3,20/01/2026,Shopping Recife Riomar
26215,2,20/01/2026,Shopping Recife Riomar
26216,1,20/01/2026,Shopping Recife Riomar
26217,4,20/01/2026,Shopping Recife Riomar
26218,0,20/01/2026,Shopping Recife Riomar
26219,3,20/01/2026,Shopping Recife Riomar
26220,5,20/01/2026,Shopping Recife Riomar
26221,1,20/01/2026,Shopping Recife Riomar
26243,2,20/01/2026,Shopping Recife Riomar
26244,1,20/01/2026,Shopping Recife Riomar
26245,2,20/01/2026,Shopping Recife Riomar
26258,1,20/01/2026,Shopping Recife Riomar
26260,0,20/01/2026,Shopping Recife Riomar
26268,0,20/01/2026,Shopping Recife Riomar
26269,0,20/01/2026,Shopping Recife Riomar
26270,1,20/01/2026,Shopping Recife Riomar
26275,2,20/01/2026,Shopping Recife Riomar
26278,0,20/01/2026,Shopping Recife Riomar
26294,1,20/01/2026,Shopping Recife Riomar
26322,1,20/01/2026,Shopping Recife Riomar
26326,2,20/01/2026,Shopping Recife Riomar
26365,0,20/01/2026,Shopping Recife Riomar
26366,1,20/01/2026,Shopping Recife Riomar
26367,2,20/01/2026,Shopping Recife Riomar
26368,1,20/01/2026,Shopping Recife Riomar
26369,1,20/01/2026,Shopping Recife Riomar
26370,1,20/01/2026,Shopping Recife Riomar
26371,1,20/01/2026,Shopping Recife Riomar
26372,1,20/01/2026,Shopping Recife Riomar
26373,1,20/01/2026,Shopping Recife Riomar
26374,4,20/01/2026,Shopping Recife Riomar
26375,3,20/01/2026,Shopping Recife Riomar
26376,1,20/01/2026,Shopping Recife Riomar
26377,1,20/01/2026,Shopping Recife Riomar
26378,2,20/01/2026,Shopping Recife Riomar
26379,1,20/01/2026,Shopping Recife Riomar
26380,2,20/01/2026,Shopping Recife Riomar
26381,2,20/01/2026,Shopping Recife Riomar
26382,1,20/01/2026,Shopping Recife Riomar
26383,1,20/01/2026,Shopping Recife Riomar
26384,0,20/01/2026,Shopping Recife Riomar
26385,0,20/01/2026,Shopping Recife Riomar
26386,0,20/01/2026,Shopping Recife Riomar
26387,0,20/01/2026,Shopping Recife Riomar
26388,0,20/01/2026,Shopping Recife Riomar
26389,0,20/01/2026,Shopping Recife Riomar
26399,0,20/01/2026,Shopping Recife Riomar
26400,1,20/01/2026,Shopping Recife Riomar
26401,2,20/01/2026,Shopping Recife Riomar
26402,0,20/01/2026,Shopping Recife Riomar
26403,2,20/01/2026,Shopping Recife Riomar
26404,1,20/01/2026,Shopping Recife Riomar
26405,1,20/01/2026,Shopping Recife Riomar
26406,1,20/01/2026,Shopping Recife Riomar
26407,2,20/01/2026,Shopping Recife Riomar
26408,2,20/01/2026,Shopping Recife Riomar
26409,0,20/01/2026,Shopping Recife Riomar
26410,2,20/01/2026,Shopping Recife Riomar
26411,1,20/01/2026,Shopping Recife Riomar
26412,2,20/01/2026,Shopping Recife Riomar
26413,1,20/01/2026,Shopping Recife Riomar
26414,2,20/01/2026,Shopping Recife Riomar
26415,1,20/01/2026,Shopping Recife Riomar
26450,1,20/01/2026,Shopping Recife Riomar
26583,1,20/01/2026,Shopping Recife Riomar
26589,1,20/01/2026,Shopping Recife Riomar
26590,0,20/01/2026,Shopping Recife Riomar
26598,4,20/01/2026,Shopping Recife Riomar
26599,1,20/01/2026,Shopping Recife Riomar
26600,2,20/01/2026,Shopping Recife Riomar
26601,2,20/01/2026,Shopping Recife Riomar
26692,0,20/01/2026,Shopping Recife Riomar
26721,2,20/01/2026,Shopping Recife Riomar
26722,1,20/01/2026,Shopping Recife Riomar
26723,2,20/01/2026,Shopping Recife Riomar
26745,0,20/01/2026,Shopping Recife Riomar
26746,0,20/01/2026,Shopping Recife Riomar
26747,0,20/01/2026,Shopping Recife Riomar
26748,0,20/01/2026,Shopping Recife Riomar
26749,0,20/01/2026,Shopping Recife Riomar
26750,0,20/01/2026,Shopping Recife Riomar
26751,0,20/01/2026,Shopping Recife Riomar
26752,0,20/01/2026,Shopping Recife Riomar
26753,0,20/01/2026,Shopping Recife Riomar
26754,0,20/01/2026,Shopping Recife Riomar
26755,0,20/01/2026,Shopping Recife Riomar
26756,1,20/01/2026,Shopping Recife Riomar
26757,0,20/01/2026,Shopping Recife Riomar
26758,0,20/01/2026,Shopping Recife Riomar
26759,1,20/01/2026,Shopping Recife Riomar
26760,0,20/01/2026,Shopping Recife Riomar
26761,1,20/01/2026,Shopping Recife Riomar
26762,0,20/01/2026,Shopping Recife Riomar
26764,1,20/01/2026,Shopping Recife Riomar
26766,5,20/01/2026,Shopping Recife Riomar
26767,2,20/01/2026,Shopping Recife Riomar
26768,5,20/01/2026,Shopping Recife Riomar
26769,1,20/01/2026,Shopping Recife Riomar
26815,2,20/01/2026,Shopping Recife Riomar
26829,0,20/01/2026,Shopping Recife Riomar
26842,2,20/01/2026,Shopping Recife Riomar
26843,1,20/01/2026,Shopping Recife Riomar
26844,2,20/01/2026,Shopping Recife Riomar
26845,2,20/01/2026,Shopping Recife Riomar
26923,3,20/01/2026,Shopping Recife Riomar
26931,2,20/01/2026,Shopping Recife Riomar
26932,3,20/01/2026,Shopping Recife Riomar
26934,2,20/01/2026,Shopping Recife Riomar
26935,2,20/01/2026,Shopping Recife Riomar
26936,2,20/01/2026,Shopping Recife Riomar
26938,2,20/01/2026,Shopping Recife Riomar
26940,2,20/01/2026,Shopping Recife Riomar
26942,2,20/01/2026,Shopping Recife Riomar
26944,1,20/01/2026,Shopping Recife Riomar
26945,2,20/01/2026,Shopping Recife Riomar
26946,2,20/01/2026,Shopping Recife Riomar
26947,1,20/01/2026,Shopping Recife Riomar
26948,3,20/01/2026,Shopping Recife Riomar
26949,1,20/01/2026,Shopping Recife Riomar
26950,0,20/01/2026,Shopping Recife Riomar
26951,1,20/01/2026,Shopping Recife Riomar
26952,2,20/01/2026,Shopping Recife Riomar
26953,0,20/01/2026,Shopping Recife Riomar
26954,0,20/01/2026,Shopping Recife Riomar
26955,4,20/01/2026,Shopping Recife Riomar
26957,1,20/01/2026,Shopping Recife Riomar
26958,2,20/01/2026,Shopping Recife Riomar
26959,3,20/01/2026,Shopping Recife Riomar
26960,1,20/01/2026,Shopping Recife Riomar
26975,1,20/01/2026,Shopping Recife Riomar
26978,0,20/01/2026,Shopping Recife Riomar
26979,1,20/01/2026,Shopping Recife Riomar
27003,1,20/01/2026,Shopping Recife Riomar
27013,0,20/01/2026,Shopping Recife Riomar
27017,1,20/01/2026,Shopping Recife Riomar
27027,2,20/01/2026,Shopping Recife Riomar
27028,2,20/01/2026,Shopping Recife Riomar
27029,2,20/01/2026,Shopping Recife Riomar
27030,1,20/01/2026,Shopping Recife Riomar
27031,0,20/01/2026,Shopping Recife Riomar
27032,0,20/01/2026,Shopping Recife Riomar
27055,3,20/01/2026,Shopping Recife Riomar
27056,3,20/01/2026,Shopping Recife Riomar
27057,3,20/01/2026,Shopping Recife Riomar
27058,4,20/01/2026,Shopping Recife Riomar
27059,3,20/01/2026,Shopping Recife Riomar
27060,2,20/01/2026,Shopping Recife Riomar
27061,2,20/01/2026,Shopping Recife Riomar
27062,2,20/01/2026,Shopping Recife Riomar
27063,2,20/01/2026,Shopping Recife Riomar
27064,4,20/01/2026,Shopping Recife Riomar
27065,3,20/01/2026,Shopping Recife Riomar
27066,3,20/01/2026,Shopping Recife Riomar
27067,3,20/01/2026,Shopping Recife Riomar
27068,2,20/01/2026,Shopping Recife Riomar
27069,4,20/01/2026,Shopping Recife Riomar
27070,1,20/01/2026,Shopping Recife Riomar
27071,4,20/01/2026,Shopping Recife Riomar
27072,1,20/01/2026,Shopping Recife Riomar
27090,1,20/01/2026,Shopping Recife Riomar
27097,3,20/01/2026,Shopping Recife Riomar
27098,1,20/01/2026,Shopping Recife Riomar
27108,1,20/01/2026,Shopping Recife Riomar
27109,1,20/01/2026,Shopping Recife Riomar
27110,1,20/01/2026,Shopping Recife Riomar
27111,3,20/01/2026,Shopping Recife Riomar
27112,5,20/01/2026,Shopping Recife Riomar
27113,3,20/01/2026,Shopping Recife Riomar
27114,5,20/01/2026,Shopping Recife Riomar
27115,1,20/01/2026,Shopping Recife Riomar
27116,3,20/01/2026,Shopping Recife Riomar
27125,1,20/01/2026,Shopping Recife Riomar
27130,0,20/01/2026,Shopping Recife Riomar
27131,0,20/01/2026,Shopping Recife Riomar
27132,0,20/01/2026,Shopping Recife Riomar
27133,1,20/01/2026,Shopping Recife Riomar
27184,1,20/01/2026,Shopping Recife Riomar
27188,2,20/01/2026,Shopping Recife Riomar
27189,4,20/01/2026,Shopping Recife Riomar
27190,3,20/01/2026,Shopping Recife Riomar
27191,3,20/01/2026,Shopping Recife Riomar
27192,2,20/01/2026,Shopping Recife Riomar
27193,0,20/01/2026,Shopping Recife Riomar
27211,2,20/01/2026,Shopping Recife Riomar
27219,0,20/01/2026,Shopping Recife Riomar
27227,2,20/01/2026,Shopping Recife Riomar
27229,1,20/01/2026,Shopping Recife Riomar
27230,1,20/01/2026,Shopping Recife Riomar
27231,1,20/01/2026,Shopping Recife Riomar
27233,1,20/01/2026,Shopping Recife Riomar
27234,1,20/01/2026,Shopping Recife Riomar
27235,1,20/01/2026,Shopping Recife Riomar
27238,2,20/01/2026,Shopping Recife Riomar
27251,1,20/01/2026,Shopping Recife Riomar
27252,0,20/01/2026,Shopping Recife Riomar
27253,1,20/01/2026,Shopping Recife Riomar
27254,0,20/01/2026,Shopping Recife Riomar
27256,0,20/01/2026,Shopping Recife Riomar
27257,2,20/01/2026,Shopping Recife Riomar
27258,1,20/01/2026,Shopping Recife Riomar
27259,1,20/01/2026,Shopping Recife Riomar
27260,2,20/01/2026,Shopping Recife Riomar
27261,2,20/01/2026,Shopping Recife Riomar
27262,1,20/01/2026,Shopping Recife Riomar
27263,0,20/01/2026,Shopping Recife Riomar
27264,0,20/01/2026,Shopping Recife Riomar
27265,1,20/01/2026,Shopping Recife Riomar
27273,2,20/01/2026,Shopping Recife Riomar
27274,1,20/01/2026,Shopping Recife Riomar
27275,1,20/01/2026,Shopping Recife Riomar
27276,1,20/01/2026,Shopping Recife Riomar
27277,1,20/01/2026,Shopping Recife Riomar
27278,0,20/01/2026,Shopping Recife Riomar
27279,0,20/01/2026,Shopping Recife Riomar
27280,0,20/01/2026,Shopping Recife Riomar
27281,1,20/01/2026,Shopping Recife Riomar
27282,0,20/01/2026,Shopping Recife Riomar
27283,1,20/01/2026,Shopping Recife Riomar
27284,1,20/01/2026,Shopping Recife Riomar
27285,1,20/01/2026,Shopping Recife Riomar
27286,0,20/01/2026,Shopping Recife Riomar
27287,0,20/01/2026,Shopping Recife Riomar
27449,2,20/01/2026,Shopping Recife Riomar
27482,1,20/01/2026,Shopping Recife Riomar
27483,1,20/01/2026,Shopping Recife Riomar
27491,1,20/01/2026,Shopping Recife Riomar
27495,2,20/01/2026,Shopping Recife Riomar
27496,2,20/01/2026,Shopping Recife Riomar
27497,2,20/01/2026,Shopping Recife Riomar
27498,1,20/01/2026,Shopping Recife Riomar
27509,0,20/01/2026,Shopping Recife Riomar
27510,0,20/01/2026,Shopping Recife Riomar
27511,0,20/01/2026,Shopping Recife Riomar
27532,0,20/01/2026,Shopping Recife Riomar
27533,0,20/01/2026,Shopping Recife Riomar
27534,0,20/01/2026,Shopping Recife Riomar
27535,0,20/01/2026,Shopping Recife Riomar
27537,0,20/01/2026,Shopping Recife Riomar
27538,0,20/01/2026,Shopping Recife Riomar
27539,0,20/01/2026,Shopping Recife Riomar
27540,0,20/01/2026,Shopping Recife Riomar
27541,0,20/01/2026,Shopping Recife Riomar
27551,1,20/01/2026,Shopping Recife Riomar
27634,0,20/01/2026,Shopping Recife Riomar
27660,1,20/01/2026,Shopping Recife Riomar
27662,0,20/01/2026,Shopping Recife Riomar
27669,0,20/01/2026,Shopping Recife Riomar
27673,0,20/01/2026,Shopping Recife Riomar
27715,1,20/01/2026,Shopping Recife Riomar
27716,1,20/01/2026,Shopping Recife Riomar
313,0,20/01/2026,Shopping Rio de Janeiro
322,0,20/01/2026,Shopping Rio de Janeiro
338,0,20/01/2026,Shopping Rio de Janeiro
341,0,20/01/2026,Shopping Rio de Janeiro
398,0,20/01/2026,Shopping Rio de Janeiro
610,0,20/01/2026,Shopping Rio de Janeiro
674,0,20/01/2026,Shopping Rio de Janeiro
727,0,20/01/2026,Shopping Rio de Janeiro
887,0,20/01/2026,Shopping Rio de Janeiro
888,1,20/01/2026,Shopping Rio de Janeiro
889,1,20/01/2026,Shopping Rio de Janeiro
890,0,20/01/2026,Shopping Rio de Janeiro
1049,0,20/01/2026,Shopping Rio de Janeiro
1100,0,20/01/2026,Shopping Rio de Janeiro
1109,0,20/01/2026,Shopping Rio de Janeiro
1119,0,20/01/2026,Shopping Rio de Janeiro
1276,0,20/01/2026,Shopping Rio de Janeiro
1277,0,20/01/2026,Shopping Rio de Janeiro
1362,0,20/01/2026,Shopping Rio de Janeiro
1363,0,20/01/2026,Shopping Rio de Janeiro
1367,0,20/01/2026,Shopping Rio de Janeiro
1368,0,20/01/2026,Shopping Rio de Janeiro
1405,2,20/01/2026,Shopping Rio de Janeiro
1438,0,20/01/2026,Shopping Rio de Janeiro
1499,0,20/01/2026,Shopping Rio de Janeiro
1526,0,20/01/2026,Shopping Rio de Janeiro
1712,0,20/01/2026,Shopping Rio de Janeiro
1941,0,20/01/2026,Shopping Rio de Janeiro
2197,0,20/01/2026,Shopping Rio de Janeiro
2200,0,20/01/2026,Shopping Rio de Janeiro
2202,0,20/01/2026,Shopping Rio de Janeiro
2207,0,20/01/2026,Shopping Rio de Janeiro
2208,0,20/01/2026,Shopping Rio de Janeiro
2217,1,20/01/2026,Shopping Rio de Janeiro
2398,0,20/01/2026,Shopping Rio de Janeiro
2403,0,20/01/2026,Shopping Rio de Janeiro
2617,1,20/01/2026,Shopping Rio de Janeiro
2646,0,20/01/2026,Shopping Rio de Janeiro
2693,0,20/01/2026,Shopping Rio de Janeiro
2697,0,20/01/2026,Shopping Rio de Janeiro
2721,0,20/01/2026,Shopping Rio de Janeiro
2723,0,20/01/2026,Shopping Rio de Janeiro
2725,2,20/01/2026,Shopping Rio de Janeiro
2811,2,20/01/2026,Shopping Rio de Janeiro
2842,1,20/01/2026,Shopping Rio de Janeiro
2844,0,20/01/2026,Shopping Rio de Janeiro
2845,1,20/01/2026,Shopping Rio de Janeiro
2867,0,20/01/2026,Shopping Rio de Janeiro
2881,0,20/01/2026,Shopping Rio de Janeiro
2930,0,20/01/2026,Shopping Rio de Janeiro
3056,1,20/01/2026,Shopping Rio de Janeiro
3065,1,20/01/2026,Shopping Rio de Janeiro
3099,2,20/01/2026,Shopping Rio de Janeiro
3147,1,20/01/2026,Shopping Rio de Janeiro
3190,0,20/01/2026,Shopping Rio de Janeiro
3406,0,20/01/2026,Shopping Rio de Janeiro
3462,0,20/01/2026,Shopping Rio de Janeiro
3532,0,20/01/2026,Shopping Rio de Janeiro
3533,0,20/01/2026,Shopping Rio de Janeiro
3554,0,20/01/2026,Shopping Rio de Janeiro
3555,0,20/01/2026,Shopping Rio de Janeiro
3556,0,20/01/2026,Shopping Rio de Janeiro
3573,0,20/01/2026,Shopping Rio de Janeiro
3746,0,20/01/2026,Shopping Rio de Janeiro
3747,1,20/01/2026,Shopping Rio de Janeiro
3751,0,20/01/2026,Shopping Rio de Janeiro
3800,0,20/01/2026,Shopping Rio de Janeiro
3823,0,20/01/2026,Shopping Rio de Janeiro
3825,0,20/01/2026,Shopping Rio de Janeiro
3871,0,20/01/2026,Shopping Rio de Janeiro
3882,0,20/01/2026,Shopping Rio de Janeiro
3901,0,20/01/2026,Shopping Rio de Janeiro
3904,1,20/01/2026,Shopping Rio de Janeiro
3905,0,20/01/2026,Shopping Rio de Janeiro
3906,0,20/01/2026,Shopping Rio de Janeiro
3969,0,20/01/2026,Shopping Rio de Janeiro
4028,3,20/01/2026,Shopping Rio de Janeiro
4030,1,20/01/2026,Shopping Rio de Janeiro
4031,0,20/01/2026,Shopping Rio de Janeiro
4032,1,20/01/2026,Shopping Rio de Janeiro
4033,0,20/01/2026,Shopping Rio de Janeiro
4034,0,20/01/2026,Shopping Rio de Janeiro
4035,0,20/01/2026,Shopping Rio de Janeiro
4054,1,20/01/2026,Shopping Rio de Janeiro
4111,0,20/01/2026,Shopping Rio de Janeiro
4112,0,20/01/2026,Shopping Rio de Janeiro
4113,0,20/01/2026,Shopping Rio de Janeiro
4114,0,20/01/2026,Shopping Rio de Janeiro
4140,0,20/01/2026,Shopping Rio de Janeiro
4141,0,20/01/2026,Shopping Rio de Janeiro
4147,0,20/01/2026,Shopping Rio de Janeiro
4148,1,20/01/2026,Shopping Rio de Janeiro
4149,0,20/01/2026,Shopping Rio de Janeiro
4160,0,20/01/2026,Shopping Rio de Janeiro
4310,0,20/01/2026,Shopping Rio de Janeiro
4312,0,20/01/2026,Shopping Rio de Janeiro
4325,1,20/01/2026,Shopping Rio de Janeiro
4347,0,20/01/2026,Shopping Rio de Janeiro
4348,0,20/01/2026,Shopping Rio de Janeiro
4349,0,20/01/2026,Shopping Rio de Janeiro
4350,0,20/01/2026,Shopping Rio de Janeiro
4351,0,20/01/2026,Shopping Rio de Janeiro
4352,0,20/01/2026,Shopping Rio de Janeiro
4353,1,20/01/2026,Shopping Rio de Janeiro
4354,0,20/01/2026,Shopping Rio de Janeiro
4355,0,20/01/2026,Shopping Rio de Janeiro
4356,0,20/01/2026,Shopping Rio de Janeiro
4357,0,20/01/2026,Shopping Rio de Janeiro
4358,0,20/01/2026,Shopping Rio de Janeiro
4359,0,20/01/2026,Shopping Rio de Janeiro
4362,0,20/01/2026,Shopping Rio de Janeiro
4363,2,20/01/2026,Shopping Rio de Janeiro
4364,3,20/01/2026,Shopping Rio de Janeiro
4365,0,20/01/2026,Shopping Rio de Janeiro
4366,0,20/01/2026,Shopping Rio de Janeiro
4367,0,20/01/2026,Shopping Rio de Janeiro
4368,0,20/01/2026,Shopping Rio de Janeiro
4372,0,20/01/2026,Shopping Rio de Janeiro
4380,0,20/01/2026,Shopping Rio de Janeiro
4382,0,20/01/2026,Shopping Rio de Janeiro
4395,0,20/01/2026,Shopping Rio de Janeiro
4434,0,20/01/2026,Shopping Rio de Janeiro
4456,0,20/01/2026,Shopping Rio de Janeiro
4457,0,20/01/2026,Shopping Rio de Janeiro
4459,1,20/01/2026,Shopping Rio de Janeiro
4460,0,20/01/2026,Shopping Rio de Janeiro
4497,1,20/01/2026,Shopping Rio de Janeiro
4499,0,20/01/2026,Shopping Rio de Janeiro
4550,0,20/01/2026,Shopping Rio de Janeiro
4600,0,20/01/2026,Shopping Rio de Janeiro
4658,0,20/01/2026,Shopping Rio de Janeiro
4660,1,20/01/2026,Shopping Rio de Janeiro
4687,0,20/01/2026,Shopping Rio de Janeiro
4688,0,20/01/2026,Shopping Rio de Janeiro
4700,1,20/01/2026,Shopping Rio de Janeiro
4725,0,20/01/2026,Shopping Rio de Janeiro
4726,0,20/01/2026,Shopping Rio de Janeiro
4727,0,20/01/2026,Shopping Rio de Janeiro
4728,0,20/01/2026,Shopping Rio de Janeiro
4750,0,20/01/2026,Shopping Rio de Janeiro
4882,0,20/01/2026,Shopping Rio de Janeiro
4980,0,20/01/2026,Shopping Rio de Janeiro
4981,0,20/01/2026,Shopping Rio de Janeiro
5049,0,20/01/2026,Shopping Rio de Janeiro
5702,0,20/01/2026,Shopping Rio de Janeiro
5703,0,20/01/2026,Shopping Rio de Janeiro
5704,0,20/01/2026,Shopping Rio de Janeiro
5705,0,20/01/2026,Shopping Rio de Janeiro
6332,0,20/01/2026,Shopping Rio de Janeiro
8144,0,20/01/2026,Shopping Rio de Janeiro
8145,1,20/01/2026,Shopping Rio de Janeiro
8146,0,20/01/2026,Shopping Rio de Janeiro
8152,0,20/01/2026,Shopping Rio de Janeiro
8153,0,20/01/2026,Shopping Rio de Janeiro
8154,0,20/01/2026,Shopping Rio de Janeiro
8155,1,20/01/2026,Shopping Rio de Janeiro
8156,0,20/01/2026,Shopping Rio de Janeiro
8157,2,20/01/2026,Shopping Rio de Janeiro
8158,0,20/01/2026,Shopping Rio de Janeiro
8159,3,20/01/2026,Shopping Rio de Janeiro
8520,0,20/01/2026,Shopping Rio de Janeiro
8521,0,20/01/2026,Shopping Rio de Janeiro
20715,1,20/01/2026,Shopping Rio de Janeiro
20716,0,20/01/2026,Shopping Rio de Janeiro
20717,0,20/01/2026,Shopping Rio de Janeiro
20718,0,20/01/2026,Shopping Rio de Janeiro
20719,0,20/01/2026,Shopping Rio de Janeiro
20720,0,20/01/2026,Shopping Rio de Janeiro
20721,0,20/01/2026,Shopping Rio de Janeiro
20722,0,20/01/2026,Shopping Rio de Janeiro
20723,0,20/01/2026,Shopping Rio de Janeiro
20737,0,20/01/2026,Shopping Rio de Janeiro
20755,0,20/01/2026,Shopping Rio de Janeiro
20790,0,20/01/2026,Shopping Rio de Janeiro
20791,0,20/01/2026,Shopping Rio de Janeiro
20792,0,20/01/2026,Shopping Rio de Janeiro
20793,0,20/01/2026,Shopping Rio de Janeiro
20833,0,20/01/2026,Shopping Rio de Janeiro
20834,0,20/01/2026,Shopping Rio de Janeiro
20875,1,20/01/2026,Shopping Rio de Janeiro
20877,1,20/01/2026,Shopping Rio de Janeiro
20990,2,20/01/2026,Shopping Rio de Janeiro
21069,0,20/01/2026,Shopping Rio de Janeiro
21080,0,20/01/2026,Shopping Rio de Janeiro
21113,2,20/01/2026,Shopping Rio de Janeiro
21143,1,20/01/2026,Shopping Rio de Janeiro
21144,0,20/01/2026,Shopping Rio de Janeiro
21145,0,20/01/2026,Shopping Rio de Janeiro
21146,0,20/01/2026,Shopping Rio de Janeiro
21147,2,20/01/2026,Shopping Rio de Janeiro
21148,0,20/01/2026,Shopping Rio de Janeiro
21149,3,20/01/2026,Shopping Rio de Janeiro
21190,0,20/01/2026,Shopping Rio de Janeiro
21191,0,20/01/2026,Shopping Rio de Janeiro
21227,0,20/01/2026,Shopping Rio de Janeiro
21255,0,20/01/2026,Shopping Rio de Janeiro
21267,2,20/01/2026,Shopping Rio de Janeiro
21279,1,20/01/2026,Shopping Rio de Janeiro
21286,0,20/01/2026,Shopping Rio de Janeiro
21288,1,20/01/2026,Shopping Rio de Janeiro
21289,3,20/01/2026,Shopping Rio de Janeiro
21290,2,20/01/2026,Shopping Rio de Janeiro
21291,1,20/01/2026,Shopping Rio de Janeiro
21295,3,20/01/2026,Shopping Rio de Janeiro
21296,3,20/01/2026,Shopping Rio de Janeiro
21299,0,20/01/2026,Shopping Rio de Janeiro
21300,0,20/01/2026,Shopping Rio de Janeiro
21309,0,20/01/2026,Shopping Rio de Janeiro
21311,0,20/01/2026,Shopping Rio de Janeiro
21312,0,20/01/2026,Shopping Rio de Janeiro
21313,0,20/01/2026,Shopping Rio de Janeiro
21314,0,20/01/2026,Shopping Rio de Janeiro
21315,0,20/01/2026,Shopping Rio de Janeiro
21316,3,20/01/2026,Shopping Rio de Janeiro
21317,3,20/01/2026,Shopping Rio de Janeiro
21383,0,20/01/2026,Shopping Rio de Janeiro
21414,1,20/01/2026,Shopping Rio de Janeiro
21458,1,20/01/2026,Shopping Rio de Janeiro
21462,1,20/01/2026,Shopping Rio de Janeiro
21463,0,20/01/2026,Shopping Rio de Janeiro
21464,1,20/01/2026,Shopping Rio de Janeiro
21466,0,20/01/2026,Shopping Rio de Janeiro
21467,1,20/01/2026,Shopping Rio de Janeiro
21492,0,20/01/2026,Shopping Rio de Janeiro
21510,2,20/01/2026,Shopping Rio de Janeiro
21511,2,20/01/2026,Shopping Rio de Janeiro
21512,3,20/01/2026,Shopping Rio de Janeiro
21513,2,20/01/2026,Shopping Rio de Janeiro
21514,3,20/01/2026,Shopping Rio de Janeiro
21547,0,20/01/2026,Shopping Rio de Janeiro
21557,2,20/01/2026,Shopping Rio de Janeiro
21574,0,20/01/2026,Shopping Rio de Janeiro
21575,0,20/01/2026,Shopping Rio de Janeiro
21576,3,20/01/2026,Shopping Rio de Janeiro
21581,1,20/01/2026,Shopping Rio de Janeiro
21582,1,20/01/2026,Shopping Rio de Janeiro
21583,2,20/01/2026,Shopping Rio de Janeiro
21601,1,20/01/2026,Shopping Rio de Janeiro
21613,0,20/01/2026,Shopping Rio de Janeiro
21614,0,20/01/2026,Shopping Rio de Janeiro
21682,2,20/01/2026,Shopping Rio de Janeiro
21691,2,20/01/2026,Shopping Rio de Janeiro
21694,0,20/01/2026,Shopping Rio de Janeiro
21696,2,20/01/2026,Shopping Rio de Janeiro
21697,0,20/01/2026,Shopping Rio de Janeiro
21698,2,20/01/2026,Shopping Rio de Janeiro
21703,1,20/01/2026,Shopping Rio de Janeiro
21704,1,20/01/2026,Shopping Rio de Janeiro
21710,0,20/01/2026,Shopping Rio de Janeiro
21717,0,20/01/2026,Shopping Rio de Janeiro
21718,1,20/01/2026,Shopping Rio de Janeiro
21719,2,20/01/2026,Shopping Rio de Janeiro
21875,3,20/01/2026,Shopping Rio de Janeiro
21876,1,20/01/2026,Shopping Rio de Janeiro
21905,3,20/01/2026,Shopping Rio de Janeiro
21909,0,20/01/2026,Shopping Rio de Janeiro
21910,0,20/01/2026,Shopping Rio de Janeiro
21911,0,20/01/2026,Shopping Rio de Janeiro
21912,0,20/01/2026,Shopping Rio de Janeiro
21913,2,20/01/2026,Shopping Rio de Janeiro
21914,2,20/01/2026,Shopping Rio de Janeiro
21915,3,20/01/2026,Shopping Rio de Janeiro
21917,0,20/01/2026,Shopping Rio de Janeiro
21918,0,20/01/2026,Shopping Rio de Janeiro
21919,0,20/01/2026,Shopping Rio de Janeiro
21920,4,20/01/2026,Shopping Rio de Janeiro
21921,3,20/01/2026,Shopping Rio de Janeiro
21923,1,20/01/2026,Shopping Rio de Janeiro
21924,0,20/01/2026,Shopping Rio de Janeiro
21925,0,20/01/2026,Shopping Rio de Janeiro
21926,0,20/01/2026,Shopping Rio de Janeiro
21927,1,20/01/2026,Shopping Rio de Janeiro
22000,0,20/01/2026,Shopping Rio de Janeiro
22001,0,20/01/2026,Shopping Rio de Janeiro
22002,2,20/01/2026,Shopping Rio de Janeiro
22101,1,20/01/2026,Shopping Rio de Janeiro
22102,0,20/01/2026,Shopping Rio de Janeiro
22103,0,20/01/2026,Shopping Rio de Janeiro
22114,0,20/01/2026,Shopping Rio de Janeiro
22191,3,20/01/2026,Shopping Rio de Janeiro
22278,0,20/01/2026,Shopping Rio de Janeiro
22306,0,20/01/2026,Shopping Rio de Janeiro
22307,1,20/01/2026,Shopping Rio de Janeiro
22308,1,20/01/2026,Shopping Rio de Janeiro
22403,0,20/01/2026,Shopping Rio de Janeiro
22417,1,20/01/2026,Shopping Rio de Janeiro
22476,0,20/01/2026,Shopping Rio de Janeiro
22477,0,20/01/2026,Shopping Rio de Janeiro
22482,0,20/01/2026,Shopping Rio de Janeiro
22487,1,20/01/2026,Shopping Rio de Janeiro
22492,0,20/01/2026,Shopping Rio de Janeiro
22504,0,20/01/2026,Shopping Rio de Janeiro
22515,3,20/01/2026,Shopping Rio de Janeiro
22547,1,20/01/2026,Shopping Rio de Janeiro
22578,0,20/01/2026,Shopping Rio de Janeiro
22589,0,20/01/2026,Shopping Rio de Janeiro
22590,0,20/01/2026,Shopping Rio de Janeiro
22595,0,20/01/2026,Shopping Rio de Janeiro
22597,2,20/01/2026,Shopping Rio de Janeiro
22598,0,20/01/2026,Shopping Rio de Janeiro
22642,0,20/01/2026,Shopping Rio de Janeiro
22666,0,20/01/2026,Shopping Rio de Janeiro
22667,0,20/01/2026,Shopping Rio de Janeiro
22668,1,20/01/2026,Shopping Rio de Janeiro
22756,4,20/01/2026,Shopping Rio de Janeiro
22850,0,20/01/2026,Shopping Rio de Janeiro
22854,0,20/01/2026,Shopping Rio de Janeiro
22859,1,20/01/2026,Shopping Rio de Janeiro
22870,0,20/01/2026,Shopping Rio de Janeiro
22883,0,20/01/2026,Shopping Rio de Janeiro
22922,0,20/01/2026,Shopping Rio de Janeiro
22923,1,20/01/2026,Shopping Rio de Janeiro
22980,3,20/01/2026,Shopping Rio de Janeiro
22985,0,20/01/2026,Shopping Rio de Janeiro
22987,0,20/01/2026,Shopping Rio de Janeiro
22988,0,20/01/2026,Shopping Rio de Janeiro
22990,1,20/01/2026,Shopping Rio de Janeiro
23003,1,20/01/2026,Shopping Rio de Janeiro
23004,1,20/01/2026,Shopping Rio de Janeiro
23005,0,20/01/2026,Shopping Rio de Janeiro
23006,0,20/01/2026,Shopping Rio de Janeiro
23007,0,20/01/2026,Shopping Rio de Janeiro
23008,0,20/01/2026,Shopping Rio de Janeiro
23010,0,20/01/2026,Shopping Rio de Janeiro
23011,0,20/01/2026,Shopping Rio de Janeiro
23012,0,20/01/2026,Shopping Rio de Janeiro
23013,0,20/01/2026,Shopping Rio de Janeiro
23014,0,20/01/2026,Shopping Rio de Janeiro
23015,0,20/01/2026,Shopping Rio de Janeiro
23016,0,20/01/2026,Shopping Rio de Janeiro
23017,0,20/01/2026,Shopping Rio de Janeiro
23018,2,20/01/2026,Shopping Rio de Janeiro
23019,0,20/01/2026,Shopping Rio de Janeiro
23020,1,20/01/2026,Shopping Rio de Janeiro
23023,2,20/01/2026,Shopping Rio de Janeiro
23024,0,20/01/2026,Shopping Rio de Janeiro
23061,0,20/01/2026,Shopping Rio de Janeiro
23062,0,20/01/2026,Shopping Rio de Janeiro
23063,0,20/01/2026,Shopping Rio de Janeiro
23064,0,20/01/2026,Shopping Rio de Janeiro
23065,0,20/01/2026,Shopping Rio de Janeiro
23066,0,20/01/2026,Shopping Rio de Janeiro
23067,0,20/01/2026,Shopping Rio de Janeiro
23082,0,20/01/2026,Shopping Rio de Janeiro
23083,3,20/01/2026,Shopping Rio de Janeiro
23158,0,20/01/2026,Shopping Rio de Janeiro
23186,0,20/01/2026,Shopping Rio de Janeiro
23189,2,20/01/2026,Shopping Rio de Janeiro
23217,0,20/01/2026,Shopping Rio de Janeiro
23218,0,20/01/2026,Shopping Rio de Janeiro
23224,0,20/01/2026,Shopping Rio de Janeiro
23234,0,20/01/2026,Shopping Rio de Janeiro
23264,0,20/01/2026,Shopping Rio de Janeiro
23265,0,20/01/2026,Shopping Rio de Janeiro
23266,0,20/01/2026,Shopping Rio de Janeiro
23267,0,20/01/2026,Shopping Rio de Janeiro
23268,0,20/01/2026,Shopping Rio de Janeiro
23269,0,20/01/2026,Shopping Rio de Janeiro
23270,0,20/01/2026,Shopping Rio de Janeiro
23271,0,20/01/2026,Shopping Rio de Janeiro
23273,0,20/01/2026,Shopping Rio de Janeiro
23277,0,20/01/2026,Shopping Rio de Janeiro
23284,3,20/01/2026,Shopping Rio de Janeiro
23285,3,20/01/2026,Shopping Rio de Janeiro
23286,2,20/01/2026,Shopping Rio de Janeiro
23321,0,20/01/2026,Shopping Rio de Janeiro
23323,0,20/01/2026,Shopping Rio de Janeiro
23325,0,20/01/2026,Shopping Rio de Janeiro
23341,0,20/01/2026,Shopping Rio de Janeiro
23342,0,20/01/2026,Shopping Rio de Janeiro
23364,0,20/01/2026,Shopping Rio de Janeiro
23376,0,20/01/2026,Shopping Rio de Janeiro
23397,0,20/01/2026,Shopping Rio de Janeiro
23443,0,20/01/2026,Shopping Rio de Janeiro
23461,0,20/01/2026,Shopping Rio de Janeiro
23472,0,20/01/2026,Shopping Rio de Janeiro
23473,0,20/01/2026,Shopping Rio de Janeiro
23476,0,20/01/2026,Shopping Rio de Janeiro
23590,3,20/01/2026,Shopping Rio de Janeiro
23703,1,20/01/2026,Shopping Rio de Janeiro
23714,0,20/01/2026,Shopping Rio de Janeiro
23715,0,20/01/2026,Shopping Rio de Janeiro
23716,0,20/01/2026,Shopping Rio de Janeiro
23717,0,20/01/2026,Shopping Rio de Janeiro
23718,0,20/01/2026,Shopping Rio de Janeiro
23719,0,20/01/2026,Shopping Rio de Janeiro
23720,0,20/01/2026,Shopping Rio de Janeiro
23725,0,20/01/2026,Shopping Rio de Janeiro
23726,1,20/01/2026,Shopping Rio de Janeiro
23727,0,20/01/2026,Shopping Rio de Janeiro
23728,1,20/01/2026,Shopping Rio de Janeiro
23730,0,20/01/2026,Shopping Rio de Janeiro
23731,1,20/01/2026,Shopping Rio de Janeiro
23737,0,20/01/2026,Shopping Rio de Janeiro
23738,0,20/01/2026,Shopping Rio de Janeiro
23739,0,20/01/2026,Shopping Rio de Janeiro
23740,0,20/01/2026,Shopping Rio de Janeiro
23741,0,20/01/2026,Shopping Rio de Janeiro
23742,0,20/01/2026,Shopping Rio de Janeiro
23744,0,20/01/2026,Shopping Rio de Janeiro
23745,1,20/01/2026,Shopping Rio de Janeiro
23746,0,20/01/2026,Shopping Rio de Janeiro
23747,0,20/01/2026,Shopping Rio de Janeiro
23748,0,20/01/2026,Shopping Rio de Janeiro
23755,0,20/01/2026,Shopping Rio de Janeiro
23807,0,20/01/2026,Shopping Rio de Janeiro
23810,2,20/01/2026,Shopping Rio de Janeiro
23814,0,20/01/2026,Shopping Rio de Janeiro
23817,0,20/01/2026,Shopping Rio de Janeiro
23818,0,20/01/2026,Shopping Rio de Janeiro
23819,0,20/01/2026,Shopping Rio de Janeiro
23820,0,20/01/2026,Shopping Rio de Janeiro
23821,0,20/01/2026,Shopping Rio de Janeiro
23822,0,20/01/2026,Shopping Rio de Janeiro
23827,0,20/01/2026,Shopping Rio de Janeiro
23828,0,20/01/2026,Shopping Rio de Janeiro
23829,0,20/01/2026,Shopping Rio de Janeiro
23830,0,20/01/2026,Shopping Rio de Janeiro
23887,0,20/01/2026,Shopping Rio de Janeiro
23893,1,20/01/2026,Shopping Rio de Janeiro
23894,1,20/01/2026,Shopping Rio de Janeiro
23895,0,20/01/2026,Shopping Rio de Janeiro
23896,1,20/01/2026,Shopping Rio de Janeiro
23897,3,20/01/2026,Shopping Rio de Janeiro
23898,2,20/01/2026,Shopping Rio de Janeiro
23899,3,20/01/2026,Shopping Rio de Janeiro
23900,3,20/01/2026,Shopping Rio de Janeiro
23901,2,20/01/2026,Shopping Rio de Janeiro
23902,0,20/01/2026,Shopping Rio de Janeiro
23903,2,20/01/2026,Shopping Rio de Janeiro
23904,0,20/01/2026,Shopping Rio de Janeiro
23905,3,20/01/2026,Shopping Rio de Janeiro
23906,3,20/01/2026,Shopping Rio de Janeiro
23907,3,20/01/2026,Shopping Rio de Janeiro
23908,1,20/01/2026,Shopping Rio de Janeiro
23909,1,20/01/2026,Shopping Rio de Janeiro
23910,2,20/01/2026,Shopping Rio de Janeiro
23911,0,20/01/2026,Shopping Rio de Janeiro
23912,3,20/01/2026,Shopping Rio de Janeiro
23913,3,20/01/2026,Shopping Rio de Janeiro
23914,2,20/01/2026,Shopping Rio de Janeiro
23915,3,20/01/2026,Shopping Rio de Janeiro
23916,2,20/01/2026,Shopping Rio de Janeiro
23917,0,20/01/2026,Shopping Rio de Janeiro
23918,3,20/01/2026,Shopping Rio de Janeiro
23919,0,20/01/2026,Shopping Rio de Janeiro
23920,0,20/01/2026,Shopping Rio de Janeiro
23921,0,20/01/2026,Shopping Rio de Janeiro
23922,3,20/01/2026,Shopping Rio de Janeiro
23923,2,20/01/2026,Shopping Rio de Janeiro
23924,2,20/01/2026,Shopping Rio de Janeiro
23925,2,20/01/2026,Shopping Rio de Janeiro
23926,1,20/01/2026,Shopping Rio de Janeiro
23927,1,20/01/2026,Shopping Rio de Janeiro
23928,3,20/01/2026,Shopping Rio de Janeiro
23929,2,20/01/2026,Shopping Rio de Janeiro
23930,0,20/01/2026,Shopping Rio de Janeiro
23931,0,20/01/2026,Shopping Rio de Janeiro
23932,0,20/01/2026,Shopping Rio de Janeiro
23934,1,20/01/2026,Shopping Rio de Janeiro
23935,0,20/01/2026,Shopping Rio de Janeiro
23936,3,20/01/2026,Shopping Rio de Janeiro
23937,2,20/01/2026,Shopping Rio de Janeiro
23938,3,20/01/2026,Shopping Rio de Janeiro
23939,0,20/01/2026,Shopping Rio de Janeiro
23940,1,20/01/2026,Shopping Rio de Janeiro
23941,2,20/01/2026,Shopping Rio de Janeiro
23942,1,20/01/2026,Shopping Rio de Janeiro
23943,2,20/01/2026,Shopping Rio de Janeiro
23944,3,20/01/2026,Shopping Rio de Janeiro
23945,1,20/01/2026,Shopping Rio de Janeiro
23946,2,20/01/2026,Shopping Rio de Janeiro
23947,0,20/01/2026,Shopping Rio de Janeiro
23948,1,20/01/2026,Shopping Rio de Janeiro
23949,1,20/01/2026,Shopping Rio de Janeiro
23950,3,20/01/2026,Shopping Rio de Janeiro
23951,1,20/01/2026,Shopping Rio de Janeiro
23952,0,20/01/2026,Shopping Rio de Janeiro
23953,0,20/01/2026,Shopping Rio de Janeiro
23954,0,20/01/2026,Shopping Rio de Janeiro
23955,2,20/01/2026,Shopping Rio de Janeiro
23956,3,20/01/2026,Shopping Rio de Janeiro
23958,1,20/01/2026,Shopping Rio de Janeiro
23960,2,20/01/2026,Shopping Rio de Janeiro
23961,0,20/01/2026,Shopping Rio de Janeiro
23962,1,20/01/2026,Shopping Rio de Janeiro
23963,2,20/01/2026,Shopping Rio de Janeiro
23964,0,20/01/2026,Shopping Rio de Janeiro
23965,2,20/01/2026,Shopping Rio de Janeiro
23966,0,20/01/2026,Shopping Rio de Janeiro
23967,2,20/01/2026,Shopping Rio de Janeiro
23968,1,20/01/2026,Shopping Rio de Janeiro
23969,0,20/01/2026,Shopping Rio de Janeiro
23970,1,20/01/2026,Shopping Rio de Janeiro
23971,1,20/01/2026,Shopping Rio de Janeiro
23972,2,20/01/2026,Shopping Rio de Janeiro
23973,4,20/01/2026,Shopping Rio de Janeiro
23974,2,20/01/2026,Shopping Rio de Janeiro
23975,5,20/01/2026,Shopping Rio de Janeiro
23976,4,20/01/2026,Shopping Rio de Janeiro
23977,0,20/01/2026,Shopping Rio de Janeiro
23978,2,20/01/2026,Shopping Rio de Janeiro
23979,3,20/01/2026,Shopping Rio de Janeiro
23980,1,20/01/2026,Shopping Rio de Janeiro
23981,4,20/01/2026,Shopping Rio de Janeiro
23982,3,20/01/2026,Shopping Rio de Janeiro
23983,3,20/01/2026,Shopping Rio de Janeiro
23984,0,20/01/2026,Shopping Rio de Janeiro
23985,2,20/01/2026,Shopping Rio de Janeiro
23986,3,20/01/2026,Shopping Rio de Janeiro
23987,0,20/01/2026,Shopping Rio de Janeiro
23988,3,20/01/2026,Shopping Rio de Janeiro
23989,0,20/01/2026,Shopping Rio de Janeiro
23990,2,20/01/2026,Shopping Rio de Janeiro
23991,0,20/01/2026,Shopping Rio de Janeiro
23992,2,20/01/2026,Shopping Rio de Janeiro
23993,2,20/01/2026,Shopping Rio de Janeiro
23994,2,20/01/2026,Shopping Rio de Janeiro
23995,3,20/01/2026,Shopping Rio de Janeiro
23996,2,20/01/2026,Shopping Rio de Janeiro
23997,2,20/01/2026,Shopping Rio de Janeiro
23998,1,20/01/2026,Shopping Rio de Janeiro
24000,2,20/01/2026,Shopping Rio de Janeiro
24001,0,20/01/2026,Shopping Rio de Janeiro
24002,2,20/01/2026,Shopping Rio de Janeiro
24003,2,20/01/2026,Shopping Rio de Janeiro
24004,1,20/01/2026,Shopping Rio de Janeiro
24005,3,20/01/2026,Shopping Rio de Janeiro
24006,1,20/01/2026,Shopping Rio de Janeiro
24007,1,20/01/2026,Shopping Rio de Janeiro
24008,1,20/01/2026,Shopping Rio de Janeiro
24009,0,20/01/2026,Shopping Rio de Janeiro
24010,0,20/01/2026,Shopping Rio de Janeiro
24011,0,20/01/2026,Shopping Rio de Janeiro
24012,1,20/01/2026,Shopping Rio de Janeiro
24013,1,20/01/2026,Shopping Rio de Janeiro
24014,0,20/01/2026,Shopping Rio de Janeiro
24015,0,20/01/2026,Shopping Rio de Janeiro
24016,1,20/01/2026,Shopping Rio de Janeiro
24017,0,20/01/2026,Shopping Rio de Janeiro
24018,0,20/01/2026,Shopping Rio de Janeiro
24019,0,20/01/2026,Shopping Rio de Janeiro
24021,1,20/01/2026,Shopping Rio de Janeiro
24022,1,20/01/2026,Shopping Rio de Janeiro
24023,1,20/01/2026,Shopping Rio de Janeiro
24024,1,20/01/2026,Shopping Rio de Janeiro
24025,1,20/01/2026,Shopping Rio de Janeiro
24026,1,20/01/2026,Shopping Rio de Janeiro
24027,0,20/01/2026,Shopping Rio de Janeiro
24028,1,20/01/2026,Shopping Rio de Janeiro
24029,0,20/01/2026,Shopping Rio de Janeiro
24030,0,20/01/2026,Shopping Rio de Janeiro
24031,0,20/01/2026,Shopping Rio de Janeiro
24032,0,20/01/2026,Shopping Rio de Janeiro
24033,0,20/01/2026,Shopping Rio de Janeiro
24036,0,20/01/2026,Shopping Rio de Janeiro
24037,0,20/01/2026,Shopping Rio de Janeiro
24100,0,20/01/2026,Shopping Rio de Janeiro
24101,0,20/01/2026,Shopping Rio de Janeiro
24102,0,20/01/2026,Shopping Rio de Janeiro
24103,0,20/01/2026,Shopping Rio de Janeiro
24104,0,20/01/2026,Shopping Rio de Janeiro
24105,0,20/01/2026,Shopping Rio de Janeiro
24106,1,20/01/2026,Shopping Rio de Janeiro
24107,3,20/01/2026,Shopping Rio de Janeiro
24108,2,20/01/2026,Shopping Rio de Janeiro
24109,3,20/01/2026,Shopping Rio de Janeiro
24110,2,20/01/2026,Shopping Rio de Janeiro
24111,0,20/01/2026,Shopping Rio de Janeiro
24112,0,20/01/2026,Shopping Rio de Janeiro
24113,2,20/01/2026,Shopping Rio de Janeiro
24115,3,20/01/2026,Shopping Rio de Janeiro
24116,1,20/01/2026,Shopping Rio de Janeiro
24117,2,20/01/2026,Shopping Rio de Janeiro
24118,0,20/01/2026,Shopping Rio de Janeiro
24119,3,20/01/2026,Shopping Rio de Janeiro
24120,4,20/01/2026,Shopping Rio de Janeiro
24121,2,20/01/2026,Shopping Rio de Janeiro
24122,3,20/01/2026,Shopping Rio de Janeiro
24123,1,20/01/2026,Shopping Rio de Janeiro
24124,0,20/01/2026,Shopping Rio de Janeiro
24125,1,20/01/2026,Shopping Rio de Janeiro
24126,2,20/01/2026,Shopping Rio de Janeiro
24127,0,20/01/2026,Shopping Rio de Janeiro
24128,1,20/01/2026,Shopping Rio de Janeiro
24129,1,20/01/2026,Shopping Rio de Janeiro
24130,0,20/01/2026,Shopping Rio de Janeiro
24131,0,20/01/2026,Shopping Rio de Janeiro
24134,3,20/01/2026,Shopping Rio de Janeiro
24135,1,20/01/2026,Shopping Rio de Janeiro
24136,0,20/01/2026,Shopping Rio de Janeiro
24137,0,20/01/2026,Shopping Rio de Janeiro
24140,2,20/01/2026,Shopping Rio de Janeiro
24142,0,20/01/2026,Shopping Rio de Janeiro
24149,0,20/01/2026,Shopping Rio de Janeiro
24154,0,20/01/2026,Shopping Rio de Janeiro
24158,1,20/01/2026,Shopping Rio de Janeiro
24159,3,20/01/2026,Shopping Rio de Janeiro
24160,5,20/01/2026,Shopping Rio de Janeiro
24163,2,20/01/2026,Shopping Rio de Janeiro
24164,0,20/01/2026,Shopping Rio de Janeiro
24165,0,20/01/2026,Shopping Rio de Janeiro
24166,2,20/01/2026,Shopping Rio de Janeiro
24167,1,20/01/2026,Shopping Rio de Janeiro
24168,2,20/01/2026,Shopping Rio de Janeiro
24169,3,20/01/2026,Shopping Rio de Janeiro
24170,4,20/01/2026,Shopping Rio de Janeiro
24171,0,20/01/2026,Shopping Rio de Janeiro
24172,1,20/01/2026,Shopping Rio de Janeiro
24173,0,20/01/2026,Shopping Rio de Janeiro
24174,0,20/01/2026,Shopping Rio de Janeiro
24176,0,20/01/2026,Shopping Rio de Janeiro
24177,0,20/01/2026,Shopping Rio de Janeiro
24178,0,20/01/2026,Shopping Rio de Janeiro
24179,2,20/01/2026,Shopping Rio de Janeiro
24180,0,20/01/2026,Shopping Rio de Janeiro
24188,0,20/01/2026,Shopping Rio de Janeiro
24200,0,20/01/2026,Shopping Rio de Janeiro
24204,2,20/01/2026,Shopping Rio de Janeiro
24219,1,20/01/2026,Shopping Rio de Janeiro
24220,1,20/01/2026,Shopping Rio de Janeiro
24221,0,20/01/2026,Shopping Rio de Janeiro
24234,0,20/01/2026,Shopping Rio de Janeiro
24238,0,20/01/2026,Shopping Rio de Janeiro
24324,1,20/01/2026,Shopping Rio de Janeiro
24325,0,20/01/2026,Shopping Rio de Janeiro
24326,1,20/01/2026,Shopping Rio de Janeiro
24327,1,20/01/2026,Shopping Rio de Janeiro
24328,1,20/01/2026,Shopping Rio de Janeiro
24329,2,20/01/2026,Shopping Rio de Janeiro
24330,1,20/01/2026,Shopping Rio de Janeiro
24344,1,20/01/2026,Shopping Rio de Janeiro
24387,3,20/01/2026,Shopping Rio de Janeiro
24401,3,20/01/2026,Shopping Rio de Janeiro
24412,0,20/01/2026,Shopping Rio de Janeiro
24413,1,20/01/2026,Shopping Rio de Janeiro
24415,1,20/01/2026,Shopping Rio de Janeiro
24416,0,20/01/2026,Shopping Rio de Janeiro
24417,0,20/01/2026,Shopping Rio de Janeiro
24418,0,20/01/2026,Shopping Rio de Janeiro
24419,0,20/01/2026,Shopping Rio de Janeiro
24421,0,20/01/2026,Shopping Rio de Janeiro
24422,2,20/01/2026,Shopping Rio de Janeiro
24423,0,20/01/2026,Shopping Rio de Janeiro
24424,0,20/01/2026,Shopping Rio de Janeiro
24426,1,20/01/2026,Shopping Rio de Janeiro
24427,0,20/01/2026,Shopping Rio de Janeiro
24428,2,20/01/2026,Shopping Rio de Janeiro
24429,2,20/01/2026,Shopping Rio de Janeiro
24430,0,20/01/2026,Shopping Rio de Janeiro
24431,1,20/01/2026,Shopping Rio de Janeiro
24432,2,20/01/2026,Shopping Rio de Janeiro
24433,0,20/01/2026,Shopping Rio de Janeiro
24435,0,20/01/2026,Shopping Rio de Janeiro
24436,2,20/01/2026,Shopping Rio de Janeiro
24438,0,20/01/2026,Shopping Rio de Janeiro
24439,2,20/01/2026,Shopping Rio de Janeiro
24442,0,20/01/2026,Shopping Rio de Janeiro
24443,0,20/01/2026,Shopping Rio de Janeiro
24445,0,20/01/2026,Shopping Rio de Janeiro
24446,0,20/01/2026,Shopping Rio de Janeiro
24447,4,20/01/2026,Shopping Rio de Janeiro
24448,0,20/01/2026,Shopping Rio de Janeiro
24449,0,20/01/2026,Shopping Rio de Janeiro
24450,0,20/01/2026,Shopping Rio de Janeiro
24452,0,20/01/2026,Shopping Rio de Janeiro
24454,4,20/01/2026,Shopping Rio de Janeiro
24455,0,20/01/2026,Shopping Rio de Janeiro
24469,0,20/01/2026,Shopping Rio de Janeiro
24470,1,20/01/2026,Shopping Rio de Janeiro
24533,3,20/01/2026,Shopping Rio de Janeiro
24534,3,20/01/2026,Shopping Rio de Janeiro
24579,4,20/01/2026,Shopping Rio de Janeiro
24580,0,20/01/2026,Shopping Rio de Janeiro
24581,0,20/01/2026,Shopping Rio de Janeiro
24582,1,20/01/2026,Shopping Rio de Janeiro
24583,0,20/01/2026,Shopping Rio de Janeiro
24584,2,20/01/2026,Shopping Rio de Janeiro
24585,2,20/01/2026,Shopping Rio de Janeiro
24586,0,20/01/2026,Shopping Rio de Janeiro
24587,0,20/01/2026,Shopping Rio de Janeiro
24588,0,20/01/2026,Shopping Rio de Janeiro
24589,0,20/01/2026,Shopping Rio de Janeiro
24590,0,20/01/2026,Shopping Rio de Janeiro
24591,2,20/01/2026,Shopping Rio de Janeiro
24592,1,20/01/2026,Shopping Rio de Janeiro
24593,2,20/01/2026,Shopping Rio de Janeiro
24594,2,20/01/2026,Shopping Rio de Janeiro
24595,2,20/01/2026,Shopping Rio de Janeiro
24596,1,20/01/2026,Shopping Rio de Janeiro
24597,0,20/01/2026,Shopping Rio de Janeiro
24598,0,20/01/2026,Shopping Rio de Janeiro
24599,2,20/01/2026,Shopping Rio de Janeiro
24600,1,20/01/2026,Shopping Rio de Janeiro
24601,1,20/01/2026,Shopping Rio de Janeiro
24602,0,20/01/2026,Shopping Rio de Janeiro
24603,1,20/01/2026,Shopping Rio de Janeiro
24604,2,20/01/2026,Shopping Rio de Janeiro
24605,3,20/01/2026,Shopping Rio de Janeiro
24606,2,20/01/2026,Shopping Rio de Janeiro
24607,3,20/01/2026,Shopping Rio de Janeiro
24608,2,20/01/2026,Shopping Rio de Janeiro
24609,1,20/01/2026,Shopping Rio de Janeiro
24610,1,20/01/2026,Shopping Rio de Janeiro
24611,0,20/01/2026,Shopping Rio de Janeiro
24612,0,20/01/2026,Shopping Rio de Janeiro
24613,1,20/01/2026,Shopping Rio de Janeiro
24614,2,20/01/2026,Shopping Rio de Janeiro
24615,2,20/01/2026,Shopping Rio de Janeiro
24616,0,20/01/2026,Shopping Rio de Janeiro
24617,2,20/01/2026,Shopping Rio de Janeiro
24618,2,20/01/2026,Shopping Rio de Janeiro
24619,3,20/01/2026,Shopping Rio de Janeiro
24620,3,20/01/2026,Shopping Rio de Janeiro
24621,2,20/01/2026,Shopping Rio de Janeiro
24622,2,20/01/2026,Shopping Rio de Janeiro
24623,1,20/01/2026,Shopping Rio de Janeiro
24624,1,20/01/2026,Shopping Rio de Janeiro
24625,1,20/01/2026,Shopping Rio de Janeiro
24626,1,20/01/2026,Shopping Rio de Janeiro
24627,1,20/01/2026,Shopping Rio de Janeiro
24628,1,20/01/2026,Shopping Rio de Janeiro
24629,2,20/01/2026,Shopping Rio de Janeiro
24630,1,20/01/2026,Shopping Rio de Janeiro
24631,1,20/01/2026,Shopping Rio de Janeiro
24632,0,20/01/2026,Shopping Rio de Janeiro
24633,1,20/01/2026,Shopping Rio de Janeiro
24634,1,20/01/2026,Shopping Rio de Janeiro
24635,1,20/01/2026,Shopping Rio de Janeiro
24653,1,20/01/2026,Shopping Rio de Janeiro
24682,1,20/01/2026,Shopping Rio de Janeiro
24690,1,20/01/2026,Shopping Rio de Janeiro
24693,1,20/01/2026,Shopping Rio de Janeiro
24714,2,20/01/2026,Shopping Rio de Janeiro
24722,0,20/01/2026,Shopping Rio de Janeiro
24739,0,20/01/2026,Shopping Rio de Janeiro
24757,0,20/01/2026,Shopping Rio de Janeiro
24765,2,20/01/2026,Shopping Rio de Janeiro
24766,0,20/01/2026,Shopping Rio de Janeiro
24767,0,20/01/2026,Shopping Rio de Janeiro
24768,3,20/01/2026,Shopping Rio de Janeiro
24786,2,20/01/2026,Shopping Rio de Janeiro
24806,1,20/01/2026,Shopping Rio de Janeiro
24808,3,20/01/2026,Shopping Rio de Janeiro
24809,2,20/01/2026,Shopping Rio de Janeiro
24811,0,20/01/2026,Shopping Rio de Janeiro
24812,3,20/01/2026,Shopping Rio de Janeiro
24814,1,20/01/2026,Shopping Rio de Janeiro
24874,1,20/01/2026,Shopping Rio de Janeiro
24875,1,20/01/2026,Shopping Rio de Janeiro
24876,1,20/01/2026,Shopping Rio de Janeiro
24877,1,20/01/2026,Shopping Rio de Janeiro
24878,1,20/01/2026,Shopping Rio de Janeiro
24879,0,20/01/2026,Shopping Rio de Janeiro
24880,2,20/01/2026,Shopping Rio de Janeiro
24881,1,20/01/2026,Shopping Rio de Janeiro
24882,1,20/01/2026,Shopping Rio de Janeiro
24883,0,20/01/2026,Shopping Rio de Janeiro
24884,1,20/01/2026,Shopping Rio de Janeiro
24885,1,20/01/2026,Shopping Rio de Janeiro
24886,2,20/01/2026,Shopping Rio de Janeiro
24887,0,20/01/2026,Shopping Rio de Janeiro
24888,1,20/01/2026,Shopping Rio de Janeiro
24889,2,20/01/2026,Shopping Rio de Janeiro
24891,1,20/01/2026,Shopping Rio de Janeiro
24892,1,20/01/2026,Shopping Rio de Janeiro
24894,3,20/01/2026,Shopping Rio de Janeiro
24899,3,20/01/2026,Shopping Rio de Janeiro
24900,3,20/01/2026,Shopping Rio de Janeiro
24901,2,20/01/2026,Shopping Rio de Janeiro
24923,0,20/01/2026,Shopping Rio de Janeiro
24924,0,20/01/2026,Shopping Rio de Janeiro
24925,0,20/01/2026,Shopping Rio de Janeiro
24927,0,20/01/2026,Shopping Rio de Janeiro
24928,0,20/01/2026,Shopping Rio de Janeiro
24929,0,20/01/2026,Shopping Rio de Janeiro
24930,0,20/01/2026,Shopping Rio de Janeiro
24932,0,20/01/2026,Shopping Rio de Janeiro
24933,0,20/01/2026,Shopping Rio de Janeiro
24934,0,20/01/2026,Shopping Rio de Janeiro
24935,0,20/01/2026,Shopping Rio de Janeiro
24947,0,20/01/2026,Shopping Rio de Janeiro
24948,0,20/01/2026,Shopping Rio de Janeiro
24949,0,20/01/2026,Shopping Rio de Janeiro
24950,0,20/01/2026,Shopping Rio de Janeiro
24951,0,20/01/2026,Shopping Rio de Janeiro
24952,0,20/01/2026,Shopping Rio de Janeiro
24953,0,20/01/2026,Shopping Rio de Janeiro
24954,0,20/01/2026,Shopping Rio de Janeiro
24955,0,20/01/2026,Shopping Rio de Janeiro
24956,0,20/01/2026,Shopping Rio de Janeiro
24957,0,20/01/2026,Shopping Rio de Janeiro
24958,0,20/01/2026,Shopping Rio de Janeiro
24959,0,20/01/2026,Shopping Rio de Janeiro
24960,0,20/01/2026,Shopping Rio de Janeiro
24961,0,20/01/2026,Shopping Rio de Janeiro
24962,1,20/01/2026,Shopping Rio de Janeiro
24964,0,20/01/2026,Shopping Rio de Janeiro
24965,0,20/01/2026,Shopping Rio de Janeiro
24966,0,20/01/2026,Shopping Rio de Janeiro
24967,0,20/01/2026,Shopping Rio de Janeiro
24968,0,20/01/2026,Shopping Rio de Janeiro
24969,0,20/01/2026,Shopping Rio de Janeiro
24970,0,20/01/2026,Shopping Rio de Janeiro
24971,0,20/01/2026,Shopping Rio de Janeiro
24972,0,20/01/2026,Shopping Rio de Janeiro
24973,0,20/01/2026,Shopping Rio de Janeiro
24974,0,20/01/2026,Shopping Rio de Janeiro
24975,0,20/01/2026,Shopping Rio de Janeiro
24976,0,20/01/2026,Shopping Rio de Janeiro
24977,0,20/01/2026,Shopping Rio de Janeiro
24978,0,20/01/2026,Shopping Rio de Janeiro
24979,0,20/01/2026,Shopping Rio de Janeiro
24980,0,20/01/2026,Shopping Rio de Janeiro
24981,0,20/01/2026,Shopping Rio de Janeiro
24982,0,20/01/2026,Shopping Rio de Janeiro
24983,0,20/01/2026,Shopping Rio de Janeiro
24984,0,20/01/2026,Shopping Rio de Janeiro
24985,1,20/01/2026,Shopping Rio de Janeiro
24987,1,20/01/2026,Shopping Rio de Janeiro
25007,0,20/01/2026,Shopping Rio de Janeiro
25008,0,20/01/2026,Shopping Rio de Janeiro
25011,0,20/01/2026,Shopping Rio de Janeiro
25012,0,20/01/2026,Shopping Rio de Janeiro
25013,0,20/01/2026,Shopping Rio de Janeiro
25015,0,20/01/2026,Shopping Rio de Janeiro
25018,1,20/01/2026,Shopping Rio de Janeiro
25104,4,20/01/2026,Shopping Rio de Janeiro
25160,2,20/01/2026,Shopping Rio de Janeiro
25176,5,20/01/2026,Shopping Rio de Janeiro
25178,3,20/01/2026,Shopping Rio de Janeiro
25227,0,20/01/2026,Shopping Rio de Janeiro
25228,3,20/01/2026,Shopping Rio de Janeiro
25229,0,20/01/2026,Shopping Rio de Janeiro
25232,3,20/01/2026,Shopping Rio de Janeiro
25238,2,20/01/2026,Shopping Rio de Janeiro
25247,2,20/01/2026,Shopping Rio de Janeiro
25248,3,20/01/2026,Shopping Rio de Janeiro
25259,0,20/01/2026,Shopping Rio de Janeiro
25260,0,20/01/2026,Shopping Rio de Janeiro
25261,0,20/01/2026,Shopping Rio de Janeiro
25262,0,20/01/2026,Shopping Rio de Janeiro
25263,0,20/01/2026,Shopping Rio de Janeiro
25264,0,20/01/2026,Shopping Rio de Janeiro
25265,2,20/01/2026,Shopping Rio de Janeiro
25266,0,20/01/2026,Shopping Rio de Janeiro
25267,0,20/01/2026,Shopping Rio de Janeiro
25273,0,20/01/2026,Shopping Rio de Janeiro
25288,2,20/01/2026,Shopping Rio de Janeiro
25289,0,20/01/2026,Shopping Rio de Janeiro
25330,2,20/01/2026,Shopping Rio de Janeiro
25331,0,20/01/2026,Shopping Rio de Janeiro
25368,3,20/01/2026,Shopping Rio de Janeiro
25370,2,20/01/2026,Shopping Rio de Janeiro
25371,3,20/01/2026,Shopping Rio de Janeiro
25373,2,20/01/2026,Shopping Rio de Janeiro
25378,2,20/01/2026,Shopping Rio de Janeiro
25414,2,20/01/2026,Shopping Rio de Janeiro
25415,2,20/01/2026,Shopping Rio de Janeiro
25416,0,20/01/2026,Shopping Rio de Janeiro
25418,0,20/01/2026,Shopping Rio de Janeiro
25419,1,20/01/2026,Shopping Rio de Janeiro
25420,0,20/01/2026,Shopping Rio de Janeiro
25423,1,20/01/2026,Shopping Rio de Janeiro
25424,0,20/01/2026,Shopping Rio de Janeiro
25425,0,20/01/2026,Shopping Rio de Janeiro
25426,0,20/01/2026,Shopping Rio de Janeiro
25427,0,20/01/2026,Shopping Rio de Janeiro
25428,0,20/01/2026,Shopping Rio de Janeiro
25429,0,20/01/2026,Shopping Rio de Janeiro
25430,0,20/01/2026,Shopping Rio de Janeiro
25431,0,20/01/2026,Shopping Rio de Janeiro
25432,2,20/01/2026,Shopping Rio de Janeiro
25433,0,20/01/2026,Shopping Rio de Janeiro
25434,0,20/01/2026,Shopping Rio de Janeiro
25435,3,20/01/2026,Shopping Rio de Janeiro
25437,0,20/01/2026,Shopping Rio de Janeiro
25438,2,20/01/2026,Shopping Rio de Janeiro
25440,1,20/01/2026,Shopping Rio de Janeiro
25441,0,20/01/2026,Shopping Rio de Janeiro
25442,0,20/01/2026,Shopping Rio de Janeiro
25443,0,20/01/2026,Shopping Rio de Janeiro
25444,0,20/01/2026,Shopping Rio de Janeiro
25445,0,20/01/2026,Shopping Rio de Janeiro
25447,0,20/01/2026,Shopping Rio de Janeiro
25448,0,20/01/2026,Shopping Rio de Janeiro
25449,2,20/01/2026,Shopping Rio de Janeiro
25450,1,20/01/2026,Shopping Rio de Janeiro
25451,2,20/01/2026,Shopping Rio de Janeiro
25487,2,20/01/2026,Shopping Rio de Janeiro
25488,2,20/01/2026,Shopping Rio de Janeiro
25489,1,20/01/2026,Shopping Rio de Janeiro
25490,1,20/01/2026,Shopping Rio de Janeiro
25491,2,20/01/2026,Shopping Rio de Janeiro
25492,0,20/01/2026,Shopping Rio de Janeiro
25493,1,20/01/2026,Shopping Rio de Janeiro
25494,1,20/01/2026,Shopping Rio de Janeiro
25495,2,20/01/2026,Shopping Rio de Janeiro
25499,0,20/01/2026,Shopping Rio de Janeiro
25633,2,20/01/2026,Shopping Rio de Janeiro
25634,2,20/01/2026,Shopping Rio de Janeiro
25671,0,20/01/2026,Shopping Rio de Janeiro
25718,2,20/01/2026,Shopping Rio de Janeiro
25719,4,20/01/2026,Shopping Rio de Janeiro
25720,3,20/01/2026,Shopping Rio de Janeiro
25721,4,20/01/2026,Shopping Rio de Janeiro
25722,2,20/01/2026,Shopping Rio de Janeiro
25723,2,20/01/2026,Shopping Rio de Janeiro
25724,1,20/01/2026,Shopping Rio de Janeiro
25725,0,20/01/2026,Shopping Rio de Janeiro
25726,0,20/01/2026,Shopping Rio de Janeiro
25727,1,20/01/2026,Shopping Rio de Janeiro
25728,2,20/01/2026,Shopping Rio de Janeiro
25729,1,20/01/2026,Shopping Rio de Janeiro
25730,1,20/01/2026,Shopping Rio de Janeiro
25731,0,20/01/2026,Shopping Rio de Janeiro
25732,1,20/01/2026,Shopping Rio de Janeiro
25733,1,20/01/2026,Shopping Rio de Janeiro
25734,1,20/01/2026,Shopping Rio de Janeiro
25735,0,20/01/2026,Shopping Rio de Janeiro
25736,1,20/01/2026,Shopping Rio de Janeiro
25737,0,20/01/2026,Shopping Rio de Janeiro
25738,3,20/01/2026,Shopping Rio de Janeiro
25739,1,20/01/2026,Shopping Rio de Janeiro
25740,2,20/01/2026,Shopping Rio de Janeiro
25741,2,20/01/2026,Shopping Rio de Janeiro
25742,3,20/01/2026,Shopping Rio de Janeiro
25743,3,20/01/2026,Shopping Rio de Janeiro
25744,1,20/01/2026,Shopping Rio de Janeiro
25745,2,20/01/2026,Shopping Rio de Janeiro
25746,1,20/01/2026,Shopping Rio de Janeiro
25747,0,20/01/2026,Shopping Rio de Janeiro
25748,2,20/01/2026,Shopping Rio de Janeiro
25749,4,20/01/2026,Shopping Rio de Janeiro
25750,1,20/01/2026,Shopping Rio de Janeiro
25751,2,20/01/2026,Shopping Rio de Janeiro
25752,2,20/01/2026,Shopping Rio de Janeiro
25753,2,20/01/2026,Shopping Rio de Janeiro
25755,1,20/01/2026,Shopping Rio de Janeiro
25756,5,20/01/2026,Shopping Rio de Janeiro
25757,2,20/01/2026,Shopping Rio de Janeiro
25788,1,20/01/2026,Shopping Rio de Janeiro
25796,2,20/01/2026,Shopping Rio de Janeiro
25797,1,20/01/2026,Shopping Rio de Janeiro
25800,0,20/01/2026,Shopping Rio de Janeiro
25808,0,20/01/2026,Shopping Rio de Janeiro
25810,0,20/01/2026,Shopping Rio de Janeiro
25811,0,20/01/2026,Shopping Rio de Janeiro
25812,0,20/01/2026,Shopping Rio de Janeiro
25813,0,20/01/2026,Shopping Rio de Janeiro
25814,0,20/01/2026,Shopping Rio de Janeiro
25815,0,20/01/2026,Shopping Rio de Janeiro
25816,0,20/01/2026,Shopping Rio de Janeiro
25817,0,20/01/2026,Shopping Rio de Janeiro
25818,0,20/01/2026,Shopping Rio de Janeiro
25819,0,20/01/2026,Shopping Rio de Janeiro
25831,0,20/01/2026,Shopping Rio de Janeiro
25838,1,20/01/2026,Shopping Rio de Janeiro
25840,0,20/01/2026,Shopping Rio de Janeiro
25842,2,20/01/2026,Shopping Rio de Janeiro
25846,0,20/01/2026,Shopping Rio de Janeiro
25849,0,20/01/2026,Shopping Rio de Janeiro
25854,0,20/01/2026,Shopping Rio de Janeiro
25855,0,20/01/2026,Shopping Rio de Janeiro
25856,0,20/01/2026,Shopping Rio de Janeiro
25857,0,20/01/2026,Shopping Rio de Janeiro
25858,0,20/01/2026,Shopping Rio de Janeiro
25859,1,20/01/2026,Shopping Rio de Janeiro
25860,0,20/01/2026,Shopping Rio de Janeiro
25862,0,20/01/2026,Shopping Rio de Janeiro
25868,0,20/01/2026,Shopping Rio de Janeiro
25869,1,20/01/2026,Shopping Rio de Janeiro
25880,0,20/01/2026,Shopping Rio de Janeiro
25881,0,20/01/2026,Shopping Rio de Janeiro
25883,0,20/01/2026,Shopping Rio de Janeiro
26056,2,20/01/2026,Shopping Rio de Janeiro
26057,0,20/01/2026,Shopping Rio de Janeiro
26067,0,20/01/2026,Shopping Rio de Janeiro
26092,2,20/01/2026,Shopping Rio de Janeiro
26093,2,20/01/2026,Shopping Rio de Janeiro
26094,2,20/01/2026,Shopping Rio de Janeiro
26101,0,20/01/2026,Shopping Rio de Janeiro
26131,0,20/01/2026,Shopping Rio de Janeiro
26132,3,20/01/2026,Shopping Rio de Janeiro
26139,3,20/01/2026,Shopping Rio de Janeiro
26140,1,20/01/2026,Shopping Rio de Janeiro
26177,0,20/01/2026,Shopping Rio de Janeiro
26178,3,20/01/2026,Shopping Rio de Janeiro
26179,3,20/01/2026,Shopping Rio de Janeiro
26180,3,20/01/2026,Shopping Rio de Janeiro
26181,3,20/01/2026,Shopping Rio de Janeiro
26182,1,20/01/2026,Shopping Rio de Janeiro
26183,1,20/01/2026,Shopping Rio de Janeiro
26184,1,20/01/2026,Shopping Rio de Janeiro
26185,1,20/01/2026,Shopping Rio de Janeiro
26190,5,20/01/2026,Shopping Rio de Janeiro
26202,2,20/01/2026,Shopping Rio de Janeiro
26203,2,20/01/2026,Shopping Rio de Janeiro
26204,1,20/01/2026,Shopping Rio de Janeiro
26205,0,20/01/2026,Shopping Rio de Janeiro
26206,2,20/01/2026,Shopping Rio de Janeiro
26207,3,20/01/2026,Shopping Rio de Janeiro
26208,1,20/01/2026,Shopping Rio de Janeiro
26209,3,20/01/2026,Shopping Rio de Janeiro
26210,2,20/01/2026,Shopping Rio de Janeiro
26211,2,20/01/2026,Shopping Rio de Janeiro
26212,2,20/01/2026,Shopping Rio de Janeiro
26213,1,20/01/2026,Shopping Rio de Janeiro
26214,3,20/01/2026,Shopping Rio de Janeiro
26215,2,20/01/2026,Shopping Rio de Janeiro
26216,4,20/01/2026,Shopping Rio de Janeiro
26217,4,20/01/2026,Shopping Rio de Janeiro
26218,3,20/01/2026,Shopping Rio de Janeiro
26219,2,20/01/2026,Shopping Rio de Janeiro
26220,3,20/01/2026,Shopping Rio de Janeiro
26221,4,20/01/2026,Shopping Rio de Janeiro
26243,1,20/01/2026,Shopping Rio de Janeiro
26244,1,20/01/2026,Shopping Rio de Janeiro
26245,1,20/01/2026,Shopping Rio de Janeiro
26258,0,20/01/2026,Shopping Rio de Janeiro
26260,0,20/01/2026,Shopping Rio de Janeiro
26268,10,20/01/2026,Shopping Rio de Janeiro
26269,4,20/01/2026,Shopping Rio de Janeiro
26270,2,20/01/2026,Shopping Rio de Janeiro
26275,1,20/01/2026,Shopping Rio de Janeiro
26278,2,20/01/2026,Shopping Rio de Janeiro
26294,4,20/01/2026,Shopping Rio de Janeiro
26322,0,20/01/2026,Shopping Rio de Janeiro
26326,1,20/01/2026,Shopping Rio de Janeiro
26365,0,20/01/2026,Shopping Rio de Janeiro
26366,2,20/01/2026,Shopping Rio de Janeiro
26367,0,20/01/2026,Shopping Rio de Janeiro
26368,0,20/01/2026,Shopping Rio de Janeiro
26369,0,20/01/2026,Shopping Rio de Janeiro
26370,0,20/01/2026,Shopping Rio de Janeiro
26371,1,20/01/2026,Shopping Rio de Janeiro
26372,0,20/01/2026,Shopping Rio de Janeiro
26373,0,20/01/2026,Shopping Rio de Janeiro
26374,2,20/01/2026,Shopping Rio de Janeiro
26375,0,20/01/2026,Shopping Rio de Janeiro
26376,0,20/01/2026,Shopping Rio de Janeiro
26377,3,20/01/2026,Shopping Rio de Janeiro
26378,1,20/01/2026,Shopping Rio de Janeiro
26379,0,20/01/2026,Shopping Rio de Janeiro
26380,0,20/01/2026,Shopping Rio de Janeiro
26381,0,20/01/2026,Shopping Rio de Janeiro
26382,0,20/01/2026,Shopping Rio de Janeiro
26383,0,20/01/2026,Shopping Rio de Janeiro
26384,2,20/01/2026,Shopping Rio de Janeiro
26385,3,20/01/2026,Shopping Rio de Janeiro
26386,3,20/01/2026,Shopping Rio de Janeiro
26387,2,20/01/2026,Shopping Rio de Janeiro
26388,2,20/01/2026,Shopping Rio de Janeiro
26389,2,20/01/2026,Shopping Rio de Janeiro
26399,1,20/01/2026,Shopping Rio de Janeiro
26400,1,20/01/2026,Shopping Rio de Janeiro
26401,1,20/01/2026,Shopping Rio de Janeiro
26402,2,20/01/2026,Shopping Rio de Janeiro
26403,1,20/01/2026,Shopping Rio de Janeiro
26404,0,20/01/2026,Shopping Rio de Janeiro
26405,1,20/01/2026,Shopping Rio de Janeiro
26406,1,20/01/2026,Shopping Rio de Janeiro
26407,0,20/01/2026,Shopping Rio de Janeiro
26408,0,20/01/2026,Shopping Rio de Janeiro
26409,0,20/01/2026,Shopping Rio de Janeiro
26410,0,20/01/2026,Shopping Rio de Janeiro
26411,2,20/01/2026,Shopping Rio de Janeiro
26412,3,20/01/2026,Shopping Rio de Janeiro
26413,2,20/01/2026,Shopping Rio de Janeiro
26414,2,20/01/2026,Shopping Rio de Janeiro
26415,2,20/01/2026,Shopping Rio de Janeiro
26450,0,20/01/2026,Shopping Rio de Janeiro
26583,0,20/01/2026,Shopping Rio de Janeiro
26589,0,20/01/2026,Shopping Rio de Janeiro
26590,3,20/01/2026,Shopping Rio de Janeiro
26598,2,20/01/2026,Shopping Rio de Janeiro
26599,3,20/01/2026,Shopping Rio de Janeiro
26600,3,20/01/2026,Shopping Rio de Janeiro
26601,7,20/01/2026,Shopping Rio de Janeiro
26692,0,20/01/2026,Shopping Rio de Janeiro
26721,3,20/01/2026,Shopping Rio de Janeiro
26722,3,20/01/2026,Shopping Rio de Janeiro
26723,2,20/01/2026,Shopping Rio de Janeiro
26745,0,20/01/2026,Shopping Rio de Janeiro
26746,0,20/01/2026,Shopping Rio de Janeiro
26747,0,20/01/2026,Shopping Rio de Janeiro
26748,0,20/01/2026,Shopping Rio de Janeiro
26749,0,20/01/2026,Shopping Rio de Janeiro
26750,0,20/01/2026,Shopping Rio de Janeiro
26751,0,20/01/2026,Shopping Rio de Janeiro
26752,0,20/01/2026,Shopping Rio de Janeiro
26753,0,20/01/2026,Shopping Rio de Janeiro
26754,0,20/01/2026,Shopping Rio de Janeiro
26755,1,20/01/2026,Shopping Rio de Janeiro
26756,1,20/01/2026,Shopping Rio de Janeiro
26757,1,20/01/2026,Shopping Rio de Janeiro
26758,0,20/01/2026,Shopping Rio de Janeiro
26759,1,20/01/2026,Shopping Rio de Janeiro
26760,2,20/01/2026,Shopping Rio de Janeiro
26761,1,20/01/2026,Shopping Rio de Janeiro
26762,1,20/01/2026,Shopping Rio de Janeiro
26764,0,20/01/2026,Shopping Rio de Janeiro
26766,3,20/01/2026,Shopping Rio de Janeiro
26767,1,20/01/2026,Shopping Rio de Janeiro
26768,4,20/01/2026,Shopping Rio de Janeiro
26769,2,20/01/2026,Shopping Rio de Janeiro
26815,1,20/01/2026,Shopping Rio de Janeiro
26829,1,20/01/2026,Shopping Rio de Janeiro
26842,1,20/01/2026,Shopping Rio de Janeiro
26843,0,20/01/2026,Shopping Rio de Janeiro
26844,0,20/01/2026,Shopping Rio de Janeiro
26845,1,20/01/2026,Shopping Rio de Janeiro
26923,0,20/01/2026,Shopping Rio de Janeiro
26931,1,20/01/2026,Shopping Rio de Janeiro
26932,2,20/01/2026,Shopping Rio de Janeiro
26934,1,20/01/2026,Shopping Rio de Janeiro
26935,2,20/01/2026,Shopping Rio de Janeiro
26936,2,20/01/2026,Shopping Rio de Janeiro
26938,2,20/01/2026,Shopping Rio de Janeiro
26940,2,20/01/2026,Shopping Rio de Janeiro
26942,2,20/01/2026,Shopping Rio de Janeiro
26944,2,20/01/2026,Shopping Rio de Janeiro
26945,1,20/01/2026,Shopping Rio de Janeiro
26946,2,20/01/2026,Shopping Rio de Janeiro
26947,2,20/01/2026,Shopping Rio de Janeiro
26948,2,20/01/2026,Shopping Rio de Janeiro
26949,2,20/01/2026,Shopping Rio de Janeiro
26950,3,20/01/2026,Shopping Rio de Janeiro
26951,2,20/01/2026,Shopping Rio de Janeiro
26952,2,20/01/2026,Shopping Rio de Janeiro
26953,2,20/01/2026,Shopping Rio de Janeiro
26954,2,20/01/2026,Shopping Rio de Janeiro
26955,2,20/01/2026,Shopping Rio de Janeiro
26957,1,20/01/2026,Shopping Rio de Janeiro
26958,4,20/01/2026,Shopping Rio de Janeiro
26959,3,20/01/2026,Shopping Rio de Janeiro
26960,0,20/01/2026,Shopping Rio de Janeiro
26975,0,20/01/2026,Shopping Rio de Janeiro
26978,0,20/01/2026,Shopping Rio de Janeiro
26979,3,20/01/2026,Shopping Rio de Janeiro
27003,1,20/01/2026,Shopping Rio de Janeiro
27013,0,20/01/2026,Shopping Rio de Janeiro
27017,0,20/01/2026,Shopping Rio de Janeiro
27027,0,20/01/2026,Shopping Rio de Janeiro
27028,2,20/01/2026,Shopping Rio de Janeiro
27029,0,20/01/2026,Shopping Rio de Janeiro
27030,0,20/01/2026,Shopping Rio de Janeiro
27031,0,20/01/2026,Shopping Rio de Janeiro
27032,0,20/01/2026,Shopping Rio de Janeiro
27055,3,20/01/2026,Shopping Rio de Janeiro
27056,3,20/01/2026,Shopping Rio de Janeiro
27057,3,20/01/2026,Shopping Rio de Janeiro
27058,2,20/01/2026,Shopping Rio de Janeiro
27059,3,20/01/2026,Shopping Rio de Janeiro
27060,3,20/01/2026,Shopping Rio de Janeiro
27061,3,20/01/2026,Shopping Rio de Janeiro
27062,3,20/01/2026,Shopping Rio de Janeiro
27063,3,20/01/2026,Shopping Rio de Janeiro
27064,2,20/01/2026,Shopping Rio de Janeiro
27065,2,20/01/2026,Shopping Rio de Janeiro
27066,2,20/01/2026,Shopping Rio de Janeiro
27067,3,20/01/2026,Shopping Rio de Janeiro
27068,3,20/01/2026,Shopping Rio de Janeiro
27069,1,20/01/2026,Shopping Rio de Janeiro
27070,3,20/01/2026,Shopping Rio de Janeiro
27071,2,20/01/2026,Shopping Rio de Janeiro
27072,2,20/01/2026,Shopping Rio de Janeiro
27090,3,20/01/2026,Shopping Rio de Janeiro
27097,3,20/01/2026,Shopping Rio de Janeiro
27098,1,20/01/2026,Shopping Rio de Janeiro
27108,3,20/01/2026,Shopping Rio de Janeiro
27109,2,20/01/2026,Shopping Rio de Janeiro
27110,1,20/01/2026,Shopping Rio de Janeiro
27111,2,20/01/2026,Shopping Rio de Janeiro
27112,1,20/01/2026,Shopping Rio de Janeiro
27113,5,20/01/2026,Shopping Rio de Janeiro
27114,1,20/01/2026,Shopping Rio de Janeiro
27115,1,20/01/2026,Shopping Rio de Janeiro
27116,1,20/01/2026,Shopping Rio de Janeiro
27125,1,20/01/2026,Shopping Rio de Janeiro
27130,1,20/01/2026,Shopping Rio de Janeiro
27131,0,20/01/2026,Shopping Rio de Janeiro
27132,0,20/01/2026,Shopping Rio de Janeiro
27133,0,20/01/2026,Shopping Rio de Janeiro
27184,1,20/01/2026,Shopping Rio de Janeiro
27188,0,20/01/2026,Shopping Rio de Janeiro
27189,3,20/01/2026,Shopping Rio de Janeiro
27190,0,20/01/2026,Shopping Rio de Janeiro
27191,0,20/01/2026,Shopping Rio de Janeiro
27192,0,20/01/2026,Shopping Rio de Janeiro
27193,0,20/01/2026,Shopping Rio de Janeiro
27211,0,20/01/2026,Shopping Rio de Janeiro
27219,0,20/01/2026,Shopping Rio de Janeiro
27227,1,20/01/2026,Shopping Rio de Janeiro
27229,1,20/01/2026,Shopping Rio de Janeiro
27230,0,20/01/2026,Shopping Rio de Janeiro
27231,0,20/01/2026,Shopping Rio de Janeiro
27233,1,20/01/2026,Shopping Rio de Janeiro
27234,1,20/01/2026,Shopping Rio de Janeiro
27235,1,20/01/2026,Shopping Rio de Janeiro
27238,1,20/01/2026,Shopping Rio de Janeiro
27251,2,20/01/2026,Shopping Rio de Janeiro
27252,3,20/01/2026,Shopping Rio de Janeiro
27253,1,20/01/2026,Shopping Rio de Janeiro
27254,2,20/01/2026,Shopping Rio de Janeiro
27256,0,20/01/2026,Shopping Rio de Janeiro
27257,2,20/01/2026,Shopping Rio de Janeiro
27258,1,20/01/2026,Shopping Rio de Janeiro
27259,0,20/01/2026,Shopping Rio de Janeiro
27260,0,20/01/2026,Shopping Rio de Janeiro
27261,2,20/01/2026,Shopping Rio de Janeiro
27262,0,20/01/2026,Shopping Rio de Janeiro
27263,0,20/01/2026,Shopping Rio de Janeiro
27264,1,20/01/2026,Shopping Rio de Janeiro
27265,1,20/01/2026,Shopping Rio de Janeiro
27273,2,20/01/2026,Shopping Rio de Janeiro
27274,1,20/01/2026,Shopping Rio de Janeiro
27275,2,20/01/2026,Shopping Rio de Janeiro
27276,2,20/01/2026,Shopping Rio de Janeiro
27277,2,20/01/2026,Shopping Rio de Janeiro
27278,2,20/01/2026,Shopping Rio de Janeiro
27279,2,20/01/2026,Shopping Rio de Janeiro
27280,2,20/01/2026,Shopping Rio de Janeiro
27281,2,20/01/2026,Shopping Rio de Janeiro
27282,2,20/01/2026,Shopping Rio de Janeiro
27283,2,20/01/2026,Shopping Rio de Janeiro
27284,3,20/01/2026,Shopping Rio de Janeiro
27285,2,20/01/2026,Shopping Rio de Janeiro
27286,2,20/01/2026,Shopping Rio de Janeiro
27287,0,20/01/2026,Shopping Rio de Janeiro
27449,4,20/01/2026,Shopping Rio de Janeiro
27482,0,20/01/2026,Shopping Rio de Janeiro
27483,0,20/01/2026,Shopping Rio de Janeiro
27491,0,20/01/2026,Shopping Rio de Janeiro
27495,3,20/01/2026,Shopping Rio de Janeiro
27496,2,20/01/2026,Shopping Rio de Janeiro
27497,3,20/01/2026,Shopping Rio de Janeiro
27498,0,20/01/2026,Shopping Rio de Janeiro
27509,0,20/01/2026,Shopping Rio de Janeiro
27510,0,20/01/2026,Shopping Rio de Janeiro
27511,0,20/01/2026,Shopping Rio de Janeiro
27532,2,20/01/2026,Shopping Rio de Janeiro
27533,0,20/01/2026,Shopping Rio de Janeiro
27534,0,20/01/2026,Shopping Rio de Janeiro
27535,0,20/01/2026,Shopping Rio de Janeiro
27537,0,20/01/2026,Shopping Rio de Janeiro
27538,0,20/01/2026,Shopping Rio de Janeiro
27539,1,20/01/2026,Shopping Rio de Janeiro
27540,0,20/01/2026,Shopping Rio de Janeiro
27541,0,20/01/2026,Shopping Rio de Janeiro
27551,1,20/01/2026,Shopping Rio de Janeiro
27634,0,20/01/2026,Shopping Rio de Janeiro
27660,0,20/01/2026,Shopping Rio de Janeiro
27662,0,20/01/2026,Shopping Rio de Janeiro
27669,0,20/01/2026,Shopping Rio de Janeiro
27673,2,20/01/2026,Shopping Rio de Janeiro
27715,0,20/01/2026,Shopping Rio de Janeiro
27716,1,20/01/2026,Shopping Rio de Janeiro
313,0,20/01/2026,Shopping Vila Velha
322,0,20/01/2026,Shopping Vila Velha
338,0,20/01/2026,Shopping Vila Velha
341,0,20/01/2026,Shopping Vila Velha
398,0,20/01/2026,Shopping Vila Velha
610,0,20/01/2026,Shopping Vila Velha
674,0,20/01/2026,Shopping Vila Velha
727,0,20/01/2026,Shopping Vila Velha
887,1,20/01/2026,Shopping Vila Velha
888,0,20/01/2026,Shopping Vila Velha
889,0,20/01/2026,Shopping Vila Velha
890,0,20/01/2026,Shopping Vila Velha
1049,0,20/01/2026,Shopping Vila Velha
1100,0,20/01/2026,Shopping Vila Velha
1109,0,20/01/2026,Shopping Vila Velha
1119,0,20/01/2026,Shopping Vila Velha
1276,0,20/01/2026,Shopping Vila Velha
1277,0,20/01/2026,Shopping Vila Velha
1362,0,20/01/2026,Shopping Vila Velha
1363,0,20/01/2026,Shopping Vila Velha
1367,0,20/01/2026,Shopping Vila Velha
1368,0,20/01/2026,Shopping Vila Velha
1405,1,20/01/2026,Shopping Vila Velha
1438,0,20/01/2026,Shopping Vila Velha
1499,0,20/01/2026,Shopping Vila Velha
1526,0,20/01/2026,Shopping Vila Velha
1712,0,20/01/2026,Shopping Vila Velha
1941,0,20/01/2026,Shopping Vila Velha
2197,0,20/01/2026,Shopping Vila Velha
2200,0,20/01/2026,Shopping Vila Velha
2202,0,20/01/2026,Shopping Vila Velha
2207,0,20/01/2026,Shopping Vila Velha
2208,0,20/01/2026,Shopping Vila Velha
2217,0,20/01/2026,Shopping Vila Velha
2398,0,20/01/2026,Shopping Vila Velha
2403,0,20/01/2026,Shopping Vila Velha
2617,0,20/01/2026,Shopping Vila Velha
2646,0,20/01/2026,Shopping Vila Velha
2693,0,20/01/2026,Shopping Vila Velha
2697,0,20/01/2026,Shopping Vila Velha
2721,0,20/01/2026,Shopping Vila Velha
2723,0,20/01/2026,Shopping Vila Velha
2725,0,20/01/2026,Shopping Vila Velha
2811,0,20/01/2026,Shopping Vila Velha
2842,0,20/01/2026,Shopping Vila Velha
2844,0,20/01/2026,Shopping Vila Velha
2845,0,20/01/2026,Shopping Vila Velha
2867,0,20/01/2026,Shopping Vila Velha
2881,0,20/01/2026,Shopping Vila Velha
2930,0,20/01/2026,Shopping Vila Velha
3056,0,20/01/2026,Shopping Vila Velha
3065,0,20/01/2026,Shopping Vila Velha
3099,0,20/01/2026,Shopping Vila Velha
3147,0,20/01/2026,Shopping Vila Velha
3190,0,20/01/2026,Shopping Vila Velha
3406,0,20/01/2026,Shopping Vila Velha
3462,0,20/01/2026,Shopping Vila Velha
3532,0,20/01/2026,Shopping Vila Velha
3533,1,20/01/2026,Shopping Vila Velha
3554,4,20/01/2026,Shopping Vila Velha
3555,4,20/01/2026,Shopping Vila Velha
3556,6,20/01/2026,Shopping Vila Velha
3573,0,20/01/2026,Shopping Vila Velha
3746,0,20/01/2026,Shopping Vila Velha
3747,1,20/01/2026,Shopping Vila Velha
3751,0,20/01/2026,Shopping Vila Velha
3800,0,20/01/2026,Shopping Vila Velha
3823,0,20/01/2026,Shopping Vila Velha
3825,0,20/01/2026,Shopping Vila Velha
3871,0,20/01/2026,Shopping Vila Velha
3882,4,20/01/2026,Shopping Vila Velha
3901,0,20/01/2026,Shopping Vila Velha
3904,0,20/01/2026,Shopping Vila Velha
3905,0,20/01/2026,Shopping Vila Velha
3906,0,20/01/2026,Shopping Vila Velha
3969,0,20/01/2026,Shopping Vila Velha
4028,0,20/01/2026,Shopping Vila Velha
4030,0,20/01/2026,Shopping Vila Velha
4031,0,20/01/2026,Shopping Vila Velha
4032,0,20/01/2026,Shopping Vila Velha
4033,0,20/01/2026,Shopping Vila Velha
4034,0,20/01/2026,Shopping Vila Velha
4035,0,20/01/2026,Shopping Vila Velha
4054,0,20/01/2026,Shopping Vila Velha
4111,0,20/01/2026,Shopping Vila Velha
4112,0,20/01/2026,Shopping Vila Velha
4113,0,20/01/2026,Shopping Vila Velha
4114,0,20/01/2026,Shopping Vila Velha
4140,0,20/01/2026,Shopping Vila Velha
4141,0,20/01/2026,Shopping Vila Velha
4147,0,20/01/2026,Shopping Vila Velha
4148,0,20/01/2026,Shopping Vila Velha
4149,0,20/01/2026,Shopping Vila Velha
4160,0,20/01/2026,Shopping Vila Velha
4310,0,20/01/2026,Shopping Vila Velha
4312,0,20/01/2026,Shopping Vila Velha
4325,0,20/01/2026,Shopping Vila Velha
4347,0,20/01/2026,Shopping Vila Velha
4348,1,20/01/2026,Shopping Vila Velha
4349,1,20/01/2026,Shopping Vila Velha
4350,0,20/01/2026,Shopping Vila Velha
4351,0,20/01/2026,Shopping Vila Velha
4352,0,20/01/2026,Shopping Vila Velha
4353,0,20/01/2026,Shopping Vila Velha
4354,0,20/01/2026,Shopping Vila Velha
4355,0,20/01/2026,Shopping Vila Velha
4356,0,20/01/2026,Shopping Vila Velha
4357,0,20/01/2026,Shopping Vila Velha
4358,0,20/01/2026,Shopping Vila Velha
4359,0,20/01/2026,Shopping Vila Velha
4362,0,20/01/2026,Shopping Vila Velha
4363,0,20/01/2026,Shopping Vila Velha
4364,0,20/01/2026,Shopping Vila Velha
4365,0,20/01/2026,Shopping Vila Velha
4366,0,20/01/2026,Shopping Vila Velha
4367,0,20/01/2026,Shopping Vila Velha
4368,2,20/01/2026,Shopping Vila Velha
4372,0,20/01/2026,Shopping Vila Velha
4380,2,20/01/2026,Shopping Vila Velha
4382,0,20/01/2026,Shopping Vila Velha
4395,0,20/01/2026,Shopping Vila Velha
4434,0,20/01/2026,Shopping Vila Velha
4456,0,20/01/2026,Shopping Vila Velha
4457,0,20/01/2026,Shopping Vila Velha
4459,0,20/01/2026,Shopping Vila Velha
4460,0,20/01/2026,Shopping Vila Velha
4497,2,20/01/2026,Shopping Vila Velha
4499,0,20/01/2026,Shopping Vila Velha
4550,0,20/01/2026,Shopping Vila Velha
4600,0,20/01/2026,Shopping Vila Velha
4658,2,20/01/2026,Shopping Vila Velha
4660,0,20/01/2026,Shopping Vila Velha
4687,0,20/01/2026,Shopping Vila Velha
4688,0,20/01/2026,Shopping Vila Velha
4700,0,20/01/2026,Shopping Vila Velha
4725,0,20/01/2026,Shopping Vila Velha
4726,1,20/01/2026,Shopping Vila Velha
4727,0,20/01/2026,Shopping Vila Velha
4728,2,20/01/2026,Shopping Vila Velha
4750,0,20/01/2026,Shopping Vila Velha
4882,0,20/01/2026,Shopping Vila Velha
4980,0,20/01/2026,Shopping Vila Velha
4981,0,20/01/2026,Shopping Vila Velha
5049,0,20/01/2026,Shopping Vila Velha
5702,0,20/01/2026,Shopping Vila Velha
5703,0,20/01/2026,Shopping Vila Velha
5704,0,20/01/2026,Shopping Vila Velha
5705,1,20/01/2026,Shopping Vila Velha
6332,0,20/01/2026,Shopping Vila Velha
8144,0,20/01/2026,Shopping Vila Velha
8145,8,20/01/2026,Shopping Vila Velha
8146,0,20/01/2026,Shopping Vila Velha
8152,0,20/01/2026,Shopping Vila Velha
8153,0,20/01/2026,Shopping Vila Velha
8154,1,20/01/2026,Shopping Vila Velha
8155,0,20/01/2026,Shopping Vila Velha
8156,0,20/01/2026,Shopping Vila Velha
8157,2,20/01/2026,Shopping Vila Velha
8158,1,20/01/2026,Shopping Vila Velha
8159,0,20/01/2026,Shopping Vila Velha
8520,1,20/01/2026,Shopping Vila Velha
8521,0,20/01/2026,Shopping Vila Velha
20715,0,20/01/2026,Shopping Vila Velha
20716,0,20/01/2026,Shopping Vila Velha
20717,0,20/01/2026,Shopping Vila Velha
20718,0,20/01/2026,Shopping Vila Velha
20719,0,20/01/2026,Shopping Vila Velha
20720,0,20/01/2026,Shopping Vila Velha
20721,0,20/01/2026,Shopping Vila Velha
20722,2,20/01/2026,Shopping Vila Velha
20723,0,20/01/2026,Shopping Vila Velha
20737,0,20/01/2026,Shopping Vila Velha
20755,1,20/01/2026,Shopping Vila Velha
20790,0,20/01/2026,Shopping Vila Velha
20791,0,20/01/2026,Shopping Vila Velha
20792,0,20/01/2026,Shopping Vila Velha
20793,0,20/01/2026,Shopping Vila Velha
20833,0,20/01/2026,Shopping Vila Velha
20834,0,20/01/2026,Shopping Vila Velha
20875,0,20/01/2026,Shopping Vila Velha
20877,0,20/01/2026,Shopping Vila Velha
20990,0,20/01/2026,Shopping Vila Velha
21069,0,20/01/2026,Shopping Vila Velha
21080,0,20/01/2026,Shopping Vila Velha
21113,0,20/01/2026,Shopping Vila Velha
21143,3,20/01/2026,Shopping Vila Velha
21144,0,20/01/2026,Shopping Vila Velha
21145,0,20/01/2026,Shopping Vila Velha
21146,1,20/01/2026,Shopping Vila Velha
21147,0,20/01/2026,Shopping Vila Velha
21148,0,20/01/2026,Shopping Vila Velha
21149,3,20/01/2026,Shopping Vila Velha
21190,0,20/01/2026,Shopping Vila Velha
21191,0,20/01/2026,Shopping Vila Velha
21227,0,20/01/2026,Shopping Vila Velha
21255,0,20/01/2026,Shopping Vila Velha
21267,0,20/01/2026,Shopping Vila Velha
21279,0,20/01/2026,Shopping Vila Velha
21286,0,20/01/2026,Shopping Vila Velha
21288,0,20/01/2026,Shopping Vila Velha
21289,0,20/01/2026,Shopping Vila Velha
21290,4,20/01/2026,Shopping Vila Velha
21291,0,20/01/2026,Shopping Vila Velha
21295,0,20/01/2026,Shopping Vila Velha
21296,2,20/01/2026,Shopping Vila Velha
21299,10,20/01/2026,Shopping Vila Velha
21300,0,20/01/2026,Shopping Vila Velha
21309,0,20/01/2026,Shopping Vila Velha
21311,0,20/01/2026,Shopping Vila Velha
21312,0,20/01/2026,Shopping Vila Velha
21313,0,20/01/2026,Shopping Vila Velha
21314,0,20/01/2026,Shopping Vila Velha
21315,0,20/01/2026,Shopping Vila Velha
21316,1,20/01/2026,Shopping Vila Velha
21317,0,20/01/2026,Shopping Vila Velha
21383,0,20/01/2026,Shopping Vila Velha
21414,1,20/01/2026,Shopping Vila Velha
21458,1,20/01/2026,Shopping Vila Velha
21462,1,20/01/2026,Shopping Vila Velha
21463,0,20/01/2026,Shopping Vila Velha
21464,2,20/01/2026,Shopping Vila Velha
21466,0,20/01/2026,Shopping Vila Velha
21467,1,20/01/2026,Shopping Vila Velha
21492,0,20/01/2026,Shopping Vila Velha
21510,0,20/01/2026,Shopping Vila Velha
21511,0,20/01/2026,Shopping Vila Velha
21512,1,20/01/2026,Shopping Vila Velha
21513,2,20/01/2026,Shopping Vila Velha
21514,0,20/01/2026,Shopping Vila Velha
21547,0,20/01/2026,Shopping Vila Velha
21557,1,20/01/2026,Shopping Vila Velha
21574,0,20/01/2026,Shopping Vila Velha
21575,0,20/01/2026,Shopping Vila Velha
21576,0,20/01/2026,Shopping Vila Velha
21581,0,20/01/2026,Shopping Vila Velha
21582,0,20/01/2026,Shopping Vila Velha
21583,1,20/01/2026,Shopping Vila Velha
21601,1,20/01/2026,Shopping Vila Velha
21613,0,20/01/2026,Shopping Vila Velha
21614,0,20/01/2026,Shopping Vila Velha
21682,1,20/01/2026,Shopping Vila Velha
21691,0,20/01/2026,Shopping Vila Velha
21694,0,20/01/2026,Shopping Vila Velha
21696,1,20/01/2026,Shopping Vila Velha
21697,0,20/01/2026,Shopping Vila Velha
21698,1,20/01/2026,Shopping Vila Velha
21703,0,20/01/2026,Shopping Vila Velha
21704,0,20/01/2026,Shopping Vila Velha
21710,0,20/01/2026,Shopping Vila Velha
21717,0,20/01/2026,Shopping Vila Velha
21718,0,20/01/2026,Shopping Vila Velha
21719,0,20/01/2026,Shopping Vila Velha
21875,0,20/01/2026,Shopping Vila Velha
21876,0,20/01/2026,Shopping Vila Velha
21905,1,20/01/2026,Shopping Vila Velha
21909,0,20/01/2026,Shopping Vila Velha
21910,0,20/01/2026,Shopping Vila Velha
21911,0,20/01/2026,Shopping Vila Velha
21912,0,20/01/2026,Shopping Vila Velha
21913,2,20/01/2026,Shopping Vila Velha
21914,0,20/01/2026,Shopping Vila Velha
21915,2,20/01/2026,Shopping Vila Velha
21917,0,20/01/2026,Shopping Vila Velha
21918,0,20/01/2026,Shopping Vila Velha
21919,0,20/01/2026,Shopping Vila Velha
21920,2,20/01/2026,Shopping Vila Velha
21921,0,20/01/2026,Shopping Vila Velha
21923,3,20/01/2026,Shopping Vila Velha
21924,0,20/01/2026,Shopping Vila Velha
21925,0,20/01/2026,Shopping Vila Velha
21926,0,20/01/2026,Shopping Vila Velha
21927,0,20/01/2026,Shopping Vila Velha
22000,0,20/01/2026,Shopping Vila Velha
22001,0,20/01/2026,Shopping Vila Velha
22002,0,20/01/2026,Shopping Vila Velha
22101,0,20/01/2026,Shopping Vila Velha
22102,0,20/01/2026,Shopping Vila Velha
22103,0,20/01/2026,Shopping Vila Velha
22114,0,20/01/2026,Shopping Vila Velha
22191,1,20/01/2026,Shopping Vila Velha
22278,0,20/01/2026,Shopping Vila Velha
22306,0,20/01/2026,Shopping Vila Velha
22307,0,20/01/2026,Shopping Vila Velha
22308,0,20/01/2026,Shopping Vila Velha
22403,0,20/01/2026,Shopping Vila Velha
22417,0,20/01/2026,Shopping Vila Velha
22476,0,20/01/2026,Shopping Vila Velha
22477,0,20/01/2026,Shopping Vila Velha
22482,0,20/01/2026,Shopping Vila Velha
22487,0,20/01/2026,Shopping Vila Velha
22492,0,20/01/2026,Shopping Vila Velha
22504,0,20/01/2026,Shopping Vila Velha
22515,1,20/01/2026,Shopping Vila Velha
22547,0,20/01/2026,Shopping Vila Velha
22578,0,20/01/2026,Shopping Vila Velha
22589,0,20/01/2026,Shopping Vila Velha
22590,0,20/01/2026,Shopping Vila Velha
22595,0,20/01/2026,Shopping Vila Velha
22597,0,20/01/2026,Shopping Vila Velha
22598,0,20/01/2026,Shopping Vila Velha
22642,0,20/01/2026,Shopping Vila Velha
22666,0,20/01/2026,Shopping Vila Velha
22667,0,20/01/2026,Shopping Vila Velha
22668,0,20/01/2026,Shopping Vila Velha
22756,1,20/01/2026,Shopping Vila Velha
22850,0,20/01/2026,Shopping Vila Velha
22854,0,20/01/2026,Shopping Vila Velha
22859,0,20/01/2026,Shopping Vila Velha
22870,0,20/01/2026,Shopping Vila Velha
22883,0,20/01/2026,Shopping Vila Velha
22922,0,20/01/2026,Shopping Vila Velha
22923,0,20/01/2026,Shopping Vila Velha
22980,0,20/01/2026,Shopping Vila Velha
22985,0,20/01/2026,Shopping Vila Velha
22987,0,20/01/2026,Shopping Vila Velha
22988,0,20/01/2026,Shopping Vila Velha
22990,0,20/01/2026,Shopping Vila Velha
23003,2,20/01/2026,Shopping Vila Velha
23004,0,20/01/2026,Shopping Vila Velha
23005,0,20/01/2026,Shopping Vila Velha
23006,0,20/01/2026,Shopping Vila Velha
23007,0,20/01/2026,Shopping Vila Velha
23008,0,20/01/2026,Shopping Vila Velha
23010,0,20/01/2026,Shopping Vila Velha
23011,0,20/01/2026,Shopping Vila Velha
23012,0,20/01/2026,Shopping Vila Velha
23013,0,20/01/2026,Shopping Vila Velha
23014,0,20/01/2026,Shopping Vila Velha
23015,0,20/01/2026,Shopping Vila Velha
23016,0,20/01/2026,Shopping Vila Velha
23017,0,20/01/2026,Shopping Vila Velha
23018,0,20/01/2026,Shopping Vila Velha
23019,0,20/01/2026,Shopping Vila Velha
23020,0,20/01/2026,Shopping Vila Velha
23023,0,20/01/2026,Shopping Vila Velha
23024,0,20/01/2026,Shopping Vila Velha
23061,0,20/01/2026,Shopping Vila Velha
23062,0,20/01/2026,Shopping Vila Velha
23063,0,20/01/2026,Shopping Vila Velha
23064,0,20/01/2026,Shopping Vila Velha
23065,0,20/01/2026,Shopping Vila Velha
23066,0,20/01/2026,Shopping Vila Velha
23067,0,20/01/2026,Shopping Vila Velha
23082,0,20/01/2026,Shopping Vila Velha
23083,0,20/01/2026,Shopping Vila Velha
23158,0,20/01/2026,Shopping Vila Velha
23186,0,20/01/2026,Shopping Vila Velha
23189,0,20/01/2026,Shopping Vila Velha
23217,3,20/01/2026,Shopping Vila Velha
23218,1,20/01/2026,Shopping Vila Velha
23224,0,20/01/2026,Shopping Vila Velha
23234,0,20/01/2026,Shopping Vila Velha
23264,0,20/01/2026,Shopping Vila Velha
23265,0,20/01/2026,Shopping Vila Velha
23266,1,20/01/2026,Shopping Vila Velha
23267,0,20/01/2026,Shopping Vila Velha
23268,0,20/01/2026,Shopping Vila Velha
23269,0,20/01/2026,Shopping Vila Velha
23270,0,20/01/2026,Shopping Vila Velha
23271,0,20/01/2026,Shopping Vila Velha
23273,0,20/01/2026,Shopping Vila Velha
23277,0,20/01/2026,Shopping Vila Velha
23284,0,20/01/2026,Shopping Vila Velha
23285,1,20/01/2026,Shopping Vila Velha
23286,3,20/01/2026,Shopping Vila Velha
23321,0,20/01/2026,Shopping Vila Velha
23323,0,20/01/2026,Shopping Vila Velha
23325,0,20/01/2026,Shopping Vila Velha
23341,0,20/01/2026,Shopping Vila Velha
23342,0,20/01/2026,Shopping Vila Velha
23364,0,20/01/2026,Shopping Vila Velha
23376,0,20/01/2026,Shopping Vila Velha
23397,2,20/01/2026,Shopping Vila Velha
23443,0,20/01/2026,Shopping Vila Velha
23461,0,20/01/2026,Shopping Vila Velha
23472,0,20/01/2026,Shopping Vila Velha
23473,0,20/01/2026,Shopping Vila Velha
23476,0,20/01/2026,Shopping Vila Velha
23590,3,20/01/2026,Shopping Vila Velha
23703,0,20/01/2026,Shopping Vila Velha
23714,0,20/01/2026,Shopping Vila Velha
23715,0,20/01/2026,Shopping Vila Velha
23716,0,20/01/2026,Shopping Vila Velha
23717,0,20/01/2026,Shopping Vila Velha
23718,0,20/01/2026,Shopping Vila Velha
23719,0,20/01/2026,Shopping Vila Velha
23720,0,20/01/2026,Shopping Vila Velha
23725,0,20/01/2026,Shopping Vila Velha
23726,0,20/01/2026,Shopping Vila Velha
23727,0,20/01/2026,Shopping Vila Velha
23728,0,20/01/2026,Shopping Vila Velha
23730,0,20/01/2026,Shopping Vila Velha
23731,0,20/01/2026,Shopping Vila Velha
23737,0,20/01/2026,Shopping Vila Velha
23738,0,20/01/2026,Shopping Vila Velha
23739,0,20/01/2026,Shopping Vila Velha
23740,0,20/01/2026,Shopping Vila Velha
23741,0,20/01/2026,Shopping Vila Velha
23742,0,20/01/2026,Shopping Vila Velha
23744,0,20/01/2026,Shopping Vila Velha
23745,0,20/01/2026,Shopping Vila Velha
23746,0,20/01/2026,Shopping Vila Velha
23747,0,20/01/2026,Shopping Vila Velha
23748,0,20/01/2026,Shopping Vila Velha
23755,0,20/01/2026,Shopping Vila Velha
23807,0,20/01/2026,Shopping Vila Velha
23810,0,20/01/2026,Shopping Vila Velha
23814,0,20/01/2026,Shopping Vila Velha
23817,0,20/01/2026,Shopping Vila Velha
23818,0,20/01/2026,Shopping Vila Velha
23819,0,20/01/2026,Shopping Vila Velha
23820,0,20/01/2026,Shopping Vila Velha
23821,0,20/01/2026,Shopping Vila Velha
23822,0,20/01/2026,Shopping Vila Velha
23827,0,20/01/2026,Shopping Vila Velha
23828,0,20/01/2026,Shopping Vila Velha
23829,0,20/01/2026,Shopping Vila Velha
23830,0,20/01/2026,Shopping Vila Velha
23887,0,20/01/2026,Shopping Vila Velha
23893,2,20/01/2026,Shopping Vila Velha
23894,2,20/01/2026,Shopping Vila Velha
23895,2,20/01/2026,Shopping Vila Velha
23896,0,20/01/2026,Shopping Vila Velha
23897,3,20/01/2026,Shopping Vila Velha
23898,2,20/01/2026,Shopping Vila Velha
23899,1,20/01/2026,Shopping Vila Velha
23900,2,20/01/2026,Shopping Vila Velha
23901,2,20/01/2026,Shopping Vila Velha
23902,1,20/01/2026,Shopping Vila Velha
23903,0,20/01/2026,Shopping Vila Velha
23904,0,20/01/2026,Shopping Vila Velha
23905,0,20/01/2026,Shopping Vila Velha
23906,2,20/01/2026,Shopping Vila Velha
23907,1,20/01/2026,Shopping Vila Velha
23908,0,20/01/2026,Shopping Vila Velha
23909,0,20/01/2026,Shopping Vila Velha
23910,4,20/01/2026,Shopping Vila Velha
23911,2,20/01/2026,Shopping Vila Velha
23912,1,20/01/2026,Shopping Vila Velha
23913,1,20/01/2026,Shopping Vila Velha
23914,2,20/01/2026,Shopping Vila Velha
23915,2,20/01/2026,Shopping Vila Velha
23916,1,20/01/2026,Shopping Vila Velha
23917,0,20/01/2026,Shopping Vila Velha
23918,1,20/01/2026,Shopping Vila Velha
23919,3,20/01/2026,Shopping Vila Velha
23920,0,20/01/2026,Shopping Vila Velha
23921,0,20/01/2026,Shopping Vila Velha
23922,0,20/01/2026,Shopping Vila Velha
23923,1,20/01/2026,Shopping Vila Velha
23924,0,20/01/2026,Shopping Vila Velha
23925,1,20/01/2026,Shopping Vila Velha
23926,2,20/01/2026,Shopping Vila Velha
23927,1,20/01/2026,Shopping Vila Velha
23928,1,20/01/2026,Shopping Vila Velha
23929,0,20/01/2026,Shopping Vila Velha
23930,0,20/01/2026,Shopping Vila Velha
23931,2,20/01/2026,Shopping Vila Velha
23932,0,20/01/2026,Shopping Vila Velha
23934,2,20/01/2026,Shopping Vila Velha
23935,0,20/01/2026,Shopping Vila Velha
23936,0,20/01/2026,Shopping Vila Velha
23937,0,20/01/2026,Shopping Vila Velha
23938,2,20/01/2026,Shopping Vila Velha
23939,0,20/01/2026,Shopping Vila Velha
23940,0,20/01/2026,Shopping Vila Velha
23941,0,20/01/2026,Shopping Vila Velha
23942,0,20/01/2026,Shopping Vila Velha
23943,2,20/01/2026,Shopping Vila Velha
23944,0,20/01/2026,Shopping Vila Velha
23945,0,20/01/2026,Shopping Vila Velha
23946,0,20/01/2026,Shopping Vila Velha
23947,0,20/01/2026,Shopping Vila Velha
23948,2,20/01/2026,Shopping Vila Velha
23949,0,20/01/2026,Shopping Vila Velha
23950,0,20/01/2026,Shopping Vila Velha
23951,3,20/01/2026,Shopping Vila Velha
23952,0,20/01/2026,Shopping Vila Velha
23953,0,20/01/2026,Shopping Vila Velha
23954,0,20/01/2026,Shopping Vila Velha
23955,0,20/01/2026,Shopping Vila Velha
23956,0,20/01/2026,Shopping Vila Velha
23958,1,20/01/2026,Shopping Vila Velha
23960,3,20/01/2026,Shopping Vila Velha
23961,1,20/01/2026,Shopping Vila Velha
23962,0,20/01/2026,Shopping Vila Velha
23963,1,20/01/2026,Shopping Vila Velha
23964,0,20/01/2026,Shopping Vila Velha
23965,2,20/01/2026,Shopping Vila Velha
23966,1,20/01/2026,Shopping Vila Velha
23967,1,20/01/2026,Shopping Vila Velha
23968,1,20/01/2026,Shopping Vila Velha
23969,0,20/01/2026,Shopping Vila Velha
23970,1,20/01/2026,Shopping Vila Velha
23971,0,20/01/2026,Shopping Vila Velha
23972,2,20/01/2026,Shopping Vila Velha
23973,0,20/01/2026,Shopping Vila Velha
23974,1,20/01/2026,Shopping Vila Velha
23975,1,20/01/2026,Shopping Vila Velha
23976,0,20/01/2026,Shopping Vila Velha
23977,0,20/01/2026,Shopping Vila Velha
23978,0,20/01/2026,Shopping Vila Velha
23979,1,20/01/2026,Shopping Vila Velha
23980,4,20/01/2026,Shopping Vila Velha
23981,2,20/01/2026,Shopping Vila Velha
23982,1,20/01/2026,Shopping Vila Velha
23983,2,20/01/2026,Shopping Vila Velha
23984,0,20/01/2026,Shopping Vila Velha
23985,2,20/01/2026,Shopping Vila Velha
23986,2,20/01/2026,Shopping Vila Velha
23987,0,20/01/2026,Shopping Vila Velha
23988,0,20/01/2026,Shopping Vila Velha
23989,2,20/01/2026,Shopping Vila Velha
23990,1,20/01/2026,Shopping Vila Velha
23991,0,20/01/2026,Shopping Vila Velha
23992,2,20/01/2026,Shopping Vila Velha
23993,2,20/01/2026,Shopping Vila Velha
23994,0,20/01/2026,Shopping Vila Velha
23995,1,20/01/2026,Shopping Vila Velha
23996,1,20/01/2026,Shopping Vila Velha
23997,0,20/01/2026,Shopping Vila Velha
23998,1,20/01/2026,Shopping Vila Velha
24000,2,20/01/2026,Shopping Vila Velha
24001,0,20/01/2026,Shopping Vila Velha
24002,1,20/01/2026,Shopping Vila Velha
24003,0,20/01/2026,Shopping Vila Velha
24004,1,20/01/2026,Shopping Vila Velha
24005,0,20/01/2026,Shopping Vila Velha
24006,0,20/01/2026,Shopping Vila Velha
24007,2,20/01/2026,Shopping Vila Velha
24008,0,20/01/2026,Shopping Vila Velha
24009,0,20/01/2026,Shopping Vila Velha
24010,0,20/01/2026,Shopping Vila Velha
24011,1,20/01/2026,Shopping Vila Velha
24012,0,20/01/2026,Shopping Vila Velha
24013,0,20/01/2026,Shopping Vila Velha
24014,1,20/01/2026,Shopping Vila Velha
24015,0,20/01/2026,Shopping Vila Velha
24016,0,20/01/2026,Shopping Vila Velha
24017,0,20/01/2026,Shopping Vila Velha
24018,0,20/01/2026,Shopping Vila Velha
24019,0,20/01/2026,Shopping Vila Velha
24021,0,20/01/2026,Shopping Vila Velha
24022,0,20/01/2026,Shopping Vila Velha
24023,1,20/01/2026,Shopping Vila Velha
24024,1,20/01/2026,Shopping Vila Velha
24025,0,20/01/2026,Shopping Vila Velha
24026,1,20/01/2026,Shopping Vila Velha
24027,0,20/01/2026,Shopping Vila Velha
24028,2,20/01/2026,Shopping Vila Velha
24029,1,20/01/2026,Shopping Vila Velha
24030,0,20/01/2026,Shopping Vila Velha
24031,0,20/01/2026,Shopping Vila Velha
24032,1,20/01/2026,Shopping Vila Velha
24033,1,20/01/2026,Shopping Vila Velha
24036,0,20/01/2026,Shopping Vila Velha
24037,0,20/01/2026,Shopping Vila Velha
24100,0,20/01/2026,Shopping Vila Velha
24101,0,20/01/2026,Shopping Vila Velha
24102,1,20/01/2026,Shopping Vila Velha
24103,4,20/01/2026,Shopping Vila Velha
24104,6,20/01/2026,Shopping Vila Velha
24105,4,20/01/2026,Shopping Vila Velha
24106,5,20/01/2026,Shopping Vila Velha
24107,3,20/01/2026,Shopping Vila Velha
24108,2,20/01/2026,Shopping Vila Velha
24109,1,20/01/2026,Shopping Vila Velha
24110,0,20/01/2026,Shopping Vila Velha
24111,2,20/01/2026,Shopping Vila Velha
24112,1,20/01/2026,Shopping Vila Velha
24113,0,20/01/2026,Shopping Vila Velha
24115,1,20/01/2026,Shopping Vila Velha
24116,0,20/01/2026,Shopping Vila Velha
24117,1,20/01/2026,Shopping Vila Velha
24118,3,20/01/2026,Shopping Vila Velha
24119,2,20/01/2026,Shopping Vila Velha
24120,2,20/01/2026,Shopping Vila Velha
24121,0,20/01/2026,Shopping Vila Velha
24122,0,20/01/2026,Shopping Vila Velha
24123,1,20/01/2026,Shopping Vila Velha
24124,2,20/01/2026,Shopping Vila Velha
24125,1,20/01/2026,Shopping Vila Velha
24126,0,20/01/2026,Shopping Vila Velha
24127,0,20/01/2026,Shopping Vila Velha
24128,0,20/01/2026,Shopping Vila Velha
24129,0,20/01/2026,Shopping Vila Velha
24130,0,20/01/2026,Shopping Vila Velha
24131,0,20/01/2026,Shopping Vila Velha
24134,0,20/01/2026,Shopping Vila Velha
24135,0,20/01/2026,Shopping Vila Velha
24136,0,20/01/2026,Shopping Vila Velha
24137,0,20/01/2026,Shopping Vila Velha
24140,1,20/01/2026,Shopping Vila Velha
24142,0,20/01/2026,Shopping Vila Velha
24149,0,20/01/2026,Shopping Vila Velha
24154,0,20/01/2026,Shopping Vila Velha
24158,0,20/01/2026,Shopping Vila Velha
24159,0,20/01/2026,Shopping Vila Velha
24160,1,20/01/2026,Shopping Vila Velha
24163,1,20/01/2026,Shopping Vila Velha
24164,0,20/01/2026,Shopping Vila Velha
24165,0,20/01/2026,Shopping Vila Velha
24166,1,20/01/2026,Shopping Vila Velha
24167,0,20/01/2026,Shopping Vila Velha
24168,0,20/01/2026,Shopping Vila Velha
24169,1,20/01/2026,Shopping Vila Velha
24170,1,20/01/2026,Shopping Vila Velha
24171,0,20/01/2026,Shopping Vila Velha
24172,0,20/01/2026,Shopping Vila Velha
24173,2,20/01/2026,Shopping Vila Velha
24174,0,20/01/2026,Shopping Vila Velha
24176,0,20/01/2026,Shopping Vila Velha
24177,0,20/01/2026,Shopping Vila Velha
24178,0,20/01/2026,Shopping Vila Velha
24179,0,20/01/2026,Shopping Vila Velha
24180,0,20/01/2026,Shopping Vila Velha
24188,0,20/01/2026,Shopping Vila Velha
24200,0,20/01/2026,Shopping Vila Velha
24204,1,20/01/2026,Shopping Vila Velha
24219,0,20/01/2026,Shopping Vila Velha
24220,0,20/01/2026,Shopping Vila Velha
24221,0,20/01/2026,Shopping Vila Velha
24234,0,20/01/2026,Shopping Vila Velha
24238,1,20/01/2026,Shopping Vila Velha
24324,5,20/01/2026,Shopping Vila Velha
24325,3,20/01/2026,Shopping Vila Velha
24326,3,20/01/2026,Shopping Vila Velha
24327,0,20/01/2026,Shopping Vila Velha
24328,0,20/01/2026,Shopping Vila Velha
24329,0,20/01/2026,Shopping Vila Velha
24330,0,20/01/2026,Shopping Vila Velha
24344,2,20/01/2026,Shopping Vila Velha
24387,3,20/01/2026,Shopping Vila Velha
24401,2,20/01/2026,Shopping Vila Velha
24412,0,20/01/2026,Shopping Vila Velha
24413,4,20/01/2026,Shopping Vila Velha
24415,1,20/01/2026,Shopping Vila Velha
24416,4,20/01/2026,Shopping Vila Velha
24417,0,20/01/2026,Shopping Vila Velha
24418,0,20/01/2026,Shopping Vila Velha
24419,0,20/01/2026,Shopping Vila Velha
24421,0,20/01/2026,Shopping Vila Velha
24422,0,20/01/2026,Shopping Vila Velha
24423,0,20/01/2026,Shopping Vila Velha
24424,0,20/01/2026,Shopping Vila Velha
24426,0,20/01/2026,Shopping Vila Velha
24427,0,20/01/2026,Shopping Vila Velha
24428,1,20/01/2026,Shopping Vila Velha
24429,0,20/01/2026,Shopping Vila Velha
24430,1,20/01/2026,Shopping Vila Velha
24431,0,20/01/2026,Shopping Vila Velha
24432,1,20/01/2026,Shopping Vila Velha
24433,0,20/01/2026,Shopping Vila Velha
24435,0,20/01/2026,Shopping Vila Velha
24436,0,20/01/2026,Shopping Vila Velha
24438,0,20/01/2026,Shopping Vila Velha
24439,0,20/01/2026,Shopping Vila Velha
24442,0,20/01/2026,Shopping Vila Velha
24443,0,20/01/2026,Shopping Vila Velha
24445,0,20/01/2026,Shopping Vila Velha
24446,0,20/01/2026,Shopping Vila Velha
24447,1,20/01/2026,Shopping Vila Velha
24448,1,20/01/2026,Shopping Vila Velha
24449,0,20/01/2026,Shopping Vila Velha
24450,0,20/01/2026,Shopping Vila Velha
24452,0,20/01/2026,Shopping Vila Velha
24454,1,20/01/2026,Shopping Vila Velha
24455,0,20/01/2026,Shopping Vila Velha
24469,0,20/01/2026,Shopping Vila Velha
24470,0,20/01/2026,Shopping Vila Velha
24533,0,20/01/2026,Shopping Vila Velha
24534,2,20/01/2026,Shopping Vila Velha
24579,4,20/01/2026,Shopping Vila Velha
24580,0,20/01/2026,Shopping Vila Velha
24581,0,20/01/2026,Shopping Vila Velha
24582,0,20/01/2026,Shopping Vila Velha
24583,0,20/01/2026,Shopping Vila Velha
24584,0,20/01/2026,Shopping Vila Velha
24585,0,20/01/2026,Shopping Vila Velha
24586,0,20/01/2026,Shopping Vila Velha
24587,0,20/01/2026,Shopping Vila Velha
24588,0,20/01/2026,Shopping Vila Velha
24589,3,20/01/2026,Shopping Vila Velha
24590,1,20/01/2026,Shopping Vila Velha
24591,0,20/01/2026,Shopping Vila Velha
24592,0,20/01/2026,Shopping Vila Velha
24593,0,20/01/2026,Shopping Vila Velha
24594,0,20/01/2026,Shopping Vila Velha
24595,0,20/01/2026,Shopping Vila Velha
24596,0,20/01/2026,Shopping Vila Velha
24597,0,20/01/2026,Shopping Vila Velha
24598,0,20/01/2026,Shopping Vila Velha
24599,0,20/01/2026,Shopping Vila Velha
24600,0,20/01/2026,Shopping Vila Velha
24601,0,20/01/2026,Shopping Vila Velha
24602,0,20/01/2026,Shopping Vila Velha
24603,1,20/01/2026,Shopping Vila Velha
24604,2,20/01/2026,Shopping Vila Velha
24605,0,20/01/2026,Shopping Vila Velha
24606,0,20/01/2026,Shopping Vila Velha
24607,1,20/01/2026,Shopping Vila Velha
24608,1,20/01/2026,Shopping Vila Velha
24609,1,20/01/2026,Shopping Vila Velha
24610,1,20/01/2026,Shopping Vila Velha
24611,1,20/01/2026,Shopping Vila Velha
24612,1,20/01/2026,Shopping Vila Velha
24613,1,20/01/2026,Shopping Vila Velha
24614,1,20/01/2026,Shopping Vila Velha
24615,1,20/01/2026,Shopping Vila Velha
24616,1,20/01/2026,Shopping Vila Velha
24617,1,20/01/2026,Shopping Vila Velha
24618,1,20/01/2026,Shopping Vila Velha
24619,0,20/01/2026,Shopping Vila Velha
24620,2,20/01/2026,Shopping Vila Velha
24621,1,20/01/2026,Shopping Vila Velha
24622,0,20/01/2026,Shopping Vila Velha
24623,0,20/01/2026,Shopping Vila Velha
24624,0,20/01/2026,Shopping Vila Velha
24625,0,20/01/2026,Shopping Vila Velha
24626,0,20/01/2026,Shopping Vila Velha
24627,0,20/01/2026,Shopping Vila Velha
24628,0,20/01/2026,Shopping Vila Velha
24629,0,20/01/2026,Shopping Vila Velha
24630,0,20/01/2026,Shopping Vila Velha
24631,1,20/01/2026,Shopping Vila Velha
24632,1,20/01/2026,Shopping Vila Velha
24633,0,20/01/2026,Shopping Vila Velha
24634,0,20/01/2026,Shopping Vila Velha
24635,0,20/01/2026,Shopping Vila Velha
24653,0,20/01/2026,Shopping Vila Velha
24682,0,20/01/2026,Shopping Vila Velha
24690,3,20/01/2026,Shopping Vila Velha
24693,0,20/01/2026,Shopping Vila Velha
24714,0,20/01/2026,Shopping Vila Velha
24722,0,20/01/2026,Shopping Vila Velha
24739,0,20/01/2026,Shopping Vila Velha
24757,0,20/01/2026,Shopping Vila Velha
24765,0,20/01/2026,Shopping Vila Velha
24766,0,20/01/2026,Shopping Vila Velha
24767,0,20/01/2026,Shopping Vila Velha
24768,1,20/01/2026,Shopping Vila Velha
24786,3,20/01/2026,Shopping Vila Velha
24806,1,20/01/2026,Shopping Vila Velha
24808,1,20/01/2026,Shopping Vila Velha
24809,3,20/01/2026,Shopping Vila Velha
24811,2,20/01/2026,Shopping Vila Velha
24812,2,20/01/2026,Shopping Vila Velha
24814,2,20/01/2026,Shopping Vila Velha
24874,0,20/01/2026,Shopping Vila Velha
24875,1,20/01/2026,Shopping Vila Velha
24876,0,20/01/2026,Shopping Vila Velha
24877,0,20/01/2026,Shopping Vila Velha
24878,0,20/01/2026,Shopping Vila Velha
24879,1,20/01/2026,Shopping Vila Velha
24880,2,20/01/2026,Shopping Vila Velha
24881,1,20/01/2026,Shopping Vila Velha
24882,0,20/01/2026,Shopping Vila Velha
24883,0,20/01/2026,Shopping Vila Velha
24884,1,20/01/2026,Shopping Vila Velha
24885,0,20/01/2026,Shopping Vila Velha
24886,1,20/01/2026,Shopping Vila Velha
24887,1,20/01/2026,Shopping Vila Velha
24888,0,20/01/2026,Shopping Vila Velha
24889,0,20/01/2026,Shopping Vila Velha
24891,1,20/01/2026,Shopping Vila Velha
24892,1,20/01/2026,Shopping Vila Velha
24894,2,20/01/2026,Shopping Vila Velha
24899,3,20/01/2026,Shopping Vila Velha
24900,0,20/01/2026,Shopping Vila Velha
24901,1,20/01/2026,Shopping Vila Velha
24923,0,20/01/2026,Shopping Vila Velha
24924,0,20/01/2026,Shopping Vila Velha
24925,0,20/01/2026,Shopping Vila Velha
24927,0,20/01/2026,Shopping Vila Velha
24928,0,20/01/2026,Shopping Vila Velha
24929,0,20/01/2026,Shopping Vila Velha
24930,0,20/01/2026,Shopping Vila Velha
24932,0,20/01/2026,Shopping Vila Velha
24933,0,20/01/2026,Shopping Vila Velha
24934,0,20/01/2026,Shopping Vila Velha
24935,0,20/01/2026,Shopping Vila Velha
24947,0,20/01/2026,Shopping Vila Velha
24948,0,20/01/2026,Shopping Vila Velha
24949,0,20/01/2026,Shopping Vila Velha
24950,0,20/01/2026,Shopping Vila Velha
24951,0,20/01/2026,Shopping Vila Velha
24952,0,20/01/2026,Shopping Vila Velha
24953,0,20/01/2026,Shopping Vila Velha
24954,0,20/01/2026,Shopping Vila Velha
24955,0,20/01/2026,Shopping Vila Velha
24956,0,20/01/2026,Shopping Vila Velha
24957,0,20/01/2026,Shopping Vila Velha
24958,0,20/01/2026,Shopping Vila Velha
24959,0,20/01/2026,Shopping Vila Velha
24960,0,20/01/2026,Shopping Vila Velha
24961,0,20/01/2026,Shopping Vila Velha
24962,0,20/01/2026,Shopping Vila Velha
24964,0,20/01/2026,Shopping Vila Velha
24965,0,20/01/2026,Shopping Vila Velha
24966,0,20/01/2026,Shopping Vila Velha
24967,0,20/01/2026,Shopping Vila Velha
24968,0,20/01/2026,Shopping Vila Velha
24969,0,20/01/2026,Shopping Vila Velha
24970,0,20/01/2026,Shopping Vila Velha
24971,0,20/01/2026,Shopping Vila Velha
24972,0,20/01/2026,Shopping Vila Velha
24973,0,20/01/2026,Shopping Vila Velha
24974,0,20/01/2026,Shopping Vila Velha
24975,0,20/01/2026,Shopping Vila Velha
24976,0,20/01/2026,Shopping Vila Velha
24977,0,20/01/2026,Shopping Vila Velha
24978,0,20/01/2026,Shopping Vila Velha
24979,0,20/01/2026,Shopping Vila Velha
24980,0,20/01/2026,Shopping Vila Velha
24981,0,20/01/2026,Shopping Vila Velha
24982,0,20/01/2026,Shopping Vila Velha
24983,0,20/01/2026,Shopping Vila Velha
24984,0,20/01/2026,Shopping Vila Velha
24985,0,20/01/2026,Shopping Vila Velha
24987,0,20/01/2026,Shopping Vila Velha
25007,0,20/01/2026,Shopping Vila Velha
25008,0,20/01/2026,Shopping Vila Velha
25011,0,20/01/2026,Shopping Vila Velha
25012,0,20/01/2026,Shopping Vila Velha
25013,1,20/01/2026,Shopping Vila Velha
25015,0,20/01/2026,Shopping Vila Velha
25018,0,20/01/2026,Shopping Vila Velha
25104,0,20/01/2026,Shopping Vila Velha
25160,2,20/01/2026,Shopping Vila Velha
25176,1,20/01/2026,Shopping Vila Velha
25178,4,20/01/2026,Shopping Vila Velha
25227,0,20/01/2026,Shopping Vila Velha
25228,1,20/01/2026,Shopping Vila Velha
25229,2,20/01/2026,Shopping Vila Velha
25232,2,20/01/2026,Shopping Vila Velha
25238,5,20/01/2026,Shopping Vila Velha
25247,0,20/01/2026,Shopping Vila Velha
25248,0,20/01/2026,Shopping Vila Velha
25259,0,20/01/2026,Shopping Vila Velha
25260,0,20/01/2026,Shopping Vila Velha
25261,0,20/01/2026,Shopping Vila Velha
25262,0,20/01/2026,Shopping Vila Velha
25263,0,20/01/2026,Shopping Vila Velha
25264,0,20/01/2026,Shopping Vila Velha
25265,1,20/01/2026,Shopping Vila Velha
25266,0,20/01/2026,Shopping Vila Velha
25267,0,20/01/2026,Shopping Vila Velha
25273,0,20/01/2026,Shopping Vila Velha
25288,0,20/01/2026,Shopping Vila Velha
25289,0,20/01/2026,Shopping Vila Velha
25330,1,20/01/2026,Shopping Vila Velha
25331,0,20/01/2026,Shopping Vila Velha
25368,0,20/01/2026,Shopping Vila Velha
25370,1,20/01/2026,Shopping Vila Velha
25371,2,20/01/2026,Shopping Vila Velha
25373,1,20/01/2026,Shopping Vila Velha
25378,2,20/01/2026,Shopping Vila Velha
25414,2,20/01/2026,Shopping Vila Velha
25415,0,20/01/2026,Shopping Vila Velha
25416,0,20/01/2026,Shopping Vila Velha
25418,1,20/01/2026,Shopping Vila Velha
25419,0,20/01/2026,Shopping Vila Velha
25420,0,20/01/2026,Shopping Vila Velha
25423,0,20/01/2026,Shopping Vila Velha
25424,2,20/01/2026,Shopping Vila Velha
25425,0,20/01/2026,Shopping Vila Velha
25426,1,20/01/2026,Shopping Vila Velha
25427,0,20/01/2026,Shopping Vila Velha
25428,3,20/01/2026,Shopping Vila Velha
25429,0,20/01/2026,Shopping Vila Velha
25430,0,20/01/2026,Shopping Vila Velha
25431,0,20/01/2026,Shopping Vila Velha
25432,1,20/01/2026,Shopping Vila Velha
25433,0,20/01/2026,Shopping Vila Velha
25434,0,20/01/2026,Shopping Vila Velha
25435,0,20/01/2026,Shopping Vila Velha
25437,0,20/01/2026,Shopping Vila Velha
25438,0,20/01/2026,Shopping Vila Velha
25440,1,20/01/2026,Shopping Vila Velha
25441,3,20/01/2026,Shopping Vila Velha
25442,1,20/01/2026,Shopping Vila Velha
25443,0,20/01/2026,Shopping Vila Velha
25444,2,20/01/2026,Shopping Vila Velha
25445,0,20/01/2026,Shopping Vila Velha
25447,0,20/01/2026,Shopping Vila Velha
25448,0,20/01/2026,Shopping Vila Velha
25449,0,20/01/2026,Shopping Vila Velha
25450,0,20/01/2026,Shopping Vila Velha
25451,1,20/01/2026,Shopping Vila Velha
25487,3,20/01/2026,Shopping Vila Velha
25488,1,20/01/2026,Shopping Vila Velha
25489,0,20/01/2026,Shopping Vila Velha
25490,0,20/01/2026,Shopping Vila Velha
25491,0,20/01/2026,Shopping Vila Velha
25492,0,20/01/2026,Shopping Vila Velha
25493,3,20/01/2026,Shopping Vila Velha
25494,1,20/01/2026,Shopping Vila Velha
25495,1,20/01/2026,Shopping Vila Velha
25499,0,20/01/2026,Shopping Vila Velha
25633,1,20/01/2026,Shopping Vila Velha
25634,1,20/01/2026,Shopping Vila Velha
25671,0,20/01/2026,Shopping Vila Velha
25718,3,20/01/2026,Shopping Vila Velha
25719,1,20/01/2026,Shopping Vila Velha
25720,3,20/01/2026,Shopping Vila Velha
25721,2,20/01/2026,Shopping Vila Velha
25722,4,20/01/2026,Shopping Vila Velha
25723,2,20/01/2026,Shopping Vila Velha
25724,1,20/01/2026,Shopping Vila Velha
25725,0,20/01/2026,Shopping Vila Velha
25726,0,20/01/2026,Shopping Vila Velha
25727,0,20/01/2026,Shopping Vila Velha
25728,0,20/01/2026,Shopping Vila Velha
25729,0,20/01/2026,Shopping Vila Velha
25730,0,20/01/2026,Shopping Vila Velha
25731,0,20/01/2026,Shopping Vila Velha
25732,0,20/01/2026,Shopping Vila Velha
25733,0,20/01/2026,Shopping Vila Velha
25734,0,20/01/2026,Shopping Vila Velha
25735,0,20/01/2026,Shopping Vila Velha
25736,1,20/01/2026,Shopping Vila Velha
25737,2,20/01/2026,Shopping Vila Velha
25738,1,20/01/2026,Shopping Vila Velha
25739,1,20/01/2026,Shopping Vila Velha
25740,0,20/01/2026,Shopping Vila Velha
25741,1,20/01/2026,Shopping Vila Velha
25742,0,20/01/2026,Shopping Vila Velha
25743,1,20/01/2026,Shopping Vila Velha
25744,2,20/01/2026,Shopping Vila Velha
25745,1,20/01/2026,Shopping Vila Velha
25746,1,20/01/2026,Shopping Vila Velha
25747,1,20/01/2026,Shopping Vila Velha
25748,0,20/01/2026,Shopping Vila Velha
25749,1,20/01/2026,Shopping Vila Velha
25750,2,20/01/2026,Shopping Vila Velha
25751,1,20/01/2026,Shopping Vila Velha
25752,1,20/01/2026,Shopping Vila Velha
25753,0,20/01/2026,Shopping Vila Velha
25755,0,20/01/2026,Shopping Vila Velha
25756,0,20/01/2026,Shopping Vila Velha
25757,1,20/01/2026,Shopping Vila Velha
25788,1,20/01/2026,Shopping Vila Velha
25796,1,20/01/2026,Shopping Vila Velha
25797,1,20/01/2026,Shopping Vila Velha
25800,0,20/01/2026,Shopping Vila Velha
25808,4,20/01/2026,Shopping Vila Velha
25810,1,20/01/2026,Shopping Vila Velha
25811,0,20/01/2026,Shopping Vila Velha
25812,0,20/01/2026,Shopping Vila Velha
25813,1,20/01/2026,Shopping Vila Velha
25814,1,20/01/2026,Shopping Vila Velha
25815,1,20/01/2026,Shopping Vila Velha
25816,0,20/01/2026,Shopping Vila Velha
25817,0,20/01/2026,Shopping Vila Velha
25818,0,20/01/2026,Shopping Vila Velha
25819,2,20/01/2026,Shopping Vila Velha
25831,0,20/01/2026,Shopping Vila Velha
25838,0,20/01/2026,Shopping Vila Velha
25840,0,20/01/2026,Shopping Vila Velha
25842,0,20/01/2026,Shopping Vila Velha
25846,0,20/01/2026,Shopping Vila Velha
25849,0,20/01/2026,Shopping Vila Velha
25854,0,20/01/2026,Shopping Vila Velha
25855,0,20/01/2026,Shopping Vila Velha
25856,0,20/01/2026,Shopping Vila Velha
25857,0,20/01/2026,Shopping Vila Velha
25858,0,20/01/2026,Shopping Vila Velha
25859,0,20/01/2026,Shopping Vila Velha
25860,0,20/01/2026,Shopping Vila Velha
25862,0,20/01/2026,Shopping Vila Velha
25868,0,20/01/2026,Shopping Vila Velha
25869,0,20/01/2026,Shopping Vila Velha
25880,0,20/01/2026,Shopping Vila Velha
25881,0,20/01/2026,Shopping Vila Velha
25883,0,20/01/2026,Shopping Vila Velha
26056,0,20/01/2026,Shopping Vila Velha
26057,0,20/01/2026,Shopping Vila Velha
26067,0,20/01/2026,Shopping Vila Velha
26092,2,20/01/2026,Shopping Vila Velha
26093,0,20/01/2026,Shopping Vila Velha
26094,0,20/01/2026,Shopping Vila Velha
26101,0,20/01/2026,Shopping Vila Velha
26131,1,20/01/2026,Shopping Vila Velha
26132,1,20/01/2026,Shopping Vila Velha
26139,1,20/01/2026,Shopping Vila Velha
26140,4,20/01/2026,Shopping Vila Velha
26177,2,20/01/2026,Shopping Vila Velha
26178,1,20/01/2026,Shopping Vila Velha
26179,0,20/01/2026,Shopping Vila Velha
26180,1,20/01/2026,Shopping Vila Velha
26181,1,20/01/2026,Shopping Vila Velha
26182,3,20/01/2026,Shopping Vila Velha
26183,1,20/01/2026,Shopping Vila Velha
26184,0,20/01/2026,Shopping Vila Velha
26185,1,20/01/2026,Shopping Vila Velha
26190,5,20/01/2026,Shopping Vila Velha
26202,2,20/01/2026,Shopping Vila Velha
26203,1,20/01/2026,Shopping Vila Velha
26204,1,20/01/2026,Shopping Vila Velha
26205,3,20/01/2026,Shopping Vila Velha
26206,1,20/01/2026,Shopping Vila Velha
26207,2,20/01/2026,Shopping Vila Velha
26208,0,20/01/2026,Shopping Vila Velha
26209,1,20/01/2026,Shopping Vila Velha
26210,1,20/01/2026,Shopping Vila Velha
26211,1,20/01/2026,Shopping Vila Velha
26212,0,20/01/2026,Shopping Vila Velha
26213,1,20/01/2026,Shopping Vila Velha
26214,2,20/01/2026,Shopping Vila Velha
26215,2,20/01/2026,Shopping Vila Velha
26216,2,20/01/2026,Shopping Vila Velha
26217,2,20/01/2026,Shopping Vila Velha
26218,2,20/01/2026,Shopping Vila Velha
26219,1,20/01/2026,Shopping Vila Velha
26220,3,20/01/2026,Shopping Vila Velha
26221,1,20/01/2026,Shopping Vila Velha
26243,0,20/01/2026,Shopping Vila Velha
26244,1,20/01/2026,Shopping Vila Velha
26245,1,20/01/2026,Shopping Vila Velha
26258,2,20/01/2026,Shopping Vila Velha
26260,0,20/01/2026,Shopping Vila Velha
26268,4,20/01/2026,Shopping Vila Velha
26269,3,20/01/2026,Shopping Vila Velha
26270,1,20/01/2026,Shopping Vila Velha
26275,3,20/01/2026,Shopping Vila Velha
26278,0,20/01/2026,Shopping Vila Velha
26294,0,20/01/2026,Shopping Vila Velha
26322,0,20/01/2026,Shopping Vila Velha
26326,0,20/01/2026,Shopping Vila Velha
26365,0,20/01/2026,Shopping Vila Velha
26366,1,20/01/2026,Shopping Vila Velha
26367,0,20/01/2026,Shopping Vila Velha
26368,0,20/01/2026,Shopping Vila Velha
26369,0,20/01/2026,Shopping Vila Velha
26370,0,20/01/2026,Shopping Vila Velha
26371,0,20/01/2026,Shopping Vila Velha
26372,0,20/01/2026,Shopping Vila Velha
26373,0,20/01/2026,Shopping Vila Velha
26374,1,20/01/2026,Shopping Vila Velha
26375,1,20/01/2026,Shopping Vila Velha
26376,1,20/01/2026,Shopping Vila Velha
26377,1,20/01/2026,Shopping Vila Velha
26378,1,20/01/2026,Shopping Vila Velha
26379,0,20/01/2026,Shopping Vila Velha
26380,3,20/01/2026,Shopping Vila Velha
26381,3,20/01/2026,Shopping Vila Velha
26382,1,20/01/2026,Shopping Vila Velha
26383,0,20/01/2026,Shopping Vila Velha
26384,0,20/01/2026,Shopping Vila Velha
26385,0,20/01/2026,Shopping Vila Velha
26386,2,20/01/2026,Shopping Vila Velha
26387,2,20/01/2026,Shopping Vila Velha
26388,0,20/01/2026,Shopping Vila Velha
26389,0,20/01/2026,Shopping Vila Velha
26399,1,20/01/2026,Shopping Vila Velha
26400,0,20/01/2026,Shopping Vila Velha
26401,1,20/01/2026,Shopping Vila Velha
26402,0,20/01/2026,Shopping Vila Velha
26403,0,20/01/2026,Shopping Vila Velha
26404,0,20/01/2026,Shopping Vila Velha
26405,3,20/01/2026,Shopping Vila Velha
26406,0,20/01/2026,Shopping Vila Velha
26407,0,20/01/2026,Shopping Vila Velha
26408,0,20/01/2026,Shopping Vila Velha
26409,0,20/01/2026,Shopping Vila Velha
26410,0,20/01/2026,Shopping Vila Velha
26411,4,20/01/2026,Shopping Vila Velha
26412,0,20/01/2026,Shopping Vila Velha
26413,0,20/01/2026,Shopping Vila Velha
26414,1,20/01/2026,Shopping Vila Velha
26415,0,20/01/2026,Shopping Vila Velha
26450,0,20/01/2026,Shopping Vila Velha
26583,0,20/01/2026,Shopping Vila Velha
26589,0,20/01/2026,Shopping Vila Velha
26590,0,20/01/2026,Shopping Vila Velha
26598,1,20/01/2026,Shopping Vila Velha
26599,2,20/01/2026,Shopping Vila Velha
26600,0,20/01/2026,Shopping Vila Velha
26601,0,20/01/2026,Shopping Vila Velha
26692,0,20/01/2026,Shopping Vila Velha
26721,1,20/01/2026,Shopping Vila Velha
26722,2,20/01/2026,Shopping Vila Velha
26723,1,20/01/2026,Shopping Vila Velha
26745,0,20/01/2026,Shopping Vila Velha
26746,0,20/01/2026,Shopping Vila Velha
26747,0,20/01/2026,Shopping Vila Velha
26748,0,20/01/2026,Shopping Vila Velha
26749,0,20/01/2026,Shopping Vila Velha
26750,0,20/01/2026,Shopping Vila Velha
26751,0,20/01/2026,Shopping Vila Velha
26752,0,20/01/2026,Shopping Vila Velha
26753,0,20/01/2026,Shopping Vila Velha
26754,0,20/01/2026,Shopping Vila Velha
26755,0,20/01/2026,Shopping Vila Velha
26756,0,20/01/2026,Shopping Vila Velha
26757,0,20/01/2026,Shopping Vila Velha
26758,0,20/01/2026,Shopping Vila Velha
26759,0,20/01/2026,Shopping Vila Velha
26760,0,20/01/2026,Shopping Vila Velha
26761,0,20/01/2026,Shopping Vila Velha
26762,0,20/01/2026,Shopping Vila Velha
26764,0,20/01/2026,Shopping Vila Velha
26766,1,20/01/2026,Shopping Vila Velha
26767,2,20/01/2026,Shopping Vila Velha
26768,1,20/01/2026,Shopping Vila Velha
26769,0,20/01/2026,Shopping Vila Velha
26815,2,20/01/2026,Shopping Vila Velha
26829,0,20/01/2026,Shopping Vila Velha
26842,0,20/01/2026,Shopping Vila Velha
26843,0,20/01/2026,Shopping Vila Velha
26844,0,20/01/2026,Shopping Vila Velha
26845,2,20/01/2026,Shopping Vila Velha
26923,2,20/01/2026,Shopping Vila Velha
26931,0,20/01/2026,Shopping Vila Velha
26932,0,20/01/2026,Shopping Vila Velha
26934,0,20/01/2026,Shopping Vila Velha
26935,0,20/01/2026,Shopping Vila Velha
26936,0,20/01/2026,Shopping Vila Velha
26938,0,20/01/2026,Shopping Vila Velha
26940,0,20/01/2026,Shopping Vila Velha
26942,0,20/01/2026,Shopping Vila Velha
26944,0,20/01/2026,Shopping Vila Velha
26945,1,20/01/2026,Shopping Vila Velha
26946,1,20/01/2026,Shopping Vila Velha
26947,2,20/01/2026,Shopping Vila Velha
26948,0,20/01/2026,Shopping Vila Velha
26949,1,20/01/2026,Shopping Vila Velha
26950,2,20/01/2026,Shopping Vila Velha
26951,1,20/01/2026,Shopping Vila Velha
26952,0,20/01/2026,Shopping Vila Velha
26953,0,20/01/2026,Shopping Vila Velha
26954,0,20/01/2026,Shopping Vila Velha
26955,3,20/01/2026,Shopping Vila Velha
26957,1,20/01/2026,Shopping Vila Velha
26958,0,20/01/2026,Shopping Vila Velha
26959,1,20/01/2026,Shopping Vila Velha
26960,0,20/01/2026,Shopping Vila Velha
26975,0,20/01/2026,Shopping Vila Velha
26978,1,20/01/2026,Shopping Vila Velha
26979,0,20/01/2026,Shopping Vila Velha
27003,0,20/01/2026,Shopping Vila Velha
27013,0,20/01/2026,Shopping Vila Velha
27017,1,20/01/2026,Shopping Vila Velha
27027,0,20/01/2026,Shopping Vila Velha
27028,1,20/01/2026,Shopping Vila Velha
27029,1,20/01/2026,Shopping Vila Velha
27030,0,20/01/2026,Shopping Vila Velha
27031,0,20/01/2026,Shopping Vila Velha
27032,0,20/01/2026,Shopping Vila Velha
27055,2,20/01/2026,Shopping Vila Velha
27056,1,20/01/2026,Shopping Vila Velha
27057,1,20/01/2026,Shopping Vila Velha
27058,1,20/01/2026,Shopping Vila Velha
27059,0,20/01/2026,Shopping Vila Velha
27060,2,20/01/2026,Shopping Vila Velha
27061,0,20/01/2026,Shopping Vila Velha
27062,2,20/01/2026,Shopping Vila Velha
27063,2,20/01/2026,Shopping Vila Velha
27064,0,20/01/2026,Shopping Vila Velha
27065,1,20/01/2026,Shopping Vila Velha
27066,2,20/01/2026,Shopping Vila Velha
27067,0,20/01/2026,Shopping Vila Velha
27068,2,20/01/2026,Shopping Vila Velha
27069,2,20/01/2026,Shopping Vila Velha
27070,1,20/01/2026,Shopping Vila Velha
27071,2,20/01/2026,Shopping Vila Velha
27072,2,20/01/2026,Shopping Vila Velha
27090,0,20/01/2026,Shopping Vila Velha
27097,1,20/01/2026,Shopping Vila Velha
27098,2,20/01/2026,Shopping Vila Velha
27108,2,20/01/2026,Shopping Vila Velha
27109,1,20/01/2026,Shopping Vila Velha
27110,0,20/01/2026,Shopping Vila Velha
27111,1,20/01/2026,Shopping Vila Velha
27112,0,20/01/2026,Shopping Vila Velha
27113,1,20/01/2026,Shopping Vila Velha
27114,1,20/01/2026,Shopping Vila Velha
27115,0,20/01/2026,Shopping Vila Velha
27116,2,20/01/2026,Shopping Vila Velha
27125,1,20/01/2026,Shopping Vila Velha
27130,3,20/01/2026,Shopping Vila Velha
27131,0,20/01/2026,Shopping Vila Velha
27132,0,20/01/2026,Shopping Vila Velha
27133,0,20/01/2026,Shopping Vila Velha
27184,0,20/01/2026,Shopping Vila Velha
27188,1,20/01/2026,Shopping Vila Velha
27189,2,20/01/2026,Shopping Vila Velha
27190,0,20/01/2026,Shopping Vila Velha
27191,0,20/01/2026,Shopping Vila Velha
27192,0,20/01/2026,Shopping Vila Velha
27193,0,20/01/2026,Shopping Vila Velha
27211,0,20/01/2026,Shopping Vila Velha
27219,0,20/01/2026,Shopping Vila Velha
27227,0,20/01/2026,Shopping Vila Velha
27229,1,20/01/2026,Shopping Vila Velha
27230,1,20/01/2026,Shopping Vila Velha
27231,0,20/01/2026,Shopping Vila Velha
27233,0,20/01/2026,Shopping Vila Velha
27234,1,20/01/2026,Shopping Vila Velha
27235,1,20/01/2026,Shopping Vila Velha
27238,0,20/01/2026,Shopping Vila Velha
27251,0,20/01/2026,Shopping Vila Velha
27252,0,20/01/2026,Shopping Vila Velha
27253,0,20/01/2026,Shopping Vila Velha
27254,0,20/01/2026,Shopping Vila Velha
27256,2,20/01/2026,Shopping Vila Velha
27257,0,20/01/2026,Shopping Vila Velha
27258,1,20/01/2026,Shopping Vila Velha
27259,2,20/01/2026,Shopping Vila Velha
27260,0,20/01/2026,Shopping Vila Velha
27261,0,20/01/2026,Shopping Vila Velha
27262,0,20/01/2026,Shopping Vila Velha
27263,0,20/01/2026,Shopping Vila Velha
27264,0,20/01/2026,Shopping Vila Velha
27265,0,20/01/2026,Shopping Vila Velha
27273,0,20/01/2026,Shopping Vila Velha
27274,0,20/01/2026,Shopping Vila Velha
27275,0,20/01/2026,Shopping Vila Velha
27276,0,20/01/2026,Shopping Vila Velha
27277,0,20/01/2026,Shopping Vila Velha
27278,0,20/01/2026,Shopping Vila Velha
27279,0,20/01/2026,Shopping Vila Velha
27280,0,20/01/2026,Shopping Vila Velha
27281,0,20/01/2026,Shopping Vila Velha
27282,0,20/01/2026,Shopping Vila Velha
27283,0,20/01/2026,Shopping Vila Velha
27284,0,20/01/2026,Shopping Vila Velha
27285,0,20/01/2026,Shopping Vila Velha
27286,0,20/01/2026,Shopping Vila Velha
27287,0,20/01/2026,Shopping Vila Velha
27449,1,20/01/2026,Shopping Vila Velha
27482,0,20/01/2026,Shopping Vila Velha
27483,0,20/01/2026,Shopping Vila Velha
27491,1,20/01/2026,Shopping Vila Velha
27495,2,20/01/2026,Shopping Vila Velha
27496,1,20/01/2026,Shopping Vila Velha
27497,1,20/01/2026,Shopping Vila Velha
27498,2,20/01/2026,Shopping Vila Velha
27509,0,20/01/2026,Shopping Vila Velha
27510,0,20/01/2026,Shopping Vila Velha
27511,0,20/01/2026,Shopping Vila Velha
27532,0,20/01/2026,Shopping Vila Velha
27533,0,20/01/2026,Shopping Vila Velha
27534,0,20/01/2026,Shopping Vila Velha
27535,0,20/01/2026,Shopping Vila Velha
27537,0,20/01/2026,Shopping Vila Velha
27538,0,20/01/2026,Shopping Vila Velha
27539,0,20/01/2026,Shopping Vila Velha
27540,0,20/01/2026,Shopping Vila Velha
27541,0,20/01/2026,Shopping Vila Velha
27551,0,20/01/2026,Shopping Vila Velha
27634,0,20/01/2026,Shopping Vila Velha
27660,1,20/01/2026,Shopping Vila Velha
27662,0,20/01/2026,Shopping Vila Velha
27669,0,20/01/2026,Shopping Vila Velha
27673,0,20/01/2026,Shopping Vila Velha
27715,0,20/01/2026,Shopping Vila Velha
27716,0,20/01/2026,Shopping Vila Velha
313,0,20/01/2026,Shopping Vitoria
322,0,20/01/2026,Shopping Vitoria
338,0,20/01/2026,Shopping Vitoria
341,0,20/01/2026,Shopping Vitoria
398,0,20/01/2026,Shopping Vitoria
610,0,20/01/2026,Shopping Vitoria
674,0,20/01/2026,Shopping Vitoria
727,0,20/01/2026,Shopping Vitoria
887,0,20/01/2026,Shopping Vitoria
888,5,20/01/2026,Shopping Vitoria
889,6,20/01/2026,Shopping Vitoria
890,0,20/01/2026,Shopping Vitoria
1049,0,20/01/2026,Shopping Vitoria
1100,0,20/01/2026,Shopping Vitoria
1109,3,20/01/2026,Shopping Vitoria
1119,0,20/01/2026,Shopping Vitoria
1276,0,20/01/2026,Shopping Vitoria
1277,0,20/01/2026,Shopping Vitoria
1362,0,20/01/2026,Shopping Vitoria
1363,0,20/01/2026,Shopping Vitoria
1367,4,20/01/2026,Shopping Vitoria
1368,1,20/01/2026,Shopping Vitoria
1405,6,20/01/2026,Shopping Vitoria
1438,0,20/01/2026,Shopping Vitoria
1499,0,20/01/2026,Shopping Vitoria
1526,0,20/01/2026,Shopping Vitoria
1712,0,20/01/2026,Shopping Vitoria
1941,0,20/01/2026,Shopping Vitoria
2197,0,20/01/2026,Shopping Vitoria
2200,0,20/01/2026,Shopping Vitoria
2202,0,20/01/2026,Shopping Vitoria
2207,0,20/01/2026,Shopping Vitoria
2208,0,20/01/2026,Shopping Vitoria
2217,0,20/01/2026,Shopping Vitoria
2398,0,20/01/2026,Shopping Vitoria
2403,0,20/01/2026,Shopping Vitoria
2617,2,20/01/2026,Shopping Vitoria
2646,0,20/01/2026,Shopping Vitoria
2693,0,20/01/2026,Shopping Vitoria
2697,0,20/01/2026,Shopping Vitoria
2721,0,20/01/2026,Shopping Vitoria
2723,0,20/01/2026,Shopping Vitoria
2725,0,20/01/2026,Shopping Vitoria
2811,1,20/01/2026,Shopping Vitoria
2842,0,20/01/2026,Shopping Vitoria
2844,0,20/01/2026,Shopping Vitoria
2845,0,20/01/2026,Shopping Vitoria
2867,0,20/01/2026,Shopping Vitoria
2881,0,20/01/2026,Shopping Vitoria
2930,0,20/01/2026,Shopping Vitoria
3056,2,20/01/2026,Shopping Vitoria
3065,0,20/01/2026,Shopping Vitoria
3099,0,20/01/2026,Shopping Vitoria
3147,3,20/01/2026,Shopping Vitoria
3190,0,20/01/2026,Shopping Vitoria
3406,0,20/01/2026,Shopping Vitoria
3462,0,20/01/2026,Shopping Vitoria
3532,0,20/01/2026,Shopping Vitoria
3533,0,20/01/2026,Shopping Vitoria
3554,0,20/01/2026,Shopping Vitoria
3555,0,20/01/2026,Shopping Vitoria
3556,0,20/01/2026,Shopping Vitoria
3573,0,20/01/2026,Shopping Vitoria
3746,0,20/01/2026,Shopping Vitoria
3747,0,20/01/2026,Shopping Vitoria
3751,0,20/01/2026,Shopping Vitoria
3800,0,20/01/2026,Shopping Vitoria
3823,0,20/01/2026,Shopping Vitoria
3825,0,20/01/2026,Shopping Vitoria
3871,0,20/01/2026,Shopping Vitoria
3882,0,20/01/2026,Shopping Vitoria
3901,0,20/01/2026,Shopping Vitoria
3904,0,20/01/2026,Shopping Vitoria
3905,0,20/01/2026,Shopping Vitoria
3906,0,20/01/2026,Shopping Vitoria
3969,0,20/01/2026,Shopping Vitoria
4028,2,20/01/2026,Shopping Vitoria
4030,4,20/01/2026,Shopping Vitoria
4031,0,20/01/2026,Shopping Vitoria
4032,0,20/01/2026,Shopping Vitoria
4033,0,20/01/2026,Shopping Vitoria
4034,0,20/01/2026,Shopping Vitoria
4035,0,20/01/2026,Shopping Vitoria
4054,0,20/01/2026,Shopping Vitoria
4111,0,20/01/2026,Shopping Vitoria
4112,0,20/01/2026,Shopping Vitoria
4113,0,20/01/2026,Shopping Vitoria
4114,0,20/01/2026,Shopping Vitoria
4140,0,20/01/2026,Shopping Vitoria
4141,0,20/01/2026,Shopping Vitoria
4147,0,20/01/2026,Shopping Vitoria
4148,0,20/01/2026,Shopping Vitoria
4149,0,20/01/2026,Shopping Vitoria
4160,0,20/01/2026,Shopping Vitoria
4310,0,20/01/2026,Shopping Vitoria
4312,0,20/01/2026,Shopping Vitoria
4325,0,20/01/2026,Shopping Vitoria
4347,0,20/01/2026,Shopping Vitoria
4348,6,20/01/2026,Shopping Vitoria
4349,5,20/01/2026,Shopping Vitoria
4350,0,20/01/2026,Shopping Vitoria
4351,0,20/01/2026,Shopping Vitoria
4352,2,20/01/2026,Shopping Vitoria
4353,0,20/01/2026,Shopping Vitoria
4354,6,20/01/2026,Shopping Vitoria
4355,14,20/01/2026,Shopping Vitoria
4356,2,20/01/2026,Shopping Vitoria
4357,0,20/01/2026,Shopping Vitoria
4358,0,20/01/2026,Shopping Vitoria
4359,0,20/01/2026,Shopping Vitoria
4362,2,20/01/2026,Shopping Vitoria
4363,3,20/01/2026,Shopping Vitoria
4364,0,20/01/2026,Shopping Vitoria
4365,6,20/01/2026,Shopping Vitoria
4366,2,20/01/2026,Shopping Vitoria
4367,5,20/01/2026,Shopping Vitoria
4368,0,20/01/2026,Shopping Vitoria
4372,0,20/01/2026,Shopping Vitoria
4380,3,20/01/2026,Shopping Vitoria
4382,0,20/01/2026,Shopping Vitoria
4395,1,20/01/2026,Shopping Vitoria
4434,0,20/01/2026,Shopping Vitoria
4456,0,20/01/2026,Shopping Vitoria
4457,1,20/01/2026,Shopping Vitoria
4459,0,20/01/2026,Shopping Vitoria
4460,0,20/01/2026,Shopping Vitoria
4497,3,20/01/2026,Shopping Vitoria
4499,0,20/01/2026,Shopping Vitoria
4550,0,20/01/2026,Shopping Vitoria
4600,0,20/01/2026,Shopping Vitoria
4658,0,20/01/2026,Shopping Vitoria
4660,0,20/01/2026,Shopping Vitoria
4687,0,20/01/2026,Shopping Vitoria
4688,0,20/01/2026,Shopping Vitoria
4700,0,20/01/2026,Shopping Vitoria
4725,0,20/01/2026,Shopping Vitoria
4726,0,20/01/2026,Shopping Vitoria
4727,0,20/01/2026,Shopping Vitoria
4728,3,20/01/2026,Shopping Vitoria
4750,0,20/01/2026,Shopping Vitoria
4882,0,20/01/2026,Shopping Vitoria
4980,0,20/01/2026,Shopping Vitoria
4981,0,20/01/2026,Shopping Vitoria
5049,0,20/01/2026,Shopping Vitoria
5702,1,20/01/2026,Shopping Vitoria
5703,0,20/01/2026,Shopping Vitoria
5704,0,20/01/2026,Shopping Vitoria
5705,0,20/01/2026,Shopping Vitoria
6332,0,20/01/2026,Shopping Vitoria
8144,3,20/01/2026,Shopping Vitoria
8145,0,20/01/2026,Shopping Vitoria
8146,0,20/01/2026,Shopping Vitoria
8152,0,20/01/2026,Shopping Vitoria
8153,1,20/01/2026,Shopping Vitoria
8154,14,20/01/2026,Shopping Vitoria
8155,0,20/01/2026,Shopping Vitoria
8156,0,20/01/2026,Shopping Vitoria
8157,4,20/01/2026,Shopping Vitoria
8158,0,20/01/2026,Shopping Vitoria
8159,3,20/01/2026,Shopping Vitoria
8520,1,20/01/2026,Shopping Vitoria
8521,0,20/01/2026,Shopping Vitoria
20715,0,20/01/2026,Shopping Vitoria
20716,0,20/01/2026,Shopping Vitoria
20717,0,20/01/2026,Shopping Vitoria
20718,0,20/01/2026,Shopping Vitoria
20719,3,20/01/2026,Shopping Vitoria
20720,5,20/01/2026,Shopping Vitoria
20721,0,20/01/2026,Shopping Vitoria
20722,1,20/01/2026,Shopping Vitoria
20723,0,20/01/2026,Shopping Vitoria
20737,7,20/01/2026,Shopping Vitoria
20755,0,20/01/2026,Shopping Vitoria
20790,0,20/01/2026,Shopping Vitoria
20791,0,20/01/2026,Shopping Vitoria
20792,0,20/01/2026,Shopping Vitoria
20793,0,20/01/2026,Shopping Vitoria
20833,0,20/01/2026,Shopping Vitoria
20834,0,20/01/2026,Shopping Vitoria
20875,0,20/01/2026,Shopping Vitoria
20877,0,20/01/2026,Shopping Vitoria
20990,0,20/01/2026,Shopping Vitoria
21069,2,20/01/2026,Shopping Vitoria
21080,0,20/01/2026,Shopping Vitoria
21113,0,20/01/2026,Shopping Vitoria
21143,1,20/01/2026,Shopping Vitoria
21144,0,20/01/2026,Shopping Vitoria
21145,0,20/01/2026,Shopping Vitoria
21146,0,20/01/2026,Shopping Vitoria
21147,0,20/01/2026,Shopping Vitoria
21148,0,20/01/2026,Shopping Vitoria
21149,0,20/01/2026,Shopping Vitoria
21190,0,20/01/2026,Shopping Vitoria
21191,0,20/01/2026,Shopping Vitoria
21227,1,20/01/2026,Shopping Vitoria
21255,0,20/01/2026,Shopping Vitoria
21267,0,20/01/2026,Shopping Vitoria
21279,1,20/01/2026,Shopping Vitoria
21286,2,20/01/2026,Shopping Vitoria
21288,0,20/01/2026,Shopping Vitoria
21289,1,20/01/2026,Shopping Vitoria
21290,2,20/01/2026,Shopping Vitoria
21291,0,20/01/2026,Shopping Vitoria
21295,2,20/01/2026,Shopping Vitoria
21296,2,20/01/2026,Shopping Vitoria
21299,3,20/01/2026,Shopping Vitoria
21300,3,20/01/2026,Shopping Vitoria
21309,0,20/01/2026,Shopping Vitoria
21311,0,20/01/2026,Shopping Vitoria
21312,0,20/01/2026,Shopping Vitoria
21313,0,20/01/2026,Shopping Vitoria
21314,0,20/01/2026,Shopping Vitoria
21315,0,20/01/2026,Shopping Vitoria
21316,3,20/01/2026,Shopping Vitoria
21317,0,20/01/2026,Shopping Vitoria
21383,0,20/01/2026,Shopping Vitoria
21414,1,20/01/2026,Shopping Vitoria
21458,2,20/01/2026,Shopping Vitoria
21462,1,20/01/2026,Shopping Vitoria
21463,1,20/01/2026,Shopping Vitoria
21464,1,20/01/2026,Shopping Vitoria
21466,1,20/01/2026,Shopping Vitoria
21467,1,20/01/2026,Shopping Vitoria
21492,0,20/01/2026,Shopping Vitoria
21510,0,20/01/2026,Shopping Vitoria
21511,1,20/01/2026,Shopping Vitoria
21512,2,20/01/2026,Shopping Vitoria
21513,1,20/01/2026,Shopping Vitoria
21514,0,20/01/2026,Shopping Vitoria
21547,0,20/01/2026,Shopping Vitoria
21557,2,20/01/2026,Shopping Vitoria
21574,0,20/01/2026,Shopping Vitoria
21575,0,20/01/2026,Shopping Vitoria
21576,0,20/01/2026,Shopping Vitoria
21581,0,20/01/2026,Shopping Vitoria
21582,0,20/01/2026,Shopping Vitoria
21583,3,20/01/2026,Shopping Vitoria
21601,1,20/01/2026,Shopping Vitoria
21613,0,20/01/2026,Shopping Vitoria
21614,0,20/01/2026,Shopping Vitoria
21682,1,20/01/2026,Shopping Vitoria
21691,2,20/01/2026,Shopping Vitoria
21694,0,20/01/2026,Shopping Vitoria
21696,2,20/01/2026,Shopping Vitoria
21697,0,20/01/2026,Shopping Vitoria
21698,2,20/01/2026,Shopping Vitoria
21703,0,20/01/2026,Shopping Vitoria
21704,0,20/01/2026,Shopping Vitoria
21710,0,20/01/2026,Shopping Vitoria
21717,0,20/01/2026,Shopping Vitoria
21718,0,20/01/2026,Shopping Vitoria
21719,0,20/01/2026,Shopping Vitoria
21875,0,20/01/2026,Shopping Vitoria
21876,0,20/01/2026,Shopping Vitoria
21905,1,20/01/2026,Shopping Vitoria
21909,0,20/01/2026,Shopping Vitoria
21910,0,20/01/2026,Shopping Vitoria
21911,0,20/01/2026,Shopping Vitoria
21912,0,20/01/2026,Shopping Vitoria
21913,0,20/01/2026,Shopping Vitoria
21914,0,20/01/2026,Shopping Vitoria
21915,0,20/01/2026,Shopping Vitoria
21917,0,20/01/2026,Shopping Vitoria
21918,0,20/01/2026,Shopping Vitoria
21919,1,20/01/2026,Shopping Vitoria
21920,0,20/01/2026,Shopping Vitoria
21921,2,20/01/2026,Shopping Vitoria
21923,2,20/01/2026,Shopping Vitoria
21924,0,20/01/2026,Shopping Vitoria
21925,0,20/01/2026,Shopping Vitoria
21926,0,20/01/2026,Shopping Vitoria
21927,1,20/01/2026,Shopping Vitoria
22000,0,20/01/2026,Shopping Vitoria
22001,0,20/01/2026,Shopping Vitoria
22002,0,20/01/2026,Shopping Vitoria
22101,0,20/01/2026,Shopping Vitoria
22102,0,20/01/2026,Shopping Vitoria
22103,0,20/01/2026,Shopping Vitoria
22114,1,20/01/2026,Shopping Vitoria
22191,1,20/01/2026,Shopping Vitoria
22278,0,20/01/2026,Shopping Vitoria
22306,0,20/01/2026,Shopping Vitoria
22307,0,20/01/2026,Shopping Vitoria
22308,0,20/01/2026,Shopping Vitoria
22403,0,20/01/2026,Shopping Vitoria
22417,0,20/01/2026,Shopping Vitoria
22476,0,20/01/2026,Shopping Vitoria
22477,0,20/01/2026,Shopping Vitoria
22482,0,20/01/2026,Shopping Vitoria
22487,0,20/01/2026,Shopping Vitoria
22492,0,20/01/2026,Shopping Vitoria
22504,0,20/01/2026,Shopping Vitoria
22515,1,20/01/2026,Shopping Vitoria
22547,0,20/01/2026,Shopping Vitoria
22578,0,20/01/2026,Shopping Vitoria
22589,0,20/01/2026,Shopping Vitoria
22590,3,20/01/2026,Shopping Vitoria
22595,0,20/01/2026,Shopping Vitoria
22597,0,20/01/2026,Shopping Vitoria
22598,0,20/01/2026,Shopping Vitoria
22642,0,20/01/2026,Shopping Vitoria
22666,0,20/01/2026,Shopping Vitoria
22667,0,20/01/2026,Shopping Vitoria
22668,0,20/01/2026,Shopping Vitoria
22756,3,20/01/2026,Shopping Vitoria
22850,0,20/01/2026,Shopping Vitoria
22854,0,20/01/2026,Shopping Vitoria
22859,1,20/01/2026,Shopping Vitoria
22870,0,20/01/2026,Shopping Vitoria
22883,0,20/01/2026,Shopping Vitoria
22922,0,20/01/2026,Shopping Vitoria
22923,0,20/01/2026,Shopping Vitoria
22980,0,20/01/2026,Shopping Vitoria
22985,0,20/01/2026,Shopping Vitoria
22987,2,20/01/2026,Shopping Vitoria
22988,0,20/01/2026,Shopping Vitoria
22990,0,20/01/2026,Shopping Vitoria
23003,0,20/01/2026,Shopping Vitoria
23004,1,20/01/2026,Shopping Vitoria
23005,0,20/01/2026,Shopping Vitoria
23006,0,20/01/2026,Shopping Vitoria
23007,0,20/01/2026,Shopping Vitoria
23008,0,20/01/2026,Shopping Vitoria
23010,0,20/01/2026,Shopping Vitoria
23011,0,20/01/2026,Shopping Vitoria
23012,0,20/01/2026,Shopping Vitoria
23013,0,20/01/2026,Shopping Vitoria
23014,0,20/01/2026,Shopping Vitoria
23015,0,20/01/2026,Shopping Vitoria
23016,0,20/01/2026,Shopping Vitoria
23017,0,20/01/2026,Shopping Vitoria
23018,0,20/01/2026,Shopping Vitoria
23019,0,20/01/2026,Shopping Vitoria
23020,0,20/01/2026,Shopping Vitoria
23023,0,20/01/2026,Shopping Vitoria
23024,0,20/01/2026,Shopping Vitoria
23061,0,20/01/2026,Shopping Vitoria
23062,0,20/01/2026,Shopping Vitoria
23063,0,20/01/2026,Shopping Vitoria
23064,0,20/01/2026,Shopping Vitoria
23065,0,20/01/2026,Shopping Vitoria
23066,0,20/01/2026,Shopping Vitoria
23067,0,20/01/2026,Shopping Vitoria
23082,0,20/01/2026,Shopping Vitoria
23083,1,20/01/2026,Shopping Vitoria
23158,0,20/01/2026,Shopping Vitoria
23186,0,20/01/2026,Shopping Vitoria
23189,1,20/01/2026,Shopping Vitoria
23217,1,20/01/2026,Shopping Vitoria
23218,0,20/01/2026,Shopping Vitoria
23224,0,20/01/2026,Shopping Vitoria
23234,0,20/01/2026,Shopping Vitoria
23264,0,20/01/2026,Shopping Vitoria
23265,0,20/01/2026,Shopping Vitoria
23266,0,20/01/2026,Shopping Vitoria
23267,0,20/01/2026,Shopping Vitoria
23268,0,20/01/2026,Shopping Vitoria
23269,0,20/01/2026,Shopping Vitoria
23270,0,20/01/2026,Shopping Vitoria
23271,0,20/01/2026,Shopping Vitoria
23273,0,20/01/2026,Shopping Vitoria
23277,0,20/01/2026,Shopping Vitoria
23284,1,20/01/2026,Shopping Vitoria
23285,1,20/01/2026,Shopping Vitoria
23286,0,20/01/2026,Shopping Vitoria
23321,1,20/01/2026,Shopping Vitoria
23323,0,20/01/2026,Shopping Vitoria
23325,0,20/01/2026,Shopping Vitoria
23341,0,20/01/2026,Shopping Vitoria
23342,0,20/01/2026,Shopping Vitoria
23364,0,20/01/2026,Shopping Vitoria
23376,0,20/01/2026,Shopping Vitoria
23397,0,20/01/2026,Shopping Vitoria
23443,0,20/01/2026,Shopping Vitoria
23461,0,20/01/2026,Shopping Vitoria
23472,0,20/01/2026,Shopping Vitoria
23473,0,20/01/2026,Shopping Vitoria
23476,0,20/01/2026,Shopping Vitoria
23590,3,20/01/2026,Shopping Vitoria
23703,0,20/01/2026,Shopping Vitoria
23714,0,20/01/2026,Shopping Vitoria
23715,0,20/01/2026,Shopping Vitoria
23716,0,20/01/2026,Shopping Vitoria
23717,0,20/01/2026,Shopping Vitoria
23718,0,20/01/2026,Shopping Vitoria
23719,0,20/01/2026,Shopping Vitoria
23720,0,20/01/2026,Shopping Vitoria
23725,1,20/01/2026,Shopping Vitoria
23726,0,20/01/2026,Shopping Vitoria
23727,0,20/01/2026,Shopping Vitoria
23728,0,20/01/2026,Shopping Vitoria
23730,0,20/01/2026,Shopping Vitoria
23731,0,20/01/2026,Shopping Vitoria
23737,0,20/01/2026,Shopping Vitoria
23738,0,20/01/2026,Shopping Vitoria
23739,0,20/01/2026,Shopping Vitoria
23740,0,20/01/2026,Shopping Vitoria
23741,0,20/01/2026,Shopping Vitoria
23742,0,20/01/2026,Shopping Vitoria
23744,0,20/01/2026,Shopping Vitoria
23745,0,20/01/2026,Shopping Vitoria
23746,0,20/01/2026,Shopping Vitoria
23747,0,20/01/2026,Shopping Vitoria
23748,0,20/01/2026,Shopping Vitoria
23755,0,20/01/2026,Shopping Vitoria
23807,2,20/01/2026,Shopping Vitoria
23810,0,20/01/2026,Shopping Vitoria
23814,0,20/01/2026,Shopping Vitoria
23817,0,20/01/2026,Shopping Vitoria
23818,0,20/01/2026,Shopping Vitoria
23819,0,20/01/2026,Shopping Vitoria
23820,0,20/01/2026,Shopping Vitoria
23821,0,20/01/2026,Shopping Vitoria
23822,0,20/01/2026,Shopping Vitoria
23827,0,20/01/2026,Shopping Vitoria
23828,0,20/01/2026,Shopping Vitoria
23829,0,20/01/2026,Shopping Vitoria
23830,0,20/01/2026,Shopping Vitoria
23887,0,20/01/2026,Shopping Vitoria
23893,2,20/01/2026,Shopping Vitoria
23894,0,20/01/2026,Shopping Vitoria
23895,3,20/01/2026,Shopping Vitoria
23896,1,20/01/2026,Shopping Vitoria
23897,4,20/01/2026,Shopping Vitoria
23898,2,20/01/2026,Shopping Vitoria
23899,3,20/01/2026,Shopping Vitoria
23900,4,20/01/2026,Shopping Vitoria
23901,2,20/01/2026,Shopping Vitoria
23902,0,20/01/2026,Shopping Vitoria
23903,0,20/01/2026,Shopping Vitoria
23904,1,20/01/2026,Shopping Vitoria
23905,2,20/01/2026,Shopping Vitoria
23906,4,20/01/2026,Shopping Vitoria
23907,2,20/01/2026,Shopping Vitoria
23908,0,20/01/2026,Shopping Vitoria
23909,0,20/01/2026,Shopping Vitoria
23910,15,20/01/2026,Shopping Vitoria
23911,2,20/01/2026,Shopping Vitoria
23912,3,20/01/2026,Shopping Vitoria
23913,10,20/01/2026,Shopping Vitoria
23914,1,20/01/2026,Shopping Vitoria
23915,1,20/01/2026,Shopping Vitoria
23916,2,20/01/2026,Shopping Vitoria
23917,0,20/01/2026,Shopping Vitoria
23918,0,20/01/2026,Shopping Vitoria
23919,5,20/01/2026,Shopping Vitoria
23920,0,20/01/2026,Shopping Vitoria
23921,1,20/01/2026,Shopping Vitoria
23922,3,20/01/2026,Shopping Vitoria
23923,1,20/01/2026,Shopping Vitoria
23924,0,20/01/2026,Shopping Vitoria
23925,2,20/01/2026,Shopping Vitoria
23926,0,20/01/2026,Shopping Vitoria
23927,2,20/01/2026,Shopping Vitoria
23928,0,20/01/2026,Shopping Vitoria
23929,5,20/01/2026,Shopping Vitoria
23930,0,20/01/2026,Shopping Vitoria
23931,0,20/01/2026,Shopping Vitoria
23932,0,20/01/2026,Shopping Vitoria
23934,1,20/01/2026,Shopping Vitoria
23935,0,20/01/2026,Shopping Vitoria
23936,7,20/01/2026,Shopping Vitoria
23937,0,20/01/2026,Shopping Vitoria
23938,2,20/01/2026,Shopping Vitoria
23939,0,20/01/2026,Shopping Vitoria
23940,3,20/01/2026,Shopping Vitoria
23941,0,20/01/2026,Shopping Vitoria
23942,2,20/01/2026,Shopping Vitoria
23943,0,20/01/2026,Shopping Vitoria
23944,1,20/01/2026,Shopping Vitoria
23945,1,20/01/2026,Shopping Vitoria
23946,2,20/01/2026,Shopping Vitoria
23947,0,20/01/2026,Shopping Vitoria
23948,0,20/01/2026,Shopping Vitoria
23949,0,20/01/2026,Shopping Vitoria
23950,2,20/01/2026,Shopping Vitoria
23951,2,20/01/2026,Shopping Vitoria
23952,0,20/01/2026,Shopping Vitoria
23953,0,20/01/2026,Shopping Vitoria
23954,0,20/01/2026,Shopping Vitoria
23955,2,20/01/2026,Shopping Vitoria
23956,1,20/01/2026,Shopping Vitoria
23958,0,20/01/2026,Shopping Vitoria
23960,1,20/01/2026,Shopping Vitoria
23961,2,20/01/2026,Shopping Vitoria
23962,0,20/01/2026,Shopping Vitoria
23963,1,20/01/2026,Shopping Vitoria
23964,0,20/01/2026,Shopping Vitoria
23965,3,20/01/2026,Shopping Vitoria
23966,0,20/01/2026,Shopping Vitoria
23967,2,20/01/2026,Shopping Vitoria
23968,1,20/01/2026,Shopping Vitoria
23969,1,20/01/2026,Shopping Vitoria
23970,1,20/01/2026,Shopping Vitoria
23971,1,20/01/2026,Shopping Vitoria
23972,4,20/01/2026,Shopping Vitoria
23973,0,20/01/2026,Shopping Vitoria
23974,2,20/01/2026,Shopping Vitoria
23975,1,20/01/2026,Shopping Vitoria
23976,2,20/01/2026,Shopping Vitoria
23977,2,20/01/2026,Shopping Vitoria
23978,1,20/01/2026,Shopping Vitoria
23979,3,20/01/2026,Shopping Vitoria
23980,5,20/01/2026,Shopping Vitoria
23981,1,20/01/2026,Shopping Vitoria
23982,4,20/01/2026,Shopping Vitoria
23983,3,20/01/2026,Shopping Vitoria
23984,0,20/01/2026,Shopping Vitoria
23985,3,20/01/2026,Shopping Vitoria
23986,0,20/01/2026,Shopping Vitoria
23987,2,20/01/2026,Shopping Vitoria
23988,0,20/01/2026,Shopping Vitoria
23989,1,20/01/2026,Shopping Vitoria
23990,0,20/01/2026,Shopping Vitoria
23991,0,20/01/2026,Shopping Vitoria
23992,0,20/01/2026,Shopping Vitoria
23993,0,20/01/2026,Shopping Vitoria
23994,1,20/01/2026,Shopping Vitoria
23995,0,20/01/2026,Shopping Vitoria
23996,0,20/01/2026,Shopping Vitoria
23997,0,20/01/2026,Shopping Vitoria
23998,2,20/01/2026,Shopping Vitoria
24000,1,20/01/2026,Shopping Vitoria
24001,2,20/01/2026,Shopping Vitoria
24002,1,20/01/2026,Shopping Vitoria
24003,1,20/01/2026,Shopping Vitoria
24004,1,20/01/2026,Shopping Vitoria
24005,2,20/01/2026,Shopping Vitoria
24006,0,20/01/2026,Shopping Vitoria
24007,1,20/01/2026,Shopping Vitoria
24008,1,20/01/2026,Shopping Vitoria
24009,0,20/01/2026,Shopping Vitoria
24010,1,20/01/2026,Shopping Vitoria
24011,3,20/01/2026,Shopping Vitoria
24012,0,20/01/2026,Shopping Vitoria
24013,0,20/01/2026,Shopping Vitoria
24014,2,20/01/2026,Shopping Vitoria
24015,0,20/01/2026,Shopping Vitoria
24016,1,20/01/2026,Shopping Vitoria
24017,0,20/01/2026,Shopping Vitoria
24018,0,20/01/2026,Shopping Vitoria
24019,0,20/01/2026,Shopping Vitoria
24021,0,20/01/2026,Shopping Vitoria
24022,0,20/01/2026,Shopping Vitoria
24023,0,20/01/2026,Shopping Vitoria
24024,0,20/01/2026,Shopping Vitoria
24025,5,20/01/2026,Shopping Vitoria
24026,0,20/01/2026,Shopping Vitoria
24027,5,20/01/2026,Shopping Vitoria
24028,1,20/01/2026,Shopping Vitoria
24029,20,20/01/2026,Shopping Vitoria
24030,1,20/01/2026,Shopping Vitoria
24031,2,20/01/2026,Shopping Vitoria
24032,0,20/01/2026,Shopping Vitoria
24033,3,20/01/2026,Shopping Vitoria
24036,0,20/01/2026,Shopping Vitoria
24037,0,20/01/2026,Shopping Vitoria
24100,2,20/01/2026,Shopping Vitoria
24101,1,20/01/2026,Shopping Vitoria
24102,2,20/01/2026,Shopping Vitoria
24103,6,20/01/2026,Shopping Vitoria
24104,4,20/01/2026,Shopping Vitoria
24105,2,20/01/2026,Shopping Vitoria
24106,5,20/01/2026,Shopping Vitoria
24107,7,20/01/2026,Shopping Vitoria
24108,5,20/01/2026,Shopping Vitoria
24109,2,20/01/2026,Shopping Vitoria
24110,4,20/01/2026,Shopping Vitoria
24111,2,20/01/2026,Shopping Vitoria
24112,0,20/01/2026,Shopping Vitoria
24113,0,20/01/2026,Shopping Vitoria
24115,1,20/01/2026,Shopping Vitoria
24116,1,20/01/2026,Shopping Vitoria
24117,2,20/01/2026,Shopping Vitoria
24118,2,20/01/2026,Shopping Vitoria
24119,4,20/01/2026,Shopping Vitoria
24120,1,20/01/2026,Shopping Vitoria
24121,0,20/01/2026,Shopping Vitoria
24122,1,20/01/2026,Shopping Vitoria
24123,2,20/01/2026,Shopping Vitoria
24124,2,20/01/2026,Shopping Vitoria
24125,1,20/01/2026,Shopping Vitoria
24126,0,20/01/2026,Shopping Vitoria
24127,0,20/01/2026,Shopping Vitoria
24128,0,20/01/2026,Shopping Vitoria
24129,0,20/01/2026,Shopping Vitoria
24130,0,20/01/2026,Shopping Vitoria
24131,0,20/01/2026,Shopping Vitoria
24134,0,20/01/2026,Shopping Vitoria
24135,0,20/01/2026,Shopping Vitoria
24136,2,20/01/2026,Shopping Vitoria
24137,2,20/01/2026,Shopping Vitoria
24140,1,20/01/2026,Shopping Vitoria
24142,0,20/01/2026,Shopping Vitoria
24149,0,20/01/2026,Shopping Vitoria
24154,0,20/01/2026,Shopping Vitoria
24158,6,20/01/2026,Shopping Vitoria
24159,2,20/01/2026,Shopping Vitoria
24160,1,20/01/2026,Shopping Vitoria
24163,0,20/01/2026,Shopping Vitoria
24164,0,20/01/2026,Shopping Vitoria
24165,0,20/01/2026,Shopping Vitoria
24166,2,20/01/2026,Shopping Vitoria
24167,2,20/01/2026,Shopping Vitoria
24168,0,20/01/2026,Shopping Vitoria
24169,2,20/01/2026,Shopping Vitoria
24170,2,20/01/2026,Shopping Vitoria
24171,0,20/01/2026,Shopping Vitoria
24172,0,20/01/2026,Shopping Vitoria
24173,0,20/01/2026,Shopping Vitoria
24174,0,20/01/2026,Shopping Vitoria
24176,0,20/01/2026,Shopping Vitoria
24177,0,20/01/2026,Shopping Vitoria
24178,0,20/01/2026,Shopping Vitoria
24179,0,20/01/2026,Shopping Vitoria
24180,0,20/01/2026,Shopping Vitoria
24188,0,20/01/2026,Shopping Vitoria
24200,0,20/01/2026,Shopping Vitoria
24204,0,20/01/2026,Shopping Vitoria
24219,0,20/01/2026,Shopping Vitoria
24220,0,20/01/2026,Shopping Vitoria
24221,0,20/01/2026,Shopping Vitoria
24234,0,20/01/2026,Shopping Vitoria
24238,2,20/01/2026,Shopping Vitoria
24324,10,20/01/2026,Shopping Vitoria
24325,8,20/01/2026,Shopping Vitoria
24326,2,20/01/2026,Shopping Vitoria
24327,0,20/01/2026,Shopping Vitoria
24328,2,20/01/2026,Shopping Vitoria
24329,1,20/01/2026,Shopping Vitoria
24330,3,20/01/2026,Shopping Vitoria
24344,1,20/01/2026,Shopping Vitoria
24387,1,20/01/2026,Shopping Vitoria
24401,1,20/01/2026,Shopping Vitoria
24412,0,20/01/2026,Shopping Vitoria
24413,3,20/01/2026,Shopping Vitoria
24415,2,20/01/2026,Shopping Vitoria
24416,2,20/01/2026,Shopping Vitoria
24417,4,20/01/2026,Shopping Vitoria
24418,0,20/01/2026,Shopping Vitoria
24419,0,20/01/2026,Shopping Vitoria
24421,0,20/01/2026,Shopping Vitoria
24422,0,20/01/2026,Shopping Vitoria
24423,0,20/01/2026,Shopping Vitoria
24424,2,20/01/2026,Shopping Vitoria
24426,0,20/01/2026,Shopping Vitoria
24427,1,20/01/2026,Shopping Vitoria
24428,2,20/01/2026,Shopping Vitoria
24429,0,20/01/2026,Shopping Vitoria
24430,1,20/01/2026,Shopping Vitoria
24431,0,20/01/2026,Shopping Vitoria
24432,1,20/01/2026,Shopping Vitoria
24433,1,20/01/2026,Shopping Vitoria
24435,0,20/01/2026,Shopping Vitoria
24436,0,20/01/2026,Shopping Vitoria
24438,0,20/01/2026,Shopping Vitoria
24439,0,20/01/2026,Shopping Vitoria
24442,0,20/01/2026,Shopping Vitoria
24443,0,20/01/2026,Shopping Vitoria
24445,0,20/01/2026,Shopping Vitoria
24446,0,20/01/2026,Shopping Vitoria
24447,0,20/01/2026,Shopping Vitoria
24448,0,20/01/2026,Shopping Vitoria
24449,0,20/01/2026,Shopping Vitoria
24450,0,20/01/2026,Shopping Vitoria
24452,0,20/01/2026,Shopping Vitoria
24454,3,20/01/2026,Shopping Vitoria
24455,0,20/01/2026,Shopping Vitoria
24469,2,20/01/2026,Shopping Vitoria
24470,0,20/01/2026,Shopping Vitoria
24533,0,20/01/2026,Shopping Vitoria
24534,2,20/01/2026,Shopping Vitoria
24579,1,20/01/2026,Shopping Vitoria
24580,0,20/01/2026,Shopping Vitoria
24581,0,20/01/2026,Shopping Vitoria
24582,2,20/01/2026,Shopping Vitoria
24583,1,20/01/2026,Shopping Vitoria
24584,0,20/01/2026,Shopping Vitoria
24585,0,20/01/2026,Shopping Vitoria
24586,0,20/01/2026,Shopping Vitoria
24587,0,20/01/2026,Shopping Vitoria
24588,16,20/01/2026,Shopping Vitoria
24589,18,20/01/2026,Shopping Vitoria
24590,0,20/01/2026,Shopping Vitoria
24591,0,20/01/2026,Shopping Vitoria
24592,0,20/01/2026,Shopping Vitoria
24593,0,20/01/2026,Shopping Vitoria
24594,0,20/01/2026,Shopping Vitoria
24595,0,20/01/2026,Shopping Vitoria
24596,0,20/01/2026,Shopping Vitoria
24597,1,20/01/2026,Shopping Vitoria
24598,0,20/01/2026,Shopping Vitoria
24599,0,20/01/2026,Shopping Vitoria
24600,2,20/01/2026,Shopping Vitoria
24601,1,20/01/2026,Shopping Vitoria
24602,1,20/01/2026,Shopping Vitoria
24603,2,20/01/2026,Shopping Vitoria
24604,2,20/01/2026,Shopping Vitoria
24605,3,20/01/2026,Shopping Vitoria
24606,4,20/01/2026,Shopping Vitoria
24607,0,20/01/2026,Shopping Vitoria
24608,1,20/01/2026,Shopping Vitoria
24609,1,20/01/2026,Shopping Vitoria
24610,1,20/01/2026,Shopping Vitoria
24611,1,20/01/2026,Shopping Vitoria
24612,0,20/01/2026,Shopping Vitoria
24613,1,20/01/2026,Shopping Vitoria
24614,2,20/01/2026,Shopping Vitoria
24615,2,20/01/2026,Shopping Vitoria
24616,2,20/01/2026,Shopping Vitoria
24617,2,20/01/2026,Shopping Vitoria
24618,3,20/01/2026,Shopping Vitoria
24619,2,20/01/2026,Shopping Vitoria
24620,2,20/01/2026,Shopping Vitoria
24621,2,20/01/2026,Shopping Vitoria
24622,0,20/01/2026,Shopping Vitoria
24623,0,20/01/2026,Shopping Vitoria
24624,0,20/01/2026,Shopping Vitoria
24625,0,20/01/2026,Shopping Vitoria
24626,0,20/01/2026,Shopping Vitoria
24627,0,20/01/2026,Shopping Vitoria
24628,0,20/01/2026,Shopping Vitoria
24629,0,20/01/2026,Shopping Vitoria
24630,0,20/01/2026,Shopping Vitoria
24631,1,20/01/2026,Shopping Vitoria
24632,0,20/01/2026,Shopping Vitoria
24633,0,20/01/2026,Shopping Vitoria
24634,0,20/01/2026,Shopping Vitoria
24635,0,20/01/2026,Shopping Vitoria
24653,1,20/01/2026,Shopping Vitoria
24682,0,20/01/2026,Shopping Vitoria
24690,2,20/01/2026,Shopping Vitoria
24693,0,20/01/2026,Shopping Vitoria
24714,0,20/01/2026,Shopping Vitoria
24722,0,20/01/2026,Shopping Vitoria
24739,2,20/01/2026,Shopping Vitoria
24757,0,20/01/2026,Shopping Vitoria
24765,0,20/01/2026,Shopping Vitoria
24766,0,20/01/2026,Shopping Vitoria
24767,0,20/01/2026,Shopping Vitoria
24768,6,20/01/2026,Shopping Vitoria
24786,10,20/01/2026,Shopping Vitoria
24806,5,20/01/2026,Shopping Vitoria
24808,5,20/01/2026,Shopping Vitoria
24809,2,20/01/2026,Shopping Vitoria
24811,2,20/01/2026,Shopping Vitoria
24812,1,20/01/2026,Shopping Vitoria
24814,1,20/01/2026,Shopping Vitoria
24874,0,20/01/2026,Shopping Vitoria
24875,0,20/01/2026,Shopping Vitoria
24876,1,20/01/2026,Shopping Vitoria
24877,1,20/01/2026,Shopping Vitoria
24878,0,20/01/2026,Shopping Vitoria
24879,2,20/01/2026,Shopping Vitoria
24880,1,20/01/2026,Shopping Vitoria
24881,0,20/01/2026,Shopping Vitoria
24882,0,20/01/2026,Shopping Vitoria
24883,1,20/01/2026,Shopping Vitoria
24884,1,20/01/2026,Shopping Vitoria
24885,1,20/01/2026,Shopping Vitoria
24886,0,20/01/2026,Shopping Vitoria
24887,0,20/01/2026,Shopping Vitoria
24888,0,20/01/2026,Shopping Vitoria
24889,0,20/01/2026,Shopping Vitoria
24891,0,20/01/2026,Shopping Vitoria
24892,1,20/01/2026,Shopping Vitoria
24894,1,20/01/2026,Shopping Vitoria
24899,2,20/01/2026,Shopping Vitoria
24900,1,20/01/2026,Shopping Vitoria
24901,1,20/01/2026,Shopping Vitoria
24923,0,20/01/2026,Shopping Vitoria
24924,0,20/01/2026,Shopping Vitoria
24925,0,20/01/2026,Shopping Vitoria
24927,0,20/01/2026,Shopping Vitoria
24928,0,20/01/2026,Shopping Vitoria
24929,0,20/01/2026,Shopping Vitoria
24930,0,20/01/2026,Shopping Vitoria
24932,0,20/01/2026,Shopping Vitoria
24933,0,20/01/2026,Shopping Vitoria
24934,0,20/01/2026,Shopping Vitoria
24935,0,20/01/2026,Shopping Vitoria
24947,0,20/01/2026,Shopping Vitoria
24948,0,20/01/2026,Shopping Vitoria
24949,0,20/01/2026,Shopping Vitoria
24950,0,20/01/2026,Shopping Vitoria
24951,0,20/01/2026,Shopping Vitoria
24952,0,20/01/2026,Shopping Vitoria
24953,0,20/01/2026,Shopping Vitoria
24954,0,20/01/2026,Shopping Vitoria
24955,0,20/01/2026,Shopping Vitoria
24956,0,20/01/2026,Shopping Vitoria
24957,0,20/01/2026,Shopping Vitoria
24958,0,20/01/2026,Shopping Vitoria
24959,0,20/01/2026,Shopping Vitoria
24960,0,20/01/2026,Shopping Vitoria
24961,0,20/01/2026,Shopping Vitoria
24962,0,20/01/2026,Shopping Vitoria
24964,0,20/01/2026,Shopping Vitoria
24965,0,20/01/2026,Shopping Vitoria
24966,0,20/01/2026,Shopping Vitoria
24967,0,20/01/2026,Shopping Vitoria
24968,0,20/01/2026,Shopping Vitoria
24969,0,20/01/2026,Shopping Vitoria
24970,0,20/01/2026,Shopping Vitoria
24971,0,20/01/2026,Shopping Vitoria
24972,0,20/01/2026,Shopping Vitoria
24973,0,20/01/2026,Shopping Vitoria
24974,0,20/01/2026,Shopping Vitoria
24975,0,20/01/2026,Shopping Vitoria
24976,0,20/01/2026,Shopping Vitoria
24977,0,20/01/2026,Shopping Vitoria
24978,0,20/01/2026,Shopping Vitoria
24979,0,20/01/2026,Shopping Vitoria
24980,0,20/01/2026,Shopping Vitoria
24981,0,20/01/2026,Shopping Vitoria
24982,0,20/01/2026,Shopping Vitoria
24983,0,20/01/2026,Shopping Vitoria
24984,0,20/01/2026,Shopping Vitoria
24985,0,20/01/2026,Shopping Vitoria
24987,0,20/01/2026,Shopping Vitoria
25007,0,20/01/2026,Shopping Vitoria
25008,0,20/01/2026,Shopping Vitoria
25011,0,20/01/2026,Shopping Vitoria
25012,0,20/01/2026,Shopping Vitoria
25013,0,20/01/2026,Shopping Vitoria
25015,0,20/01/2026,Shopping Vitoria
25018,0,20/01/2026,Shopping Vitoria
25104,2,20/01/2026,Shopping Vitoria
25160,3,20/01/2026,Shopping Vitoria
25176,0,20/01/2026,Shopping Vitoria
25178,1,20/01/2026,Shopping Vitoria
25227,0,20/01/2026,Shopping Vitoria
25228,1,20/01/2026,Shopping Vitoria
25229,4,20/01/2026,Shopping Vitoria
25232,4,20/01/2026,Shopping Vitoria
25238,3,20/01/2026,Shopping Vitoria
25247,1,20/01/2026,Shopping Vitoria
25248,3,20/01/2026,Shopping Vitoria
25259,2,20/01/2026,Shopping Vitoria
25260,1,20/01/2026,Shopping Vitoria
25261,1,20/01/2026,Shopping Vitoria
25262,0,20/01/2026,Shopping Vitoria
25263,0,20/01/2026,Shopping Vitoria
25264,0,20/01/2026,Shopping Vitoria
25265,4,20/01/2026,Shopping Vitoria
25266,4,20/01/2026,Shopping Vitoria
25267,4,20/01/2026,Shopping Vitoria
25273,1,20/01/2026,Shopping Vitoria
25288,1,20/01/2026,Shopping Vitoria
25289,0,20/01/2026,Shopping Vitoria
25330,4,20/01/2026,Shopping Vitoria
25331,0,20/01/2026,Shopping Vitoria
25368,3,20/01/2026,Shopping Vitoria
25370,0,20/01/2026,Shopping Vitoria
25371,1,20/01/2026,Shopping Vitoria
25373,2,20/01/2026,Shopping Vitoria
25378,1,20/01/2026,Shopping Vitoria
25414,2,20/01/2026,Shopping Vitoria
25415,1,20/01/2026,Shopping Vitoria
25416,0,20/01/2026,Shopping Vitoria
25418,0,20/01/2026,Shopping Vitoria
25419,0,20/01/2026,Shopping Vitoria
25420,0,20/01/2026,Shopping Vitoria
25423,0,20/01/2026,Shopping Vitoria
25424,0,20/01/2026,Shopping Vitoria
25425,0,20/01/2026,Shopping Vitoria
25426,1,20/01/2026,Shopping Vitoria
25427,0,20/01/2026,Shopping Vitoria
25428,1,20/01/2026,Shopping Vitoria
25429,0,20/01/2026,Shopping Vitoria
25430,0,20/01/2026,Shopping Vitoria
25431,0,20/01/2026,Shopping Vitoria
25432,4,20/01/2026,Shopping Vitoria
25433,0,20/01/2026,Shopping Vitoria
25434,0,20/01/2026,Shopping Vitoria
25435,4,20/01/2026,Shopping Vitoria
25437,0,20/01/2026,Shopping Vitoria
25438,0,20/01/2026,Shopping Vitoria
25440,3,20/01/2026,Shopping Vitoria
25441,0,20/01/2026,Shopping Vitoria
25442,0,20/01/2026,Shopping Vitoria
25443,0,20/01/2026,Shopping Vitoria
25444,1,20/01/2026,Shopping Vitoria
25445,0,20/01/2026,Shopping Vitoria
25447,0,20/01/2026,Shopping Vitoria
25448,0,20/01/2026,Shopping Vitoria
25449,0,20/01/2026,Shopping Vitoria
25450,0,20/01/2026,Shopping Vitoria
25451,0,20/01/2026,Shopping Vitoria
25487,1,20/01/2026,Shopping Vitoria
25488,1,20/01/2026,Shopping Vitoria
25489,0,20/01/2026,Shopping Vitoria
25490,0,20/01/2026,Shopping Vitoria
25491,1,20/01/2026,Shopping Vitoria
25492,1,20/01/2026,Shopping Vitoria
25493,0,20/01/2026,Shopping Vitoria
25494,1,20/01/2026,Shopping Vitoria
25495,0,20/01/2026,Shopping Vitoria
25499,0,20/01/2026,Shopping Vitoria
25633,0,20/01/2026,Shopping Vitoria
25634,2,20/01/2026,Shopping Vitoria
25671,0,20/01/2026,Shopping Vitoria
25718,3,20/01/2026,Shopping Vitoria
25719,0,20/01/2026,Shopping Vitoria
25720,1,20/01/2026,Shopping Vitoria
25721,3,20/01/2026,Shopping Vitoria
25722,3,20/01/2026,Shopping Vitoria
25723,0,20/01/2026,Shopping Vitoria
25724,0,20/01/2026,Shopping Vitoria
25725,0,20/01/2026,Shopping Vitoria
25726,0,20/01/2026,Shopping Vitoria
25727,0,20/01/2026,Shopping Vitoria
25728,1,20/01/2026,Shopping Vitoria
25729,1,20/01/2026,Shopping Vitoria
25730,0,20/01/2026,Shopping Vitoria
25731,0,20/01/2026,Shopping Vitoria
25732,0,20/01/2026,Shopping Vitoria
25733,0,20/01/2026,Shopping Vitoria
25734,0,20/01/2026,Shopping Vitoria
25735,2,20/01/2026,Shopping Vitoria
25736,1,20/01/2026,Shopping Vitoria
25737,2,20/01/2026,Shopping Vitoria
25738,1,20/01/2026,Shopping Vitoria
25739,1,20/01/2026,Shopping Vitoria
25740,0,20/01/2026,Shopping Vitoria
25741,2,20/01/2026,Shopping Vitoria
25742,1,20/01/2026,Shopping Vitoria
25743,1,20/01/2026,Shopping Vitoria
25744,1,20/01/2026,Shopping Vitoria
25745,1,20/01/2026,Shopping Vitoria
25746,0,20/01/2026,Shopping Vitoria
25747,4,20/01/2026,Shopping Vitoria
25748,4,20/01/2026,Shopping Vitoria
25749,2,20/01/2026,Shopping Vitoria
25750,2,20/01/2026,Shopping Vitoria
25751,3,20/01/2026,Shopping Vitoria
25752,3,20/01/2026,Shopping Vitoria
25753,0,20/01/2026,Shopping Vitoria
25755,0,20/01/2026,Shopping Vitoria
25756,1,20/01/2026,Shopping Vitoria
25757,0,20/01/2026,Shopping Vitoria
25788,0,20/01/2026,Shopping Vitoria
25796,1,20/01/2026,Shopping Vitoria
25797,0,20/01/2026,Shopping Vitoria
25800,0,20/01/2026,Shopping Vitoria
25808,0,20/01/2026,Shopping Vitoria
25810,1,20/01/2026,Shopping Vitoria
25811,0,20/01/2026,Shopping Vitoria
25812,0,20/01/2026,Shopping Vitoria
25813,3,20/01/2026,Shopping Vitoria
25814,0,20/01/2026,Shopping Vitoria
25815,0,20/01/2026,Shopping Vitoria
25816,0,20/01/2026,Shopping Vitoria
25817,2,20/01/2026,Shopping Vitoria
25818,0,20/01/2026,Shopping Vitoria
25819,1,20/01/2026,Shopping Vitoria
25831,0,20/01/2026,Shopping Vitoria
25838,0,20/01/2026,Shopping Vitoria
25840,1,20/01/2026,Shopping Vitoria
25842,4,20/01/2026,Shopping Vitoria
25846,2,20/01/2026,Shopping Vitoria
25849,0,20/01/2026,Shopping Vitoria
25854,0,20/01/2026,Shopping Vitoria
25855,0,20/01/2026,Shopping Vitoria
25856,2,20/01/2026,Shopping Vitoria
25857,0,20/01/2026,Shopping Vitoria
25858,0,20/01/2026,Shopping Vitoria
25859,0,20/01/2026,Shopping Vitoria
25860,0,20/01/2026,Shopping Vitoria
25862,2,20/01/2026,Shopping Vitoria
25868,2,20/01/2026,Shopping Vitoria
25869,2,20/01/2026,Shopping Vitoria
25880,0,20/01/2026,Shopping Vitoria
25881,0,20/01/2026,Shopping Vitoria
25883,2,20/01/2026,Shopping Vitoria
26056,0,20/01/2026,Shopping Vitoria
26057,0,20/01/2026,Shopping Vitoria
26067,0,20/01/2026,Shopping Vitoria
26092,3,20/01/2026,Shopping Vitoria
26093,1,20/01/2026,Shopping Vitoria
26094,1,20/01/2026,Shopping Vitoria
26101,0,20/01/2026,Shopping Vitoria
26131,0,20/01/2026,Shopping Vitoria
26132,3,20/01/2026,Shopping Vitoria
26139,2,20/01/2026,Shopping Vitoria
26140,2,20/01/2026,Shopping Vitoria
26177,2,20/01/2026,Shopping Vitoria
26178,1,20/01/2026,Shopping Vitoria
26179,2,20/01/2026,Shopping Vitoria
26180,1,20/01/2026,Shopping Vitoria
26181,3,20/01/2026,Shopping Vitoria
26182,1,20/01/2026,Shopping Vitoria
26183,3,20/01/2026,Shopping Vitoria
26184,0,20/01/2026,Shopping Vitoria
26185,1,20/01/2026,Shopping Vitoria
26190,3,20/01/2026,Shopping Vitoria
26202,3,20/01/2026,Shopping Vitoria
26203,3,20/01/2026,Shopping Vitoria
26204,4,20/01/2026,Shopping Vitoria
26205,4,20/01/2026,Shopping Vitoria
26206,5,20/01/2026,Shopping Vitoria
26207,1,20/01/2026,Shopping Vitoria
26208,4,20/01/2026,Shopping Vitoria
26209,2,20/01/2026,Shopping Vitoria
26210,1,20/01/2026,Shopping Vitoria
26211,2,20/01/2026,Shopping Vitoria
26212,0,20/01/2026,Shopping Vitoria
26213,3,20/01/2026,Shopping Vitoria
26214,2,20/01/2026,Shopping Vitoria
26215,4,20/01/2026,Shopping Vitoria
26216,2,20/01/2026,Shopping Vitoria
26217,2,20/01/2026,Shopping Vitoria
26218,2,20/01/2026,Shopping Vitoria
26219,0,20/01/2026,Shopping Vitoria
26220,1,20/01/2026,Shopping Vitoria
26221,1,20/01/2026,Shopping Vitoria
26243,1,20/01/2026,Shopping Vitoria
26244,0,20/01/2026,Shopping Vitoria
26245,0,20/01/2026,Shopping Vitoria
26258,2,20/01/2026,Shopping Vitoria
26260,1,20/01/2026,Shopping Vitoria
26268,4,20/01/2026,Shopping Vitoria
26269,1,20/01/2026,Shopping Vitoria
26270,1,20/01/2026,Shopping Vitoria
26275,2,20/01/2026,Shopping Vitoria
26278,0,20/01/2026,Shopping Vitoria
26294,0,20/01/2026,Shopping Vitoria
26322,0,20/01/2026,Shopping Vitoria
26326,1,20/01/2026,Shopping Vitoria
26365,0,20/01/2026,Shopping Vitoria
26366,1,20/01/2026,Shopping Vitoria
26367,1,20/01/2026,Shopping Vitoria
26368,1,20/01/2026,Shopping Vitoria
26369,1,20/01/2026,Shopping Vitoria
26370,0,20/01/2026,Shopping Vitoria
26371,0,20/01/2026,Shopping Vitoria
26372,0,20/01/2026,Shopping Vitoria
26373,1,20/01/2026,Shopping Vitoria
26374,1,20/01/2026,Shopping Vitoria
26375,4,20/01/2026,Shopping Vitoria
26376,3,20/01/2026,Shopping Vitoria
26377,5,20/01/2026,Shopping Vitoria
26378,2,20/01/2026,Shopping Vitoria
26379,0,20/01/2026,Shopping Vitoria
26380,0,20/01/2026,Shopping Vitoria
26381,0,20/01/2026,Shopping Vitoria
26382,0,20/01/2026,Shopping Vitoria
26383,2,20/01/2026,Shopping Vitoria
26384,3,20/01/2026,Shopping Vitoria
26385,3,20/01/2026,Shopping Vitoria
26386,3,20/01/2026,Shopping Vitoria
26387,3,20/01/2026,Shopping Vitoria
26388,1,20/01/2026,Shopping Vitoria
26389,1,20/01/2026,Shopping Vitoria
26399,0,20/01/2026,Shopping Vitoria
26400,0,20/01/2026,Shopping Vitoria
26401,4,20/01/2026,Shopping Vitoria
26402,0,20/01/2026,Shopping Vitoria
26403,0,20/01/2026,Shopping Vitoria
26404,0,20/01/2026,Shopping Vitoria
26405,3,20/01/2026,Shopping Vitoria
26406,0,20/01/2026,Shopping Vitoria
26407,0,20/01/2026,Shopping Vitoria
26408,0,20/01/2026,Shopping Vitoria
26409,1,20/01/2026,Shopping Vitoria
26410,0,20/01/2026,Shopping Vitoria
26411,3,20/01/2026,Shopping Vitoria
26412,0,20/01/2026,Shopping Vitoria
26413,0,20/01/2026,Shopping Vitoria
26414,0,20/01/2026,Shopping Vitoria
26415,3,20/01/2026,Shopping Vitoria
26450,0,20/01/2026,Shopping Vitoria
26583,0,20/01/2026,Shopping Vitoria
26589,0,20/01/2026,Shopping Vitoria
26590,0,20/01/2026,Shopping Vitoria
26598,0,20/01/2026,Shopping Vitoria
26599,3,20/01/2026,Shopping Vitoria
26600,1,20/01/2026,Shopping Vitoria
26601,0,20/01/2026,Shopping Vitoria
26692,2,20/01/2026,Shopping Vitoria
26721,2,20/01/2026,Shopping Vitoria
26722,2,20/01/2026,Shopping Vitoria
26723,1,20/01/2026,Shopping Vitoria
26745,0,20/01/2026,Shopping Vitoria
26746,0,20/01/2026,Shopping Vitoria
26747,0,20/01/2026,Shopping Vitoria
26748,0,20/01/2026,Shopping Vitoria
26749,0,20/01/2026,Shopping Vitoria
26750,0,20/01/2026,Shopping Vitoria
26751,1,20/01/2026,Shopping Vitoria
26752,1,20/01/2026,Shopping Vitoria
26753,1,20/01/2026,Shopping Vitoria
26754,1,20/01/2026,Shopping Vitoria
26755,0,20/01/2026,Shopping Vitoria
26756,0,20/01/2026,Shopping Vitoria
26757,0,20/01/2026,Shopping Vitoria
26758,1,20/01/2026,Shopping Vitoria
26759,0,20/01/2026,Shopping Vitoria
26760,1,20/01/2026,Shopping Vitoria
26761,0,20/01/2026,Shopping Vitoria
26762,0,20/01/2026,Shopping Vitoria
26764,0,20/01/2026,Shopping Vitoria
26766,2,20/01/2026,Shopping Vitoria
26767,1,20/01/2026,Shopping Vitoria
26768,3,20/01/2026,Shopping Vitoria
26769,1,20/01/2026,Shopping Vitoria
26815,0,20/01/2026,Shopping Vitoria
26829,1,20/01/2026,Shopping Vitoria
26842,1,20/01/2026,Shopping Vitoria
26843,0,20/01/2026,Shopping Vitoria
26844,0,20/01/2026,Shopping Vitoria
26845,1,20/01/2026,Shopping Vitoria
26923,0,20/01/2026,Shopping Vitoria
26931,0,20/01/2026,Shopping Vitoria
26932,0,20/01/2026,Shopping Vitoria
26934,0,20/01/2026,Shopping Vitoria
26935,0,20/01/2026,Shopping Vitoria
26936,2,20/01/2026,Shopping Vitoria
26938,1,20/01/2026,Shopping Vitoria
26940,3,20/01/2026,Shopping Vitoria
26942,1,20/01/2026,Shopping Vitoria
26944,1,20/01/2026,Shopping Vitoria
26945,0,20/01/2026,Shopping Vitoria
26946,1,20/01/2026,Shopping Vitoria
26947,3,20/01/2026,Shopping Vitoria
26948,1,20/01/2026,Shopping Vitoria
26949,0,20/01/2026,Shopping Vitoria
26950,3,20/01/2026,Shopping Vitoria
26951,0,20/01/2026,Shopping Vitoria
26952,1,20/01/2026,Shopping Vitoria
26953,0,20/01/2026,Shopping Vitoria
26954,1,20/01/2026,Shopping Vitoria
26955,1,20/01/2026,Shopping Vitoria
26957,1,20/01/2026,Shopping Vitoria
26958,2,20/01/2026,Shopping Vitoria
26959,1,20/01/2026,Shopping Vitoria
26960,0,20/01/2026,Shopping Vitoria
26975,0,20/01/2026,Shopping Vitoria
26978,4,20/01/2026,Shopping Vitoria
26979,1,20/01/2026,Shopping Vitoria
27003,0,20/01/2026,Shopping Vitoria
27013,0,20/01/2026,Shopping Vitoria
27017,1,20/01/2026,Shopping Vitoria
27027,0,20/01/2026,Shopping Vitoria
27028,0,20/01/2026,Shopping Vitoria
27029,1,20/01/2026,Shopping Vitoria
27030,0,20/01/2026,Shopping Vitoria
27031,0,20/01/2026,Shopping Vitoria
27032,2,20/01/2026,Shopping Vitoria
27055,3,20/01/2026,Shopping Vitoria
27056,2,20/01/2026,Shopping Vitoria
27057,0,20/01/2026,Shopping Vitoria
27058,2,20/01/2026,Shopping Vitoria
27059,0,20/01/2026,Shopping Vitoria
27060,1,20/01/2026,Shopping Vitoria
27061,2,20/01/2026,Shopping Vitoria
27062,1,20/01/2026,Shopping Vitoria
27063,2,20/01/2026,Shopping Vitoria
27064,3,20/01/2026,Shopping Vitoria
27065,0,20/01/2026,Shopping Vitoria
27066,2,20/01/2026,Shopping Vitoria
27067,3,20/01/2026,Shopping Vitoria
27068,4,20/01/2026,Shopping Vitoria
27069,4,20/01/2026,Shopping Vitoria
27070,2,20/01/2026,Shopping Vitoria
27071,1,20/01/2026,Shopping Vitoria
27072,2,20/01/2026,Shopping Vitoria
27090,2,20/01/2026,Shopping Vitoria
27097,1,20/01/2026,Shopping Vitoria
27098,2,20/01/2026,Shopping Vitoria
27108,1,20/01/2026,Shopping Vitoria
27109,2,20/01/2026,Shopping Vitoria
27110,1,20/01/2026,Shopping Vitoria
27111,1,20/01/2026,Shopping Vitoria
27112,0,20/01/2026,Shopping Vitoria
27113,2,20/01/2026,Shopping Vitoria
27114,2,20/01/2026,Shopping Vitoria
27115,2,20/01/2026,Shopping Vitoria
27116,7,20/01/2026,Shopping Vitoria
27125,2,20/01/2026,Shopping Vitoria
27130,3,20/01/2026,Shopping Vitoria
27131,5,20/01/2026,Shopping Vitoria
27132,0,20/01/2026,Shopping Vitoria
27133,0,20/01/2026,Shopping Vitoria
27184,2,20/01/2026,Shopping Vitoria
27188,1,20/01/2026,Shopping Vitoria
27189,4,20/01/2026,Shopping Vitoria
27190,0,20/01/2026,Shopping Vitoria
27191,1,20/01/2026,Shopping Vitoria
27192,0,20/01/2026,Shopping Vitoria
27193,0,20/01/2026,Shopping Vitoria
27211,0,20/01/2026,Shopping Vitoria
27219,1,20/01/2026,Shopping Vitoria
27227,0,20/01/2026,Shopping Vitoria
27229,1,20/01/2026,Shopping Vitoria
27230,1,20/01/2026,Shopping Vitoria
27231,2,20/01/2026,Shopping Vitoria
27233,0,20/01/2026,Shopping Vitoria
27234,0,20/01/2026,Shopping Vitoria
27235,0,20/01/2026,Shopping Vitoria
27238,1,20/01/2026,Shopping Vitoria
27251,0,20/01/2026,Shopping Vitoria
27252,1,20/01/2026,Shopping Vitoria
27253,1,20/01/2026,Shopping Vitoria
27254,1,20/01/2026,Shopping Vitoria
27256,0,20/01/2026,Shopping Vitoria
27257,1,20/01/2026,Shopping Vitoria
27258,1,20/01/2026,Shopping Vitoria
27259,1,20/01/2026,Shopping Vitoria
27260,2,20/01/2026,Shopping Vitoria
27261,1,20/01/2026,Shopping Vitoria
27262,0,20/01/2026,Shopping Vitoria
27263,0,20/01/2026,Shopping Vitoria
27264,0,20/01/2026,Shopping Vitoria
27265,0,20/01/2026,Shopping Vitoria
27273,0,20/01/2026,Shopping Vitoria
27274,0,20/01/2026,Shopping Vitoria
27275,0,20/01/2026,Shopping Vitoria
27276,0,20/01/2026,Shopping Vitoria
27277,0,20/01/2026,Shopping Vitoria
27278,0,20/01/2026,Shopping Vitoria
27279,0,20/01/2026,Shopping Vitoria
27280,0,20/01/2026,Shopping Vitoria
27281,1,20/01/2026,Shopping Vitoria
27282,0,20/01/2026,Shopping Vitoria
27283,0,20/01/2026,Shopping Vitoria
27284,0,20/01/2026,Shopping Vitoria
27285,0,20/01/2026,Shopping Vitoria
27286,0,20/01/2026,Shopping Vitoria
27287,1,20/01/2026,Shopping Vitoria
27449,1,20/01/2026,Shopping Vitoria
27482,1,20/01/2026,Shopping Vitoria
27483,1,20/01/2026,Shopping Vitoria
27491,0,20/01/2026,Shopping Vitoria
27495,2,20/01/2026,Shopping Vitoria
27496,3,20/01/2026,Shopping Vitoria
27497,2,20/01/2026,Shopping Vitoria
27498,2,20/01/2026,Shopping Vitoria
27509,0,20/01/2026,Shopping Vitoria
27510,0,20/01/2026,Shopping Vitoria
27511,0,20/01/2026,Shopping Vitoria
27532,0,20/01/2026,Shopping Vitoria
27533,0,20/01/2026,Shopping Vitoria
27534,0,20/01/2026,Shopping Vitoria
27535,0,20/01/2026,Shopping Vitoria
27537,0,20/01/2026,Shopping Vitoria
27538,0,20/01/2026,Shopping Vitoria
27539,0,20/01/2026,Shopping Vitoria
27540,0,20/01/2026,Shopping Vitoria
27541,0,20/01/2026,Shopping Vitoria
27551,0,20/01/2026,Shopping Vitoria
27634,2,20/01/2026,Shopping Vitoria
27660,0,20/01/2026,Shopping Vitoria
27662,0,20/01/2026,Shopping Vitoria
27669,1,20/01/2026,Shopping Vitoria
27673,0,20/01/2026,Shopping Vitoria
27715,2,20/01/2026,Shopping Vitoria
27716,1,20/01/2026,Shopping Vitoria
27717,2,20/01/2026,Shopping Rio de Janeiro
27718,2,20/01/2026,Shopping Rio de Janeiro
27746,2,20/01/2026,Shopping Rio de Janeiro
27768,2,20/01/2026,Shopping Rio de Janeiro
27769,2,20/01/2026,Shopping Rio de Janeiro
27770,2,20/01/2026,Shopping Rio de Janeiro
27771,2,20/01/2026,Shopping Rio de Janeiro
27772,2,20/01/2026,Shopping Rio de Janeiro
27773,2,20/01/2026,Shopping Rio de Janeiro
27774,2,20/01/2026,Shopping Rio de Janeiro
27775,2,20/01/2026,Shopping Rio de Janeiro
27776,2,20/01/2026,Shopping Rio de Janeiro
27777,2,20/01/2026,Shopping Rio de Janeiro
27779,2,20/01/2026,Shopping Rio de Janeiro
27780,1,20/01/2026,Shopping Rio de Janeiro
27781,2,20/01/2026,Shopping Rio de Janeiro
27782,2,20/01/2026,Shopping Rio de Janeiro
27783,3,20/01/2026,Shopping Rio de Janeiro
27784,2,20/01/2026,Shopping Rio de Janeiro
27785,2,20/01/2026,Shopping Rio de Janeiro
27786,0,20/01/2026,Shopping Rio de Janeiro
27789,0,20/01/2026,Shopping Rio de Janeiro
27790,0,20/01/2026,Shopping Rio de Janeiro
27794,2,20/01/2026,Shopping Rio de Janeiro
27795,1,20/01/2026,Shopping Rio de Janeiro
27799,2,20/01/2026,Shopping Rio de Janeiro
27800,1,20/01/2026,Shopping Rio de Janeiro
27803,2,20/01/2026,Shopping Rio de Janeiro
27804,1,20/01/2026,Shopping Rio de Janeiro
27809,1,20/01/2026,Shopping Rio de Janeiro
27810,0,20/01/2026,Shopping Rio de Janeiro
27811,0,20/01/2026,Shopping Rio de Janeiro
27812,0,20/01/2026,Shopping Rio de Janeiro
27814,0,20/01/2026,Shopping Rio de Janeiro
27815,3,20/01/2026,Shopping Rio de Janeiro
27818,3,20/01/2026,Shopping Rio de Janeiro
27821,3,20/01/2026,Shopping Rio de Janeiro
27822,3,20/01/2026,Shopping Rio de Janeiro
27823,7,20/01/2026,Shopping Rio de Janeiro
27824,4,20/01/2026,Shopping Rio de Janeiro
27825,5,20/01/2026,Shopping Rio de Janeiro
27826,5,20/01/2026,Shopping Rio de Janeiro
27833,0,20/01/2026,Shopping Rio de Janeiro
27834,0,20/01/2026,Shopping Rio de Janeiro
27835,0,20/01/2026,Shopping Rio de Janeiro
27836,0,20/01/2026,Shopping Rio de Janeiro
27837,0,20/01/2026,Shopping Rio de Janeiro
27838,0,20/01/2026,Shopping Rio de Janeiro
27839,0,20/01/2026,Shopping Rio de Janeiro
27840,0,20/01/2026,Shopping Rio de Janeiro
27908,0,20/01/2026,Shopping Rio de Janeiro
27937,2,20/01/2026,Shopping Rio de Janeiro
27938,1,20/01/2026,Shopping Rio de Janeiro
27950,5,20/01/2026,Shopping Rio de Janeiro
27951,3,20/01/2026,Shopping Rio de Janeiro
27952,0,20/01/2026,Shopping Rio de Janeiro
27953,1,20/01/2026,Shopping Rio de Janeiro
27954,1,20/01/2026,Shopping Rio de Janeiro
27956,2,20/01/2026,Shopping Rio de Janeiro
27957,0,20/01/2026,Shopping Rio de Janeiro
27958,0,20/01/2026,Shopping Rio de Janeiro
27959,0,20/01/2026,Shopping Rio de Janeiro
27960,0,20/01/2026,Shopping Rio de Janeiro
27973,0,20/01/2026,Shopping Rio de Janeiro
28040,0,20/01/2026,Shopping Rio de Janeiro
28043,0,20/01/2026,Shopping Rio de Janeiro
28092,0,20/01/2026,Shopping Rio de Janeiro
28101,0,20/01/2026,Shopping Rio de Janeiro
28109,0,20/01/2026,Shopping Rio de Janeiro
28414,0,20/01/2026,Shopping Rio de Janeiro
28456,1,20/01/2026,Shopping Rio de Janeiro
28457,1,20/01/2026,Shopping Rio de Janeiro
28570,0,20/01/2026,Shopping Rio de Janeiro
28597,0,20/01/2026,Shopping Rio de Janeiro
28693,0,20/01/2026,Shopping Rio de Janeiro
28695,1,20/01/2026,Shopping Rio de Janeiro
28696,1,20/01/2026,Shopping Rio de Janeiro
28697,1,20/01/2026,Shopping Rio de Janeiro
28698,1,20/01/2026,Shopping Rio de Janeiro
28729,1,20/01/2026,Shopping Rio de Janeiro
28730,1,20/01/2026,Shopping Rio de Janeiro
28731,1,20/01/2026,Shopping Rio de Janeiro
28732,1,20/01/2026,Shopping Rio de Janeiro
28733,1,20/01/2026,Shopping Rio de Janeiro
28734,1,20/01/2026,Shopping Rio de Janeiro
28735,1,20/01/2026,Shopping Rio de Janeiro
28736,1,20/01/2026,Shopping Rio de Janeiro
28737,1,20/01/2026,Shopping Rio de Janeiro
28738,1,20/01/2026,Shopping Rio de Janeiro
28739,1,20/01/2026,Shopping Rio de Janeiro
28740,1,20/01/2026,Shopping Rio de Janeiro
28741,1,20/01/2026,Shopping Rio de Janeiro
28742,1,20/01/2026,Shopping Rio de Janeiro
28743,1,20/01/2026,Shopping Rio de Janeiro
28744,1,20/01/2026,Shopping Rio de Janeiro
28745,1,20/01/2026,Shopping Rio de Janeiro
28746,1,20/01/2026,Shopping Rio de Janeiro
28747,1,20/01/2026,Shopping Rio de Janeiro
28817,1,20/01/2026,Shopping Rio de Janeiro
28818,1,20/01/2026,Shopping Rio de Janeiro
28819,1,20/01/2026,Shopping Rio de Janeiro
28820,1,20/01/2026,Shopping Rio de Janeiro
28821,1,20/01/2026,Shopping Rio de Janeiro
28822,1,20/01/2026,Shopping Rio de Janeiro
28823,1,20/01/2026,Shopping Rio de Janeiro
28824,1,20/01/2026,Shopping Rio de Janeiro
28825,1,20/01/2026,Shopping Rio de Janeiro
28826,1,20/01/2026,Shopping Rio de Janeiro
28827,1,20/01/2026,Shopping Rio de Janeiro
28828,1,20/01/2026,Shopping Rio de Janeiro
28829,0,20/01/2026,Shopping Rio de Janeiro
28833,0,20/01/2026,Shopping Rio de Janeiro
28837,0,20/01/2026,Shopping Rio de Janeiro
28838,0,20/01/2026,Shopping Rio de Janeiro
27717,0,20/01/2026,Shopping Recife
27718,2,20/01/2026,Shopping Recife
27746,3,20/01/2026,Shopping Recife
27768,2,20/01/2026,Shopping Recife
27769,2,20/01/2026,Shopping Recife
27770,2,20/01/2026,Shopping Recife
27771,2,20/01/2026,Shopping Recife
27772,2,20/01/2026,Shopping Recife
27773,1,20/01/2026,Shopping Recife
27774,1,20/01/2026,Shopping Recife
27775,1,20/01/2026,Shopping Recife
27776,1,20/01/2026,Shopping Recife
27777,1,20/01/2026,Shopping Recife
27779,1,20/01/2026,Shopping Recife
27780,1,20/01/2026,Shopping Recife
27781,1,20/01/2026,Shopping Recife
27782,1,20/01/2026,Shopping Recife
27783,2,20/01/2026,Shopping Recife
27784,2,20/01/2026,Shopping Recife
27785,2,20/01/2026,Shopping Recife
27786,2,20/01/2026,Shopping Recife
27789,0,20/01/2026,Shopping Recife
27790,1,20/01/2026,Shopping Recife
27794,1,20/01/2026,Shopping Recife
27795,1,20/01/2026,Shopping Recife
27799,1,20/01/2026,Shopping Recife
27800,1,20/01/2026,Shopping Recife
27803,2,20/01/2026,Shopping Recife
27804,2,20/01/2026,Shopping Recife
27809,1,20/01/2026,Shopping Recife
27810,1,20/01/2026,Shopping Recife
27811,1,20/01/2026,Shopping Recife
27812,0,20/01/2026,Shopping Recife
27814,1,20/01/2026,Shopping Recife
27815,3,20/01/2026,Shopping Recife
27818,1,20/01/2026,Shopping Recife
27821,4,20/01/2026,Shopping Recife
27822,4,20/01/2026,Shopping Recife
27823,4,20/01/2026,Shopping Recife
27824,3,20/01/2026,Shopping Recife
27825,3,20/01/2026,Shopping Recife
27826,3,20/01/2026,Shopping Recife
27833,1,20/01/2026,Shopping Recife
27834,1,20/01/2026,Shopping Recife
27835,2,20/01/2026,Shopping Recife
27836,2,20/01/2026,Shopping Recife
27837,1,20/01/2026,Shopping Recife
27838,1,20/01/2026,Shopping Recife
27839,1,20/01/2026,Shopping Recife
27840,1,20/01/2026,Shopping Recife
27908,0,20/01/2026,Shopping Recife
27937,1,20/01/2026,Shopping Recife
27938,2,20/01/2026,Shopping Recife
27950,3,20/01/2026,Shopping Recife
27951,1,20/01/2026,Shopping Recife
27952,1,20/01/2026,Shopping Recife
27953,1,20/01/2026,Shopping Recife
27954,0,20/01/2026,Shopping Recife
27956,1,20/01/2026,Shopping Recife
27957,0,20/01/2026,Shopping Recife
27958,1,20/01/2026,Shopping Recife
27959,0,20/01/2026,Shopping Recife
27960,1,20/01/2026,Shopping Recife
27973,0,20/01/2026,Shopping Recife
28040,0,20/01/2026,Shopping Recife
28043,0,20/01/2026,Shopping Recife
28092,1,20/01/2026,Shopping Recife
28101,1,20/01/2026,Shopping Recife
28109,0,20/01/2026,Shopping Recife
28414,0,20/01/2026,Shopping Recife
28456,1,20/01/2026,Shopping Recife
28457,1,20/01/2026,Shopping Recife
28570,0,20/01/2026,Shopping Recife
28597,0,20/01/2026,Shopping Recife
28693,0,20/01/2026,Shopping Recife
28695,1,20/01/2026,Shopping Recife
28696,1,20/01/2026,Shopping Recife
28697,1,20/01/2026,Shopping Recife
28698,1,20/01/2026,Shopping Recife
28729,0,20/01/2026,Shopping Recife
28730,0,20/01/2026,Shopping Recife
28731,0,20/01/2026,Shopping Recife
28732,0,20/01/2026,Shopping Recife
28733,0,20/01/2026,Shopping Recife
28734,0,20/01/2026,Shopping Recife
28735,0,20/01/2026,Shopping Recife
28736,0,20/01/2026,Shopping Recife
28737,0,20/01/2026,Shopping Recife
28738,0,20/01/2026,Shopping Recife
28739,0,20/01/2026,Shopping Recife
28740,0,20/01/2026,Shopping Recife
28741,0,20/01/2026,Shopping Recife
28742,0,20/01/2026,Shopping Recife
28743,0,20/01/2026,Shopping Recife
28744,0,20/01/2026,Shopping Recife
28745,0,20/01/2026,Shopping Recife
28746,0,20/01/2026,Shopping Recife
28747,0,20/01/2026,Shopping Recife
28817,0,20/01/2026,Shopping Recife
28818,0,20/01/2026,Shopping Recife
28819,0,20/01/2026,Shopping Recife
28820,0,20/01/2026,Shopping Recife
28821,0,20/01/2026,Shopping Recife
28822,0,20/01/2026,Shopping Recife
28823,0,20/01/2026,Shopping Recife
28824,0,20/01/2026,Shopping Recife
28825,0,20/01/2026,Shopping Recife
28826,0,20/01/2026,Shopping Recife
28827,0,20/01/2026,Shopping Recife
28828,0,20/01/2026,Shopping Recife
28829,0,20/01/2026,Shopping Recife
28833,0,20/01/2026,Shopping Recife
28837,1,20/01/2026,Shopping Recife
28838,2,20/01/2026,Shopping Recife
27717,0,20/01/2026,Shopping Recife Riomar
27718,3,20/01/2026,Shopping Recife Riomar
27746,3,20/01/2026,Shopping Recife Riomar
27768,2,20/01/2026,Shopping Recife Riomar
27769,2,20/01/2026,Shopping Recife Riomar
27770,2,20/01/2026,Shopping Recife Riomar
27771,2,20/01/2026,Shopping Recife Riomar
27772,2,20/01/2026,Shopping Recife Riomar
27773,1,20/01/2026,Shopping Recife Riomar
27774,1,20/01/2026,Shopping Recife Riomar
27775,1,20/01/2026,Shopping Recife Riomar
27776,1,20/01/2026,Shopping Recife Riomar
27777,1,20/01/2026,Shopping Recife Riomar
27779,3,20/01/2026,Shopping Recife Riomar
27780,1,20/01/2026,Shopping Recife Riomar
27781,1,20/01/2026,Shopping Recife Riomar
27782,3,20/01/2026,Shopping Recife Riomar
27783,3,20/01/2026,Shopping Recife Riomar
27784,2,20/01/2026,Shopping Recife Riomar
27785,2,20/01/2026,Shopping Recife Riomar
27786,6,20/01/2026,Shopping Recife Riomar
27789,0,20/01/2026,Shopping Recife Riomar
27790,0,20/01/2026,Shopping Recife Riomar
27794,0,20/01/2026,Shopping Recife Riomar
27795,0,20/01/2026,Shopping Recife Riomar
27799,0,20/01/2026,Shopping Recife Riomar
27800,0,20/01/2026,Shopping Recife Riomar
27803,0,20/01/2026,Shopping Recife Riomar
27804,2,20/01/2026,Shopping Recife Riomar
27809,0,20/01/2026,Shopping Recife Riomar
27810,1,20/01/2026,Shopping Recife Riomar
27811,0,20/01/2026,Shopping Recife Riomar
27812,0,20/01/2026,Shopping Recife Riomar
27814,1,20/01/2026,Shopping Recife Riomar
27815,2,20/01/2026,Shopping Recife Riomar
27818,2,20/01/2026,Shopping Recife Riomar
27821,2,20/01/2026,Shopping Recife Riomar
27822,2,20/01/2026,Shopping Recife Riomar
27823,1,20/01/2026,Shopping Recife Riomar
27824,5,20/01/2026,Shopping Recife Riomar
27825,3,20/01/2026,Shopping Recife Riomar
27826,5,20/01/2026,Shopping Recife Riomar
27833,0,20/01/2026,Shopping Recife Riomar
27834,1,20/01/2026,Shopping Recife Riomar
27835,1,20/01/2026,Shopping Recife Riomar
27836,1,20/01/2026,Shopping Recife Riomar
27837,1,20/01/2026,Shopping Recife Riomar
27838,1,20/01/2026,Shopping Recife Riomar
27839,0,20/01/2026,Shopping Recife Riomar
27840,1,20/01/2026,Shopping Recife Riomar
27908,0,20/01/2026,Shopping Recife Riomar
27937,0,20/01/2026,Shopping Recife Riomar
27938,4,20/01/2026,Shopping Recife Riomar
27950,1,20/01/2026,Shopping Recife Riomar
27951,2,20/01/2026,Shopping Recife Riomar
27952,0,20/01/2026,Shopping Recife Riomar
27953,0,20/01/2026,Shopping Recife Riomar
27954,0,20/01/2026,Shopping Recife Riomar
27956,0,20/01/2026,Shopping Recife Riomar
27957,0,20/01/2026,Shopping Recife Riomar
27958,0,20/01/2026,Shopping Recife Riomar
27959,0,20/01/2026,Shopping Recife Riomar
27960,0,20/01/2026,Shopping Recife Riomar
27973,0,20/01/2026,Shopping Recife Riomar
28040,1,20/01/2026,Shopping Recife Riomar
28043,0,20/01/2026,Shopping Recife Riomar
28092,0,20/01/2026,Shopping Recife Riomar
28101,1,20/01/2026,Shopping Recife Riomar
28109,1,20/01/2026,Shopping Recife Riomar
28414,0,20/01/2026,Shopping Recife Riomar
28456,2,20/01/2026,Shopping Recife Riomar
28457,1,20/01/2026,Shopping Recife Riomar
28570,1,20/01/2026,Shopping Recife Riomar
28597,0,20/01/2026,Shopping Recife Riomar
28693,0,20/01/2026,Shopping Recife Riomar
28695,1,20/01/2026,Shopping Recife Riomar
28696,0,20/01/2026,Shopping Recife Riomar
28697,0,20/01/2026,Shopping Recife Riomar
28698,0,20/01/2026,Shopping Recife Riomar
28729,0,20/01/2026,Shopping Recife Riomar
28730,0,20/01/2026,Shopping Recife Riomar
28731,0,20/01/2026,Shopping Recife Riomar
28732,0,20/01/2026,Shopping Recife Riomar
28733,0,20/01/2026,Shopping Recife Riomar
28734,0,20/01/2026,Shopping Recife Riomar
28735,0,20/01/2026,Shopping Recife Riomar
28736,0,20/01/2026,Shopping Recife Riomar
28737,0,20/01/2026,Shopping Recife Riomar
28738,0,20/01/2026,Shopping Recife Riomar
28739,0,20/01/2026,Shopping Recife Riomar
28740,0,20/01/2026,Shopping Recife Riomar
28741,0,20/01/2026,Shopping Recife Riomar
28742,0,20/01/2026,Shopping Recife Riomar
28743,0,20/01/2026,Shopping Recife Riomar
28744,0,20/01/2026,Shopping Recife Riomar
28745,0,20/01/2026,Shopping Recife Riomar
28746,0,20/01/2026,Shopping Recife Riomar
28747,0,20/01/2026,Shopping Recife Riomar
28817,1,20/01/2026,Shopping Recife Riomar
28818,1,20/01/2026,Shopping Recife Riomar
28819,1,20/01/2026,Shopping Recife Riomar
28820,1,20/01/2026,Shopping Recife Riomar
28821,0,20/01/2026,Shopping Recife Riomar
28822,1,20/01/2026,Shopping Recife Riomar
28823,1,20/01/2026,Shopping Recife Riomar
28824,1,20/01/2026,Shopping Recife Riomar
28825,1,20/01/2026,Shopping Recife Riomar
28826,1,20/01/2026,Shopping Recife Riomar
28827,0,20/01/2026,Shopping Recife Riomar
28828,1,20/01/2026,Shopping Recife Riomar
28829,0,20/01/2026,Shopping Recife Riomar
28833,0,20/01/2026,Shopping Recife Riomar
28837,0,20/01/2026,Shopping Recife Riomar
28838,0,20/01/2026,Shopping Recife Riomar
26953,2,20/01/2026,Shopping Belem Boulevard
26954,2,20/01/2026,Shopping Belem Boulevard
26955,1,20/01/2026,Shopping Belem Boulevard
26957,1,20/01/2026,Shopping Belem Boulevard
26958,2,20/01/2026,Shopping Belem Boulevard
26959,1,20/01/2026,Shopping Belem Boulevard
26960,1,20/01/2026,Shopping Belem Boulevard
26975,2,20/01/2026,Shopping Belem Boulevard
26978,1,20/01/2026,Shopping Belem Boulevard
26979,2,20/01/2026,Shopping Belem Boulevard
27003,1,20/01/2026,Shopping Belem Boulevard
27013,0,20/01/2026,Shopping Belem Boulevard
27017,2,20/01/2026,Shopping Belem Boulevard
27027,1,20/01/2026,Shopping Belem Boulevard
27028,1,20/01/2026,Shopping Belem Boulevard
27029,1,20/01/2026,Shopping Belem Boulevard
27030,1,20/01/2026,Shopping Belem Boulevard
27031,1,20/01/2026,Shopping Belem Boulevard
27032,0,20/01/2026,Shopping Belem Boulevard
27055,1,20/01/2026,Shopping Belem Boulevard
27056,2,20/01/2026,Shopping Belem Boulevard
27057,1,20/01/2026,Shopping Belem Boulevard
27058,1,20/01/2026,Shopping Belem Boulevard
27059,1,20/01/2026,Shopping Belem Boulevard
27060,1,20/01/2026,Shopping Belem Boulevard
27061,1,20/01/2026,Shopping Belem Boulevard
27062,1,20/01/2026,Shopping Belem Boulevard
27063,1,20/01/2026,Shopping Belem Boulevard
27064,1,20/01/2026,Shopping Belem Boulevard
27065,2,20/01/2026,Shopping Belem Boulevard
27066,1,20/01/2026,Shopping Belem Boulevard
27067,1,20/01/2026,Shopping Belem Boulevard
27068,1,20/01/2026,Shopping Belem Boulevard
27069,3,20/01/2026,Shopping Belem Boulevard
27070,2,20/01/2026,Shopping Belem Boulevard
27071,1,20/01/2026,Shopping Belem Boulevard
27072,2,20/01/2026,Shopping Belem Boulevard
27090,2,20/01/2026,Shopping Belem Boulevard
27097,3,20/01/2026,Shopping Belem Boulevard
27098,3,20/01/2026,Shopping Belem Boulevard
27108,0,20/01/2026,Shopping Belem Boulevard
27109,1,20/01/2026,Shopping Belem Boulevard
27110,1,20/01/2026,Shopping Belem Boulevard
27111,1,20/01/2026,Shopping Belem Boulevard
27112,2,20/01/2026,Shopping Belem Boulevard
27113,1,20/01/2026,Shopping Belem Boulevard
27114,4,20/01/2026,Shopping Belem Boulevard
27115,1,20/01/2026,Shopping Belem Boulevard
27116,1,20/01/2026,Shopping Belem Boulevard
27125,1,20/01/2026,Shopping Belem Boulevard
27130,0,20/01/2026,Shopping Belem Boulevard
27131,0,20/01/2026,Shopping Belem Boulevard
27132,1,20/01/2026,Shopping Belem Boulevard
27133,1,20/01/2026,Shopping Belem Boulevard
27184,1,20/01/2026,Shopping Belem Boulevard
27188,1,20/01/2026,Shopping Belem Boulevard
27189,1,20/01/2026,Shopping Belem Boulevard
27190,0,20/01/2026,Shopping Belem Boulevard
27191,0,20/01/2026,Shopping Belem Boulevard
27192,0,20/01/2026,Shopping Belem Boulevard
27193,0,20/01/2026,Shopping Belem Boulevard
27211,0,20/01/2026,Shopping Belem Boulevard
27219,0,20/01/2026,Shopping Belem Boulevard
27227,3,20/01/2026,Shopping Belem Boulevard
27229,2,20/01/2026,Shopping Belem Boulevard
27230,1,20/01/2026,Shopping Belem Boulevard
27231,1,20/01/2026,Shopping Belem Boulevard
27233,1,20/01/2026,Shopping Belem Boulevard
27234,1,20/01/2026,Shopping Belem Boulevard
27235,2,20/01/2026,Shopping Belem Boulevard
27238,1,20/01/2026,Shopping Belem Boulevard
27251,1,20/01/2026,Shopping Belem Boulevard
27252,2,20/01/2026,Shopping Belem Boulevard
27253,1,20/01/2026,Shopping Belem Boulevard
27254,2,20/01/2026,Shopping Belem Boulevard
27256,1,20/01/2026,Shopping Belem Boulevard
27257,2,20/01/2026,Shopping Belem Boulevard
27258,0,20/01/2026,Shopping Belem Boulevard
27259,3,20/01/2026,Shopping Belem Boulevard
27260,2,20/01/2026,Shopping Belem Boulevard
27261,2,20/01/2026,Shopping Belem Boulevard
27262,2,20/01/2026,Shopping Belem Boulevard
27263,0,20/01/2026,Shopping Belem Boulevard
27264,1,20/01/2026,Shopping Belem Boulevard
27265,1,20/01/2026,Shopping Belem Boulevard
27273,1,20/01/2026,Shopping Belem Boulevard
27274,1,20/01/2026,Shopping Belem Boulevard
27275,1,20/01/2026,Shopping Belem Boulevard
27276,2,20/01/2026,Shopping Belem Boulevard
27277,1,20/01/2026,Shopping Belem Boulevard
27278,1,20/01/2026,Shopping Belem Boulevard
27279,1,20/01/2026,Shopping Belem Boulevard
27280,1,20/01/2026,Shopping Belem Boulevard
27281,1,20/01/2026,Shopping Belem Boulevard
27282,1,20/01/2026,Shopping Belem Boulevard
27283,1,20/01/2026,Shopping Belem Boulevard
27284,1,20/01/2026,Shopping Belem Boulevard
27285,1,20/01/2026,Shopping Belem Boulevard
27286,1,20/01/2026,Shopping Belem Boulevard
27287,0,20/01/2026,Shopping Belem Boulevard
27449,0,20/01/2026,Shopping Belem Boulevard
27482,1,20/01/2026,Shopping Belem Boulevard
27483,1,20/01/2026,Shopping Belem Boulevard
27491,0,20/01/2026,Shopping Belem Boulevard
27495,2,20/01/2026,Shopping Belem Boulevard
27496,3,20/01/2026,Shopping Belem Boulevard
27497,3,20/01/2026,Shopping Belem Boulevard
27498,1,20/01/2026,Shopping Belem Boulevard
27509,0,20/01/2026,Shopping Belem Boulevard
27510,1,20/01/2026,Shopping Belem Boulevard
27511,1,20/01/2026,Shopping Belem Boulevard
27532,1,20/01/2026,Shopping Belem Boulevard
27533,1,20/01/2026,Shopping Belem Boulevard
27534,1,20/01/2026,Shopping Belem Boulevard
27535,1,20/01/2026,Shopping Belem Boulevard
27537,1,20/01/2026,Shopping Belem Boulevard
27538,1,20/01/2026,Shopping Belem Boulevard
27539,1,20/01/2026,Shopping Belem Boulevard
27540,1,20/01/2026,Shopping Belem Boulevard
27541,1,20/01/2026,Shopping Belem Boulevard
27551,2,20/01/2026,Shopping Belem Boulevard
27634,0,20/01/2026,Shopping Belem Boulevard
27660,0,20/01/2026,Shopping Belem Boulevard
27662,0,20/01/2026,Shopping Belem Boulevard
27669,0,20/01/2026,Shopping Belem Boulevard
27673,0,20/01/2026,Shopping Belem Boulevard
27715,1,20/01/2026,Shopping Belem Boulevard
27716,1,20/01/2026,Shopping Belem Boulevard
27717,1,20/01/2026,Shopping Belem Boulevard
27718,2,20/01/2026,Shopping Belem Boulevard
27746,3,20/01/2026,Shopping Belem Boulevard
27768,2,20/01/2026,Shopping Belem Boulevard
27769,2,20/01/2026,Shopping Belem Boulevard
27770,2,20/01/2026,Shopping Belem Boulevard
27771,2,20/01/2026,Shopping Belem Boulevard
27772,2,20/01/2026,Shopping Belem Boulevard
27773,2,20/01/2026,Shopping Belem Boulevard
27774,2,20/01/2026,Shopping Belem Boulevard
27775,2,20/01/2026,Shopping Belem Boulevard
27776,2,20/01/2026,Shopping Belem Boulevard
27777,2,20/01/2026,Shopping Belem Boulevard
27779,2,20/01/2026,Shopping Belem Boulevard
27780,2,20/01/2026,Shopping Belem Boulevard
27781,2,20/01/2026,Shopping Belem Boulevard
27782,2,20/01/2026,Shopping Belem Boulevard
27783,2,20/01/2026,Shopping Belem Boulevard
27784,2,20/01/2026,Shopping Belem Boulevard
27785,1,20/01/2026,Shopping Belem Boulevard
27786,2,20/01/2026,Shopping Belem Boulevard
27789,1,20/01/2026,Shopping Belem Boulevard
27790,0,20/01/2026,Shopping Belem Boulevard
27794,1,20/01/2026,Shopping Belem Boulevard
27795,1,20/01/2026,Shopping Belem Boulevard
27799,3,20/01/2026,Shopping Belem Boulevard
27800,2,20/01/2026,Shopping Belem Boulevard
27803,1,20/01/2026,Shopping Belem Boulevard
27804,1,20/01/2026,Shopping Belem Boulevard
27809,1,20/01/2026,Shopping Belem Boulevard
27810,1,20/01/2026,Shopping Belem Boulevard
27811,0,20/01/2026,Shopping Belem Boulevard
27812,0,20/01/2026,Shopping Belem Boulevard
27814,0,20/01/2026,Shopping Belem Boulevard
27815,0,20/01/2026,Shopping Belem Boulevard
27818,2,20/01/2026,Shopping Belem Boulevard
27821,2,20/01/2026,Shopping Belem Boulevard
27822,1,20/01/2026,Shopping Belem Boulevard
27823,2,20/01/2026,Shopping Belem Boulevard
27824,0,20/01/2026,Shopping Belem Boulevard
27825,0,20/01/2026,Shopping Belem Boulevard
27826,0,20/01/2026,Shopping Belem Boulevard
27833,0,20/01/2026,Shopping Belem Boulevard
27834,0,20/01/2026,Shopping Belem Boulevard
27835,1,20/01/2026,Shopping Belem Boulevard
27836,0,20/01/2026,Shopping Belem Boulevard
27837,0,20/01/2026,Shopping Belem Boulevard
27838,0,20/01/2026,Shopping Belem Boulevard
27839,1,20/01/2026,Shopping Belem Boulevard
27840,0,20/01/2026,Shopping Belem Boulevard
27908,1,20/01/2026,Shopping Belem Boulevard
27937,3,20/01/2026,Shopping Belem Boulevard
27938,0,20/01/2026,Shopping Belem Boulevard
27950,0,20/01/2026,Shopping Belem Boulevard
27951,2,20/01/2026,Shopping Belem Boulevard
27952,0,20/01/2026,Shopping Belem Boulevard
27953,0,20/01/2026,Shopping Belem Boulevard
27954,1,20/01/2026,Shopping Belem Boulevard
27956,0,20/01/2026,Shopping Belem Boulevard
27957,0,20/01/2026,Shopping Belem Boulevard
27958,0,20/01/2026,Shopping Belem Boulevard
27959,1,20/01/2026,Shopping Belem Boulevard
27960,0,20/01/2026,Shopping Belem Boulevard
27973,0,20/01/2026,Shopping Belem Boulevard
28040,1,20/01/2026,Shopping Belem Boulevard
28043,0,20/01/2026,Shopping Belem Boulevard
28092,1,20/01/2026,Shopping Belem Boulevard
28101,0,20/01/2026,Shopping Belem Boulevard
28109,0,20/01/2026,Shopping Belem Boulevard
28414,0,20/01/2026,Shopping Belem Boulevard
28456,1,20/01/2026,Shopping Belem Boulevard
28457,1,20/01/2026,Shopping Belem Boulevard
28570,0,20/01/2026,Shopping Belem Boulevard
28597,0,20/01/2026,Shopping Belem Boulevard
28693,0,20/01/2026,Shopping Belem Boulevard
28695,1,20/01/2026,Shopping Belem Boulevard
28696,0,20/01/2026,Shopping Belem Boulevard
28697,0,20/01/2026,Shopping Belem Boulevard
28698,0,20/01/2026,Shopping Belem Boulevard
28729,0,20/01/2026,Shopping Belem Boulevard
28730,0,20/01/2026,Shopping Belem Boulevard
28731,0,20/01/2026,Shopping Belem Boulevard
28732,0,20/01/2026,Shopping Belem Boulevard
28733,0,20/01/2026,Shopping Belem Boulevard
28734,0,20/01/2026,Shopping Belem Boulevard
28735,0,20/01/2026,Shopping Belem Boulevard
28736,0,20/01/2026,Shopping Belem Boulevard
28737,0,20/01/2026,Shopping Belem Boulevard
28738,0,20/01/2026,Shopping Belem Boulevard
28739,0,20/01/2026,Shopping Belem Boulevard
28740,0,20/01/2026,Shopping Belem Boulevard
28741,0,20/01/2026,Shopping Belem Boulevard
28742,0,20/01/2026,Shopping Belem Boulevard
28743,0,20/01/2026,Shopping Belem Boulevard
28744,0,20/01/2026,Shopping Belem Boulevard
28745,0,20/01/2026,Shopping Belem Boulevard
28746,0,20/01/2026,Shopping Belem Boulevard
28747,0,20/01/2026,Shopping Belem Boulevard
28817,0,20/01/2026,Shopping Belem Boulevard
28818,0,20/01/2026,Shopping Belem Boulevard
28819,0,20/01/2026,Shopping Belem Boulevard
28820,0,20/01/2026,Shopping Belem Boulevard
28821,0,20/01/2026,Shopping Belem Boulevard
28822,0,20/01/2026,Shopping Belem Boulevard
28823,0,20/01/2026,Shopping Belem Boulevard
28824,0,20/01/2026,Shopping Belem Boulevard
28825,0,20/01/2026,Shopping Belem Boulevard
28826,0,20/01/2026,Shopping Belem Boulevard
28827,0,20/01/2026,Shopping Belem Boulevard
28828,0,20/01/2026,Shopping Belem Boulevard
28829,0,20/01/2026,Shopping Belem Boulevard
28833,0,20/01/2026,Shopping Belem Boulevard
28837,1,20/01/2026,Shopping Belem Boulevard
28838,0,20/01/2026,Shopping Belem Boulevard
27717,0,20/01/2026,BH Shopping
27718,2,20/01/2026,BH Shopping
27746,2,20/01/2026,BH Shopping
27768,2,20/01/2026,BH Shopping
27769,2,20/01/2026,BH Shopping
27770,2,20/01/2026,BH Shopping
27771,2,20/01/2026,BH Shopping
27772,2,20/01/2026,BH Shopping
27773,0,20/01/2026,BH Shopping
27774,1,20/01/2026,BH Shopping
27775,1,20/01/2026,BH Shopping
27776,1,20/01/2026,BH Shopping
27777,1,20/01/2026,BH Shopping
27779,1,20/01/2026,BH Shopping
27780,1,20/01/2026,BH Shopping
27781,1,20/01/2026,BH Shopping
27782,1,20/01/2026,BH Shopping
27783,3,20/01/2026,BH Shopping
27784,2,20/01/2026,BH Shopping
27785,2,20/01/2026,BH Shopping
27786,2,20/01/2026,BH Shopping
27789,0,20/01/2026,BH Shopping
27790,1,20/01/2026,BH Shopping
27794,0,20/01/2026,BH Shopping
27795,0,20/01/2026,BH Shopping
27799,1,20/01/2026,BH Shopping
27800,1,20/01/2026,BH Shopping
27803,1,20/01/2026,BH Shopping
27804,1,20/01/2026,BH Shopping
27809,0,20/01/2026,BH Shopping
27810,0,20/01/2026,BH Shopping
27811,0,20/01/2026,BH Shopping
27812,0,20/01/2026,BH Shopping
27814,0,20/01/2026,BH Shopping
27815,0,20/01/2026,BH Shopping
27818,2,20/01/2026,BH Shopping
27821,1,20/01/2026,BH Shopping
27822,1,20/01/2026,BH Shopping
27823,0,20/01/2026,BH Shopping
27824,1,20/01/2026,BH Shopping
27825,0,20/01/2026,BH Shopping
27826,1,20/01/2026,BH Shopping
27833,0,20/01/2026,BH Shopping
27834,0,20/01/2026,BH Shopping
27835,0,20/01/2026,BH Shopping
27836,0,20/01/2026,BH Shopping
27837,0,20/01/2026,BH Shopping
27838,0,20/01/2026,BH Shopping
27839,0,20/01/2026,BH Shopping
27840,0,20/01/2026,BH Shopping
27908,0,20/01/2026,BH Shopping
27937,1,20/01/2026,BH Shopping
27938,3,20/01/2026,BH Shopping
27950,0,20/01/2026,BH Shopping
27951,2,20/01/2026,BH Shopping
27952,0,20/01/2026,BH Shopping
27953,0,20/01/2026,BH Shopping
27954,0,20/01/2026,BH Shopping
27956,0,20/01/2026,BH Shopping
27957,0,20/01/2026,BH Shopping
27958,0,20/01/2026,BH Shopping
27959,0,20/01/2026,BH Shopping
27960,0,20/01/2026,BH Shopping
27973,0,20/01/2026,BH Shopping
28040,0,20/01/2026,BH Shopping
28043,0,20/01/2026,BH Shopping
28092,0,20/01/2026,BH Shopping
28101,0,20/01/2026,BH Shopping
28109,0,20/01/2026,BH Shopping
28414,0,20/01/2026,BH Shopping
28456,1,20/01/2026,BH Shopping
28457,1,20/01/2026,BH Shopping
28570,0,20/01/2026,BH Shopping
28597,0,20/01/2026,BH Shopping
28693,0,20/01/2026,BH Shopping
28695,1,20/01/2026,BH Shopping
28696,0,20/01/2026,BH Shopping
28697,0,20/01/2026,BH Shopping
28698,0,20/01/2026,BH Shopping
28729,0,20/01/2026,BH Shopping
28730,0,20/01/2026,BH Shopping
28731,0,20/01/2026,BH Shopping
28732,0,20/01/2026,BH Shopping
28733,0,20/01/2026,BH Shopping
28734,0,20/01/2026,BH Shopping
28735,0,20/01/2026,BH Shopping
28736,0,20/01/2026,BH Shopping
28737,0,20/01/2026,BH Shopping
28738,0,20/01/2026,BH Shopping
28739,0,20/01/2026,BH Shopping
28740,0,20/01/2026,BH Shopping
28741,0,20/01/2026,BH Shopping
28742,0,20/01/2026,BH Shopping
28743,0,20/01/2026,BH Shopping
28744,0,20/01/2026,BH Shopping
28745,0,20/01/2026,BH Shopping
28746,0,20/01/2026,BH Shopping
28747,0,20/01/2026,BH Shopping
28817,0,20/01/2026,BH Shopping
28818,0,20/01/2026,BH Shopping
28819,0,20/01/2026,BH Shopping
28820,0,20/01/2026,BH Shopping
28821,0,20/01/2026,BH Shopping
28822,0,20/01/2026,BH Shopping
28823,0,20/01/2026,BH Shopping
28824,0,20/01/2026,BH Shopping
28825,0,20/01/2026,BH Shopping
28826,0,20/01/2026,BH Shopping
28827,0,20/01/2026,BH Shopping
28828,0,20/01/2026,BH Shopping
28829,0,20/01/2026,BH Shopping
28833,0,20/01/2026,BH Shopping
28837,0,20/01/2026,BH Shopping
28838,0,20/01/2026,BH Shopping
27717,0,20/01/2026,Shopping Vitoria
27718,1,20/01/2026,Shopping Vitoria
27746,0,20/01/2026,Shopping Vitoria
27768,2,20/01/2026,Shopping Vitoria
27769,2,20/01/2026,Shopping Vitoria
27770,2,20/01/2026,Shopping Vitoria
27771,2,20/01/2026,Shopping Vitoria
27772,2,20/01/2026,Shopping Vitoria
27773,2,20/01/2026,Shopping Vitoria
27774,2,20/01/2026,Shopping Vitoria
27775,2,20/01/2026,Shopping Vitoria
27776,2,20/01/2026,Shopping Vitoria
27777,2,20/01/2026,Shopping Vitoria
27779,1,20/01/2026,Shopping Vitoria
27780,0,20/01/2026,Shopping Vitoria
27781,0,20/01/2026,Shopping Vitoria
27782,0,20/01/2026,Shopping Vitoria
27783,1,20/01/2026,Shopping Vitoria
27784,3,20/01/2026,Shopping Vitoria
27785,1,20/01/2026,Shopping Vitoria
27786,2,20/01/2026,Shopping Vitoria
27789,0,20/01/2026,Shopping Vitoria
27790,0,20/01/2026,Shopping Vitoria
27794,0,20/01/2026,Shopping Vitoria
27795,0,20/01/2026,Shopping Vitoria
27799,0,20/01/2026,Shopping Vitoria
27800,0,20/01/2026,Shopping Vitoria
27803,0,20/01/2026,Shopping Vitoria
27804,0,20/01/2026,Shopping Vitoria
27809,0,20/01/2026,Shopping Vitoria
27810,0,20/01/2026,Shopping Vitoria
27811,0,20/01/2026,Shopping Vitoria
27812,0,20/01/2026,Shopping Vitoria
27814,0,20/01/2026,Shopping Vitoria
27815,0,20/01/2026,Shopping Vitoria
27818,0,20/01/2026,Shopping Vitoria
27821,0,20/01/2026,Shopping Vitoria
27822,0,20/01/2026,Shopping Vitoria
27823,0,20/01/2026,Shopping Vitoria
27824,0,20/01/2026,Shopping Vitoria
27825,0,20/01/2026,Shopping Vitoria
27826,0,20/01/2026,Shopping Vitoria
27833,0,20/01/2026,Shopping Vitoria
27834,0,20/01/2026,Shopping Vitoria
27835,0,20/01/2026,Shopping Vitoria
27836,0,20/01/2026,Shopping Vitoria
27837,0,20/01/2026,Shopping Vitoria
27838,0,20/01/2026,Shopping Vitoria
27839,0,20/01/2026,Shopping Vitoria
27840,0,20/01/2026,Shopping Vitoria
27908,0,20/01/2026,Shopping Vitoria
27937,1,20/01/2026,Shopping Vitoria
27938,0,20/01/2026,Shopping Vitoria
27950,0,20/01/2026,Shopping Vitoria
27951,0,20/01/2026,Shopping Vitoria
27952,0,20/01/2026,Shopping Vitoria
27953,0,20/01/2026,Shopping Vitoria
27954,0,20/01/2026,Shopping Vitoria
27956,0,20/01/2026,Shopping Vitoria
27957,0,20/01/2026,Shopping Vitoria
27958,0,20/01/2026,Shopping Vitoria
27959,0,20/01/2026,Shopping Vitoria
27960,0,20/01/2026,Shopping Vitoria
27973,0,20/01/2026,Shopping Vitoria
28040,0,20/01/2026,Shopping Vitoria
28043,0,20/01/2026,Shopping Vitoria
28092,0,20/01/2026,Shopping Vitoria
28101,0,20/01/2026,Shopping Vitoria
28109,0,20/01/2026,Shopping Vitoria
28414,0,20/01/2026,Shopping Vitoria
28456,0,20/01/2026,Shopping Vitoria
28457,0,20/01/2026,Shopping Vitoria
28570,0,20/01/2026,Shopping Vitoria
28597,0,20/01/2026,Shopping Vitoria
28693,0,20/01/2026,Shopping Vitoria
28695,0,20/01/2026,Shopping Vitoria
28696,1,20/01/2026,Shopping Vitoria
28697,0,20/01/2026,Shopping Vitoria
28698,0,20/01/2026,Shopping Vitoria
28729,0,20/01/2026,Shopping Vitoria
28730,0,20/01/2026,Shopping Vitoria
28731,0,20/01/2026,Shopping Vitoria
28732,0,20/01/2026,Shopping Vitoria
28733,0,20/01/2026,Shopping Vitoria
28734,0,20/01/2026,Shopping Vitoria
28735,0,20/01/2026,Shopping Vitoria
28736,0,20/01/2026,Shopping Vitoria
28737,0,20/01/2026,Shopping Vitoria
28738,0,20/01/2026,Shopping Vitoria
28739,0,20/01/2026,Shopping Vitoria
28740,0,20/01/2026,Shopping Vitoria
28741,0,20/01/2026,Shopping Vitoria
28742,0,20/01/2026,Shopping Vitoria
28743,0,20/01/2026,Shopping Vitoria
28744,0,20/01/2026,Shopping Vitoria
28745,0,20/01/2026,Shopping Vitoria
28746,0,20/01/2026,Shopping Vitoria
28747,0,20/01/2026,Shopping Vitoria
28817,0,20/01/2026,Shopping Vitoria
28818,0,20/01/2026,Shopping Vitoria
28819,0,20/01/2026,Shopping Vitoria
28820,0,20/01/2026,Shopping Vitoria
28821,0,20/01/2026,Shopping Vitoria
28822,0,20/01/2026,Shopping Vitoria
28823,0,20/01/2026,Shopping Vitoria
28824,0,20/01/2026,Shopping Vitoria
28825,0,20/01/2026,Shopping Vitoria
28826,0,20/01/2026,Shopping Vitoria
28827,0,20/01/2026,Shopping Vitoria
28828,0,20/01/2026,Shopping Vitoria
28829,0,20/01/2026,Shopping Vitoria
28833,1,20/01/2026,Shopping Vitoria
28837,0,20/01/2026,Shopping Vitoria
28838,0,20/01/2026,Shopping Vitoria
27717,0,20/01/2026,Shopping Vila Velha
27718,0,20/01/2026,Shopping Vila Velha
27746,1,20/01/2026,Shopping Vila Velha
27768,1,20/01/2026,Shopping Vila Velha
27769,1,20/01/2026,Shopping Vila Velha
27770,1,20/01/2026,Shopping Vila Velha
27771,1,20/01/2026,Shopping Vila Velha
27772,1,20/01/2026,Shopping Vila Velha
27773,0,20/01/2026,Shopping Vila Velha
27774,0,20/01/2026,Shopping Vila Velha
27775,0,20/01/2026,Shopping Vila Velha
27776,0,20/01/2026,Shopping Vila Velha
27777,0,20/01/2026,Shopping Vila Velha
27779,1,20/01/2026,Shopping Vila Velha
27780,1,20/01/2026,Shopping Vila Velha
27781,1,20/01/2026,Shopping Vila Velha
27782,1,20/01/2026,Shopping Vila Velha
27783,1,20/01/2026,Shopping Vila Velha
27784,2,20/01/2026,Shopping Vila Velha
27785,1,20/01/2026,Shopping Vila Velha
27786,0,20/01/2026,Shopping Vila Velha
27789,0,20/01/2026,Shopping Vila Velha
27790,0,20/01/2026,Shopping Vila Velha
27794,0,20/01/2026,Shopping Vila Velha
27795,0,20/01/2026,Shopping Vila Velha
27799,0,20/01/2026,Shopping Vila Velha
27800,0,20/01/2026,Shopping Vila Velha
27803,0,20/01/2026,Shopping Vila Velha
27804,0,20/01/2026,Shopping Vila Velha
27809,0,20/01/2026,Shopping Vila Velha
27810,0,20/01/2026,Shopping Vila Velha
27811,0,20/01/2026,Shopping Vila Velha
27812,0,20/01/2026,Shopping Vila Velha
27814,0,20/01/2026,Shopping Vila Velha
27815,0,20/01/2026,Shopping Vila Velha
27818,0,20/01/2026,Shopping Vila Velha
27821,0,20/01/2026,Shopping Vila Velha
27822,0,20/01/2026,Shopping Vila Velha
27823,0,20/01/2026,Shopping Vila Velha
27824,0,20/01/2026,Shopping Vila Velha
27825,0,20/01/2026,Shopping Vila Velha
27826,0,20/01/2026,Shopping Vila Velha
27833,0,20/01/2026,Shopping Vila Velha
27834,0,20/01/2026,Shopping Vila Velha
27835,0,20/01/2026,Shopping Vila Velha
27836,0,20/01/2026,Shopping Vila Velha
27837,0,20/01/2026,Shopping Vila Velha
27838,0,20/01/2026,Shopping Vila Velha
27839,0,20/01/2026,Shopping Vila Velha
27840,0,20/01/2026,Shopping Vila Velha
27908,0,20/01/2026,Shopping Vila Velha
27937,1,20/01/2026,Shopping Vila Velha
27938,0,20/01/2026,Shopping Vila Velha
27950,0,20/01/2026,Shopping Vila Velha
27951,0,20/01/2026,Shopping Vila Velha
27952,0,20/01/2026,Shopping Vila Velha
27953,0,20/01/2026,Shopping Vila Velha
27954,0,20/01/2026,Shopping Vila Velha
27956,0,20/01/2026,Shopping Vila Velha
27957,0,20/01/2026,Shopping Vila Velha
27958,0,20/01/2026,Shopping Vila Velha
27959,0,20/01/2026,Shopping Vila Velha
27960,0,20/01/2026,Shopping Vila Velha
27973,0,20/01/2026,Shopping Vila Velha
28040,0,20/01/2026,Shopping Vila Velha
28043,0,20/01/2026,Shopping Vila Velha
28092,0,20/01/2026,Shopping Vila Velha
28101,0,20/01/2026,Shopping Vila Velha
28109,0,20/01/2026,Shopping Vila Velha
28414,0,20/01/2026,Shopping Vila Velha
28456,0,20/01/2026,Shopping Vila Velha
28457,0,20/01/2026,Shopping Vila Velha
28570,0,20/01/2026,Shopping Vila Velha
28597,0,20/01/2026,Shopping Vila Velha
28693,0,20/01/2026,Shopping Vila Velha
28695,0,20/01/2026,Shopping Vila Velha
28696,0,20/01/2026,Shopping Vila Velha
28697,0,20/01/2026,Shopping Vila Velha
28698,0,20/01/2026,Shopping Vila Velha
28729,0,20/01/2026,Shopping Vila Velha
28730,0,20/01/2026,Shopping Vila Velha
28731,0,20/01/2026,Shopping Vila Velha
28732,0,20/01/2026,Shopping Vila Velha
28733,0,20/01/2026,Shopping Vila Velha
28734,0,20/01/2026,Shopping Vila Velha
28735,0,20/01/2026,Shopping Vila Velha
28736,0,20/01/2026,Shopping Vila Velha
28737,0,20/01/2026,Shopping Vila Velha
28738,0,20/01/2026,Shopping Vila Velha
28739,0,20/01/2026,Shopping Vila Velha
28740,0,20/01/2026,Shopping Vila Velha
28741,0,20/01/2026,Shopping Vila Velha
28742,0,20/01/2026,Shopping Vila Velha
28743,0,20/01/2026,Shopping Vila Velha
28744,0,20/01/2026,Shopping Vila Velha
28745,0,20/01/2026,Shopping Vila Velha
28746,0,20/01/2026,Shopping Vila Velha
28747,0,20/01/2026,Shopping Vila Velha
28817,0,20/01/2026,Shopping Vila Velha
28818,0,20/01/2026,Shopping Vila Velha
28819,0,20/01/2026,Shopping Vila Velha
28820,0,20/01/2026,Shopping Vila Velha
28821,0,20/01/2026,Shopping Vila Velha
28822,0,20/01/2026,Shopping Vila Velha
28823,0,20/01/2026,Shopping Vila Velha
28824,0,20/01/2026,Shopping Vila Velha
28825,0,20/01/2026,Shopping Vila Velha
28826,0,20/01/2026,Shopping Vila Velha
28827,0,20/01/2026,Shopping Vila Velha
28828,0,20/01/2026,Shopping Vila Velha
28829,0,20/01/2026,Shopping Vila Velha
28833,0,20/01/2026,Shopping Vila Velha
28837,0,20/01/2026,Shopping Vila Velha
28838,0,20/01/2026,Shopping Vila Velha
27717,0,20/01/2026,Shopping Iguatemi Fortaleza
27718,1,20/01/2026,Shopping Iguatemi Fortaleza
27746,1,20/01/2026,Shopping Iguatemi Fortaleza
27768,1,20/01/2026,Shopping Iguatemi Fortaleza
27769,1,20/01/2026,Shopping Iguatemi Fortaleza
27770,1,20/01/2026,Shopping Iguatemi Fortaleza
27771,1,20/01/2026,Shopping Iguatemi Fortaleza
27772,1,20/01/2026,Shopping Iguatemi Fortaleza
27773,0,20/01/2026,Shopping Iguatemi Fortaleza
27774,0,20/01/2026,Shopping Iguatemi Fortaleza
27775,0,20/01/2026,Shopping Iguatemi Fortaleza
27776,0,20/01/2026,Shopping Iguatemi Fortaleza
27777,0,20/01/2026,Shopping Iguatemi Fortaleza
27779,1,20/01/2026,Shopping Iguatemi Fortaleza
27780,0,20/01/2026,Shopping Iguatemi Fortaleza
27781,0,20/01/2026,Shopping Iguatemi Fortaleza
27782,1,20/01/2026,Shopping Iguatemi Fortaleza
27783,1,20/01/2026,Shopping Iguatemi Fortaleza
27784,1,20/01/2026,Shopping Iguatemi Fortaleza
27785,1,20/01/2026,Shopping Iguatemi Fortaleza
27786,2,20/01/2026,Shopping Iguatemi Fortaleza
27789,0,20/01/2026,Shopping Iguatemi Fortaleza
27790,0,20/01/2026,Shopping Iguatemi Fortaleza
27794,0,20/01/2026,Shopping Iguatemi Fortaleza
27795,0,20/01/2026,Shopping Iguatemi Fortaleza
27799,0,20/01/2026,Shopping Iguatemi Fortaleza
27800,0,20/01/2026,Shopping Iguatemi Fortaleza
27803,0,20/01/2026,Shopping Iguatemi Fortaleza
27804,1,20/01/2026,Shopping Iguatemi Fortaleza
27809,0,20/01/2026,Shopping Iguatemi Fortaleza
27810,0,20/01/2026,Shopping Iguatemi Fortaleza
27811,1,20/01/2026,Shopping Iguatemi Fortaleza
27812,0,20/01/2026,Shopping Iguatemi Fortaleza
27814,1,20/01/2026,Shopping Iguatemi Fortaleza
27815,1,20/01/2026,Shopping Iguatemi Fortaleza
27818,1,20/01/2026,Shopping Iguatemi Fortaleza
27821,1,20/01/2026,Shopping Iguatemi Fortaleza
27822,1,20/01/2026,Shopping Iguatemi Fortaleza
27823,0,20/01/2026,Shopping Iguatemi Fortaleza
27824,0,20/01/2026,Shopping Iguatemi Fortaleza
27825,0,20/01/2026,Shopping Iguatemi Fortaleza
27826,1,20/01/2026,Shopping Iguatemi Fortaleza
27833,0,20/01/2026,Shopping Iguatemi Fortaleza
27834,0,20/01/2026,Shopping Iguatemi Fortaleza
27835,0,20/01/2026,Shopping Iguatemi Fortaleza
27836,0,20/01/2026,Shopping Iguatemi Fortaleza
27837,0,20/01/2026,Shopping Iguatemi Fortaleza
27838,0,20/01/2026,Shopping Iguatemi Fortaleza
27839,0,20/01/2026,Shopping Iguatemi Fortaleza
27840,0,20/01/2026,Shopping Iguatemi Fortaleza
27908,0,20/01/2026,Shopping Iguatemi Fortaleza
27937,0,20/01/2026,Shopping Iguatemi Fortaleza
27938,2,20/01/2026,Shopping Iguatemi Fortaleza
27950,1,20/01/2026,Shopping Iguatemi Fortaleza
27951,1,20/01/2026,Shopping Iguatemi Fortaleza
27952,0,20/01/2026,Shopping Iguatemi Fortaleza
27953,0,20/01/2026,Shopping Iguatemi Fortaleza
27954,0,20/01/2026,Shopping Iguatemi Fortaleza
27956,0,20/01/2026,Shopping Iguatemi Fortaleza
27957,0,20/01/2026,Shopping Iguatemi Fortaleza
27958,0,20/01/2026,Shopping Iguatemi Fortaleza
27959,0,20/01/2026,Shopping Iguatemi Fortaleza
27960,0,20/01/2026,Shopping Iguatemi Fortaleza
27973,0,20/01/2026,Shopping Iguatemi Fortaleza
28040,0,20/01/2026,Shopping Iguatemi Fortaleza
28043,0,20/01/2026,Shopping Iguatemi Fortaleza
28092,1,20/01/2026,Shopping Iguatemi Fortaleza
28101,0,20/01/2026,Shopping Iguatemi Fortaleza
28109,0,20/01/2026,Shopping Iguatemi Fortaleza
28414,0,20/01/2026,Shopping Iguatemi Fortaleza
28456,0,20/01/2026,Shopping Iguatemi Fortaleza
28457,1,20/01/2026,Shopping Iguatemi Fortaleza
28570,0,20/01/2026,Shopping Iguatemi Fortaleza
28597,2,20/01/2026,Shopping Iguatemi Fortaleza
28693,0,20/01/2026,Shopping Iguatemi Fortaleza
28695,0,20/01/2026,Shopping Iguatemi Fortaleza
28696,0,20/01/2026,Shopping Iguatemi Fortaleza
28697,0,20/01/2026,Shopping Iguatemi Fortaleza
28698,0,20/01/2026,Shopping Iguatemi Fortaleza
28729,0,20/01/2026,Shopping Iguatemi Fortaleza
28730,0,20/01/2026,Shopping Iguatemi Fortaleza
28731,0,20/01/2026,Shopping Iguatemi Fortaleza
28732,0,20/01/2026,Shopping Iguatemi Fortaleza
28733,0,20/01/2026,Shopping Iguatemi Fortaleza
28734,0,20/01/2026,Shopping Iguatemi Fortaleza
28735,0,20/01/2026,Shopping Iguatemi Fortaleza
28736,0,20/01/2026,Shopping Iguatemi Fortaleza
28737,0,20/01/2026,Shopping Iguatemi Fortaleza
28738,0,20/01/2026,Shopping Iguatemi Fortaleza
28739,0,20/01/2026,Shopping Iguatemi Fortaleza
28740,0,20/01/2026,Shopping Iguatemi Fortaleza
28741,0,20/01/2026,Shopping Iguatemi Fortaleza
28742,0,20/01/2026,Shopping Iguatemi Fortaleza
28743,0,20/01/2026,Shopping Iguatemi Fortaleza
28744,0,20/01/2026,Shopping Iguatemi Fortaleza
28745,0,20/01/2026,Shopping Iguatemi Fortaleza
28746,0,20/01/2026,Shopping Iguatemi Fortaleza
28747,0,20/01/2026,Shopping Iguatemi Fortaleza
28817,0,20/01/2026,Shopping Iguatemi Fortaleza
28818,0,20/01/2026,Shopping Iguatemi Fortaleza
28819,0,20/01/2026,Shopping Iguatemi Fortaleza
28820,0,20/01/2026,Shopping Iguatemi Fortaleza
28821,0,20/01/2026,Shopping Iguatemi Fortaleza
28822,0,20/01/2026,Shopping Iguatemi Fortaleza
28823,0,20/01/2026,Shopping Iguatemi Fortaleza
28824,0,20/01/2026,Shopping Iguatemi Fortaleza
28825,0,20/01/2026,Shopping Iguatemi Fortaleza
28826,0,20/01/2026,Shopping Iguatemi Fortaleza
28827,0,20/01/2026,Shopping Iguatemi Fortaleza
28828,0,20/01/2026,Shopping Iguatemi Fortaleza
28829,0,20/01/2026,Shopping Iguatemi Fortaleza
28833,0,20/01/2026,Shopping Iguatemi Fortaleza
28837,0,20/01/2026,Shopping Iguatemi Fortaleza
28838,0,20/01/2026,Shopping Iguatemi Fortaleza
26953,1,20/01/2026,Shopping da Bahia
26954,1,20/01/2026,Shopping da Bahia
26955,1,20/01/2026,Shopping da Bahia
26957,0,20/01/2026,Shopping da Bahia
26958,1,20/01/2026,Shopping da Bahia
26959,2,20/01/2026,Shopping da Bahia
26960,0,20/01/2026,Shopping da Bahia
26975,0,20/01/2026,Shopping da Bahia
26978,0,20/01/2026,Shopping da Bahia
26979,1,20/01/2026,Shopping da Bahia
27003,1,20/01/2026,Shopping da Bahia
27013,0,20/01/2026,Shopping da Bahia
27017,0,20/01/2026,Shopping da Bahia
27027,0,20/01/2026,Shopping da Bahia
27028,1,20/01/2026,Shopping da Bahia
27029,0,20/01/2026,Shopping da Bahia
27030,0,20/01/2026,Shopping da Bahia
27031,0,20/01/2026,Shopping da Bahia
27032,0,20/01/2026,Shopping da Bahia
27055,2,20/01/2026,Shopping da Bahia
27056,2,20/01/2026,Shopping da Bahia
27057,2,20/01/2026,Shopping da Bahia
27058,2,20/01/2026,Shopping da Bahia
27059,2,20/01/2026,Shopping da Bahia
27060,2,20/01/2026,Shopping da Bahia
27061,2,20/01/2026,Shopping da Bahia
27062,2,20/01/2026,Shopping da Bahia
27063,2,20/01/2026,Shopping da Bahia
27064,2,20/01/2026,Shopping da Bahia
27065,2,20/01/2026,Shopping da Bahia
27066,2,20/01/2026,Shopping da Bahia
27067,2,20/01/2026,Shopping da Bahia
27068,1,20/01/2026,Shopping da Bahia
27069,1,20/01/2026,Shopping da Bahia
27070,2,20/01/2026,Shopping da Bahia
27071,2,20/01/2026,Shopping da Bahia
27072,0,20/01/2026,Shopping da Bahia
27090,2,20/01/2026,Shopping da Bahia
27097,0,20/01/2026,Shopping da Bahia
27098,1,20/01/2026,Shopping da Bahia
27108,2,20/01/2026,Shopping da Bahia
27109,0,20/01/2026,Shopping da Bahia
27110,0,20/01/2026,Shopping da Bahia
27111,0,20/01/2026,Shopping da Bahia
27112,2,20/01/2026,Shopping da Bahia
27113,2,20/01/2026,Shopping da Bahia
27114,2,20/01/2026,Shopping da Bahia
27115,0,20/01/2026,Shopping da Bahia
27116,0,20/01/2026,Shopping da Bahia
27125,0,20/01/2026,Shopping da Bahia
27130,0,20/01/2026,Shopping da Bahia
27131,0,20/01/2026,Shopping da Bahia
27132,0,20/01/2026,Shopping da Bahia
27133,0,20/01/2026,Shopping da Bahia
27184,0,20/01/2026,Shopping da Bahia
27188,2,20/01/2026,Shopping da Bahia
27189,0,20/01/2026,Shopping da Bahia
27190,1,20/01/2026,Shopping da Bahia
27191,0,20/01/2026,Shopping da Bahia
27192,0,20/01/2026,Shopping da Bahia
27193,0,20/01/2026,Shopping da Bahia
27211,0,20/01/2026,Shopping da Bahia
27219,0,20/01/2026,Shopping da Bahia
27227,0,20/01/2026,Shopping da Bahia
27229,0,20/01/2026,Shopping da Bahia
27230,0,20/01/2026,Shopping da Bahia
27231,0,20/01/2026,Shopping da Bahia
27233,0,20/01/2026,Shopping da Bahia
27234,0,20/01/2026,Shopping da Bahia
27235,0,20/01/2026,Shopping da Bahia
27238,0,20/01/2026,Shopping da Bahia
27251,1,20/01/2026,Shopping da Bahia
27252,0,20/01/2026,Shopping da Bahia
27253,0,20/01/2026,Shopping da Bahia
27254,0,20/01/2026,Shopping da Bahia
27256,0,20/01/2026,Shopping da Bahia
27257,0,20/01/2026,Shopping da Bahia
27258,0,20/01/2026,Shopping da Bahia
27259,0,20/01/2026,Shopping da Bahia
27260,0,20/01/2026,Shopping da Bahia
27261,0,20/01/2026,Shopping da Bahia
27262,0,20/01/2026,Shopping da Bahia
27263,0,20/01/2026,Shopping da Bahia
27264,0,20/01/2026,Shopping da Bahia
27265,1,20/01/2026,Shopping da Bahia
27273,1,20/01/2026,Shopping da Bahia
27274,0,20/01/2026,Shopping da Bahia
27275,0,20/01/2026,Shopping da Bahia
27276,0,20/01/2026,Shopping da Bahia
27277,0,20/01/2026,Shopping da Bahia
27278,0,20/01/2026,Shopping da Bahia
27279,0,20/01/2026,Shopping da Bahia
27280,0,20/01/2026,Shopping da Bahia
27281,1,20/01/2026,Shopping da Bahia
27282,0,20/01/2026,Shopping da Bahia
27283,1,20/01/2026,Shopping da Bahia
27284,1,20/01/2026,Shopping da Bahia
27285,1,20/01/2026,Shopping da Bahia
27286,0,20/01/2026,Shopping da Bahia
27287,0,20/01/2026,Shopping da Bahia
27449,1,20/01/2026,Shopping da Bahia
27482,0,20/01/2026,Shopping da Bahia
27483,0,20/01/2026,Shopping da Bahia
27491,0,20/01/2026,Shopping da Bahia
27495,2,20/01/2026,Shopping da Bahia
27496,2,20/01/2026,Shopping da Bahia
27497,2,20/01/2026,Shopping da Bahia
27498,2,20/01/2026,Shopping da Bahia
27509,0,20/01/2026,Shopping da Bahia
27510,0,20/01/2026,Shopping da Bahia
27511,0,20/01/2026,Shopping da Bahia
27532,0,20/01/2026,Shopping da Bahia
27533,0,20/01/2026,Shopping da Bahia
27534,0,20/01/2026,Shopping da Bahia
27535,0,20/01/2026,Shopping da Bahia
27537,0,20/01/2026,Shopping da Bahia
27538,0,20/01/2026,Shopping da Bahia
27539,0,20/01/2026,Shopping da Bahia
27540,0,20/01/2026,Shopping da Bahia
27541,0,20/01/2026,Shopping da Bahia
27551,0,20/01/2026,Shopping da Bahia
27634,0,20/01/2026,Shopping da Bahia
27660,0,20/01/2026,Shopping da Bahia
27662,0,20/01/2026,Shopping da Bahia
27669,0,20/01/2026,Shopping da Bahia
27673,0,20/01/2026,Shopping da Bahia
27715,2,20/01/2026,Shopping da Bahia
27716,0,20/01/2026,Shopping da Bahia
27717,0,20/01/2026,Shopping da Bahia
27718,0,20/01/2026,Shopping da Bahia
27746,2,20/01/2026,Shopping da Bahia
27768,0,20/01/2026,Shopping da Bahia
27769,0,20/01/2026,Shopping da Bahia
27770,0,20/01/2026,Shopping da Bahia
27771,0,20/01/2026,Shopping da Bahia
27772,2,20/01/2026,Shopping da Bahia
27773,0,20/01/2026,Shopping da Bahia
27774,0,20/01/2026,Shopping da Bahia
27775,0,20/01/2026,Shopping da Bahia
27776,0,20/01/2026,Shopping da Bahia
27777,0,20/01/2026,Shopping da Bahia
27779,2,20/01/2026,Shopping da Bahia
27780,0,20/01/2026,Shopping da Bahia
27781,0,20/01/2026,Shopping da Bahia
27782,2,20/01/2026,Shopping da Bahia
27783,2,20/01/2026,Shopping da Bahia
27784,2,20/01/2026,Shopping da Bahia
27785,2,20/01/2026,Shopping da Bahia
27786,1,20/01/2026,Shopping da Bahia
27789,1,20/01/2026,Shopping da Bahia
27790,1,20/01/2026,Shopping da Bahia
27794,0,20/01/2026,Shopping da Bahia
27795,0,20/01/2026,Shopping da Bahia
27799,1,20/01/2026,Shopping da Bahia
27800,1,20/01/2026,Shopping da Bahia
27803,1,20/01/2026,Shopping da Bahia
27804,0,20/01/2026,Shopping da Bahia
27809,0,20/01/2026,Shopping da Bahia
27810,0,20/01/2026,Shopping da Bahia
27811,0,20/01/2026,Shopping da Bahia
27812,0,20/01/2026,Shopping da Bahia
27814,0,20/01/2026,Shopping da Bahia
27815,1,20/01/2026,Shopping da Bahia
27818,0,20/01/2026,Shopping da Bahia
27821,0,20/01/2026,Shopping da Bahia
27822,0,20/01/2026,Shopping da Bahia
27823,0,20/01/2026,Shopping da Bahia
27824,0,20/01/2026,Shopping da Bahia
27825,0,20/01/2026,Shopping da Bahia
27826,0,20/01/2026,Shopping da Bahia
27833,1,20/01/2026,Shopping da Bahia
27834,0,20/01/2026,Shopping da Bahia
27835,1,20/01/2026,Shopping da Bahia
27836,1,20/01/2026,Shopping da Bahia
27837,0,20/01/2026,Shopping da Bahia
27838,0,20/01/2026,Shopping da Bahia
27839,0,20/01/2026,Shopping da Bahia
27840,0,20/01/2026,Shopping da Bahia
27908,0,20/01/2026,Shopping da Bahia
27937,2,20/01/2026,Shopping da Bahia
27938,1,20/01/2026,Shopping da Bahia
27950,1,20/01/2026,Shopping da Bahia
27951,0,20/01/2026,Shopping da Bahia
27952,1,20/01/2026,Shopping da Bahia
27953,0,20/01/2026,Shopping da Bahia
27954,1,20/01/2026,Shopping da Bahia
27956,0,20/01/2026,Shopping da Bahia
27957,1,20/01/2026,Shopping da Bahia
27958,0,20/01/2026,Shopping da Bahia
27959,0,20/01/2026,Shopping da Bahia
27960,1,20/01/2026,Shopping da Bahia
27973,0,20/01/2026,Shopping da Bahia
28040,0,20/01/2026,Shopping da Bahia
28043,0,20/01/2026,Shopping da Bahia
28092,0,20/01/2026,Shopping da Bahia
28101,0,20/01/2026,Shopping da Bahia
28109,0,20/01/2026,Shopping da Bahia
28414,1,20/01/2026,Shopping da Bahia
28456,0,20/01/2026,Shopping da Bahia
28457,1,20/01/2026,Shopping da Bahia
28570,0,20/01/2026,Shopping da Bahia
28597,0,20/01/2026,Shopping da Bahia
28693,0,20/01/2026,Shopping da Bahia
28695,0,20/01/2026,Shopping da Bahia
28696,0,20/01/2026,Shopping da Bahia
28697,0,20/01/2026,Shopping da Bahia
28698,0,20/01/2026,Shopping da Bahia
28729,0,20/01/2026,Shopping da Bahia
28730,0,20/01/2026,Shopping da Bahia
28731,0,20/01/2026,Shopping da Bahia
28732,0,20/01/2026,Shopping da Bahia
28733,0,20/01/2026,Shopping da Bahia
28734,0,20/01/2026,Shopping da Bahia
28735,0,20/01/2026,Shopping da Bahia
28736,0,20/01/2026,Shopping da Bahia
28737,0,20/01/2026,Shopping da Bahia
28738,0,20/01/2026,Shopping da Bahia
28739,0,20/01/2026,Shopping da Bahia
28740,0,20/01/2026,Shopping da Bahia
28741,0,20/01/2026,Shopping da Bahia
28742,0,20/01/2026,Shopping da Bahia
28743,0,20/01/2026,Shopping da Bahia
28744,0,20/01/2026,Shopping da Bahia
28745,0,20/01/2026,Shopping da Bahia
28746,0,20/01/2026,Shopping da Bahia
28747,0,20/01/2026,Shopping da Bahia
28817,0,20/01/2026,Shopping da Bahia
28818,0,20/01/2026,Shopping da Bahia
28819,0,20/01/2026,Shopping da Bahia
28820,0,20/01/2026,Shopping da Bahia
28821,0,20/01/2026,Shopping da Bahia
28822,0,20/01/2026,Shopping da Bahia
28823,0,20/01/2026,Shopping da Bahia
28824,0,20/01/2026,Shopping da Bahia
28825,0,20/01/2026,Shopping da Bahia
28826,0,20/01/2026,Shopping da Bahia
28827,0,20/01/2026,Shopping da Bahia
28828,0,20/01/2026,Shopping da Bahia
28829,0,20/01/2026,Shopping da Bahia
28833,0,20/01/2026,Shopping da Bahia
28837,0,20/01/2026,Shopping da Bahia
28838,0,20/01/2026,Shopping da Bahia
26953,1,20/01/2026,Salvador Shopping
26954,0,20/01/2026,Salvador Shopping
26955,3,20/01/2026,Salvador Shopping
26957,1,20/01/2026,Salvador Shopping
26958,1,20/01/2026,Salvador Shopping
26959,2,20/01/2026,Salvador Shopping
26960,1,20/01/2026,Salvador Shopping
26975,0,20/01/2026,Salvador Shopping
26978,0,20/01/2026,Salvador Shopping
26979,3,20/01/2026,Salvador Shopping
27003,2,20/01/2026,Salvador Shopping
27013,1,20/01/2026,Salvador Shopping
27017,2,20/01/2026,Salvador Shopping
27027,1,20/01/2026,Salvador Shopping
27028,3,20/01/2026,Salvador Shopping
27029,3,20/01/2026,Salvador Shopping
27030,1,20/01/2026,Salvador Shopping
27031,1,20/01/2026,Salvador Shopping
27032,1,20/01/2026,Salvador Shopping
27055,2,20/01/2026,Salvador Shopping
27056,3,20/01/2026,Salvador Shopping
27057,2,20/01/2026,Salvador Shopping
27058,2,20/01/2026,Salvador Shopping
27059,2,20/01/2026,Salvador Shopping
27060,3,20/01/2026,Salvador Shopping
27061,2,20/01/2026,Salvador Shopping
27062,2,20/01/2026,Salvador Shopping
27063,3,20/01/2026,Salvador Shopping
27064,2,20/01/2026,Salvador Shopping
27065,2,20/01/2026,Salvador Shopping
27066,3,20/01/2026,Salvador Shopping
27067,4,20/01/2026,Salvador Shopping
27068,3,20/01/2026,Salvador Shopping
27069,2,20/01/2026,Salvador Shopping
27070,3,20/01/2026,Salvador Shopping
27071,4,20/01/2026,Salvador Shopping
27072,1,20/01/2026,Salvador Shopping
27090,1,20/01/2026,Salvador Shopping
27097,3,20/01/2026,Salvador Shopping
27098,6,20/01/2026,Salvador Shopping
27108,0,20/01/2026,Salvador Shopping
27109,4,20/01/2026,Salvador Shopping
27110,3,20/01/2026,Salvador Shopping
27111,3,20/01/2026,Salvador Shopping
27112,2,20/01/2026,Salvador Shopping
27113,3,20/01/2026,Salvador Shopping
27114,3,20/01/2026,Salvador Shopping
27115,1,20/01/2026,Salvador Shopping
27116,0,20/01/2026,Salvador Shopping
27125,0,20/01/2026,Salvador Shopping
27130,0,20/01/2026,Salvador Shopping
27131,2,20/01/2026,Salvador Shopping
27132,0,20/01/2026,Salvador Shopping
27133,1,20/01/2026,Salvador Shopping
27184,0,20/01/2026,Salvador Shopping
27188,3,20/01/2026,Salvador Shopping
27189,0,20/01/2026,Salvador Shopping
27190,1,20/01/2026,Salvador Shopping
27191,1,20/01/2026,Salvador Shopping
27192,0,20/01/2026,Salvador Shopping
27193,0,20/01/2026,Salvador Shopping
27211,0,20/01/2026,Salvador Shopping
27219,0,20/01/2026,Salvador Shopping
27227,0,20/01/2026,Salvador Shopping
27229,2,20/01/2026,Salvador Shopping
27230,1,20/01/2026,Salvador Shopping
27231,0,20/01/2026,Salvador Shopping
27233,0,20/01/2026,Salvador Shopping
27234,1,20/01/2026,Salvador Shopping
27235,1,20/01/2026,Salvador Shopping
27238,0,20/01/2026,Salvador Shopping
27251,0,20/01/2026,Salvador Shopping
27252,1,20/01/2026,Salvador Shopping
27253,1,20/01/2026,Salvador Shopping
27254,1,20/01/2026,Salvador Shopping
27256,0,20/01/2026,Salvador Shopping
27257,0,20/01/2026,Salvador Shopping
27258,1,20/01/2026,Salvador Shopping
27259,4,20/01/2026,Salvador Shopping
27260,1,20/01/2026,Salvador Shopping
27261,2,20/01/2026,Salvador Shopping
27262,1,20/01/2026,Salvador Shopping
27263,1,20/01/2026,Salvador Shopping
27264,0,20/01/2026,Salvador Shopping
27265,1,20/01/2026,Salvador Shopping
27273,1,20/01/2026,Salvador Shopping
27274,0,20/01/2026,Salvador Shopping
27275,1,20/01/2026,Salvador Shopping
27276,0,20/01/2026,Salvador Shopping
27277,0,20/01/2026,Salvador Shopping
27278,1,20/01/2026,Salvador Shopping
27279,1,20/01/2026,Salvador Shopping
27280,1,20/01/2026,Salvador Shopping
27281,1,20/01/2026,Salvador Shopping
27282,1,20/01/2026,Salvador Shopping
27283,1,20/01/2026,Salvador Shopping
27284,1,20/01/2026,Salvador Shopping
27285,0,20/01/2026,Salvador Shopping
27286,0,20/01/2026,Salvador Shopping
27287,1,20/01/2026,Salvador Shopping
27449,3,20/01/2026,Salvador Shopping
27482,0,20/01/2026,Salvador Shopping
27483,0,20/01/2026,Salvador Shopping
27491,0,20/01/2026,Salvador Shopping
27495,2,20/01/2026,Salvador Shopping
27496,2,20/01/2026,Salvador Shopping
27497,2,20/01/2026,Salvador Shopping
27498,2,20/01/2026,Salvador Shopping
27509,0,20/01/2026,Salvador Shopping
27510,0,20/01/2026,Salvador Shopping
27511,0,20/01/2026,Salvador Shopping
27532,0,20/01/2026,Salvador Shopping
27533,0,20/01/2026,Salvador Shopping
27534,0,20/01/2026,Salvador Shopping
27535,0,20/01/2026,Salvador Shopping
27537,0,20/01/2026,Salvador Shopping
27538,0,20/01/2026,Salvador Shopping
27539,0,20/01/2026,Salvador Shopping
27540,0,20/01/2026,Salvador Shopping
27541,0,20/01/2026,Salvador Shopping
27551,0,20/01/2026,Salvador Shopping
27634,0,20/01/2026,Salvador Shopping
27660,0,20/01/2026,Salvador Shopping
27662,2,20/01/2026,Salvador Shopping
27669,0,20/01/2026,Salvador Shopping
27673,0,20/01/2026,Salvador Shopping
27715,1,20/01/2026,Salvador Shopping
27716,1,20/01/2026,Salvador Shopping
27717,2,20/01/2026,Salvador Shopping
27718,1,20/01/2026,Salvador Shopping
27746,3,20/01/2026,Salvador Shopping
27768,2,20/01/2026,Salvador Shopping
27769,2,20/01/2026,Salvador Shopping
27770,2,20/01/2026,Salvador Shopping
27771,2,20/01/2026,Salvador Shopping
27772,2,20/01/2026,Salvador Shopping
27773,1,20/01/2026,Salvador Shopping
27774,0,20/01/2026,Salvador Shopping
27775,1,20/01/2026,Salvador Shopping
27776,1,20/01/2026,Salvador Shopping
27777,1,20/01/2026,Salvador Shopping
27779,3,20/01/2026,Salvador Shopping
27780,0,20/01/2026,Salvador Shopping
27781,0,20/01/2026,Salvador Shopping
27782,2,20/01/2026,Salvador Shopping
27783,3,20/01/2026,Salvador Shopping
27784,3,20/01/2026,Salvador Shopping
27785,3,20/01/2026,Salvador Shopping
27786,1,20/01/2026,Salvador Shopping
27789,2,20/01/2026,Salvador Shopping
27790,1,20/01/2026,Salvador Shopping
27794,0,20/01/2026,Salvador Shopping
27795,0,20/01/2026,Salvador Shopping
27799,0,20/01/2026,Salvador Shopping
27800,2,20/01/2026,Salvador Shopping
27803,1,20/01/2026,Salvador Shopping
27804,0,20/01/2026,Salvador Shopping
27809,1,20/01/2026,Salvador Shopping
27810,0,20/01/2026,Salvador Shopping
27811,0,20/01/2026,Salvador Shopping
27812,1,20/01/2026,Salvador Shopping
27814,1,20/01/2026,Salvador Shopping
27815,4,20/01/2026,Salvador Shopping
27818,1,20/01/2026,Salvador Shopping
27821,1,20/01/2026,Salvador Shopping
27822,1,20/01/2026,Salvador Shopping
27823,0,20/01/2026,Salvador Shopping
27824,1,20/01/2026,Salvador Shopping
27825,1,20/01/2026,Salvador Shopping
27826,0,20/01/2026,Salvador Shopping
27833,1,20/01/2026,Salvador Shopping
27834,1,20/01/2026,Salvador Shopping
27835,0,20/01/2026,Salvador Shopping
27836,1,20/01/2026,Salvador Shopping
27837,0,20/01/2026,Salvador Shopping
27838,0,20/01/2026,Salvador Shopping
27839,1,20/01/2026,Salvador Shopping
27840,1,20/01/2026,Salvador Shopping
27908,0,20/01/2026,Salvador Shopping
27937,2,20/01/2026,Salvador Shopping
27938,1,20/01/2026,Salvador Shopping
27950,3,20/01/2026,Salvador Shopping
27951,1,20/01/2026,Salvador Shopping
27952,0,20/01/2026,Salvador Shopping
27953,0,20/01/2026,Salvador Shopping
27954,0,20/01/2026,Salvador Shopping
27956,0,20/01/2026,Salvador Shopping
27957,1,20/01/2026,Salvador Shopping
27958,1,20/01/2026,Salvador Shopping
27959,0,20/01/2026,Salvador Shopping
27960,0,20/01/2026,Salvador Shopping
27973,1,20/01/2026,Salvador Shopping
28040,1,20/01/2026,Salvador Shopping
28043,0,20/01/2026,Salvador Shopping
28092,1,20/01/2026,Salvador Shopping
28101,1,20/01/2026,Salvador Shopping
28109,0,20/01/2026,Salvador Shopping
28414,1,20/01/2026,Salvador Shopping
28456,0,20/01/2026,Salvador Shopping
28457,1,20/01/2026,Salvador Shopping
28570,0,20/01/2026,Salvador Shopping
28597,2,20/01/2026,Salvador Shopping
28693,0,20/01/2026,Salvador Shopping
28695,1,20/01/2026,Salvador Shopping
28696,0,20/01/2026,Salvador Shopping
28697,1,20/01/2026,Salvador Shopping
28698,1,20/01/2026,Salvador Shopping
28729,0,20/01/2026,Salvador Shopping
28730,0,20/01/2026,Salvador Shopping
28731,0,20/01/2026,Salvador Shopping
28732,0,20/01/2026,Salvador Shopping
28733,0,20/01/2026,Salvador Shopping
28734,0,20/01/2026,Salvador Shopping
28735,0,20/01/2026,Salvador Shopping
28736,0,20/01/2026,Salvador Shopping
28737,0,20/01/2026,Salvador Shopping
28738,1,20/01/2026,Salvador Shopping
28739,0,20/01/2026,Salvador Shopping
28740,0,20/01/2026,Salvador Shopping
28741,0,20/01/2026,Salvador Shopping
28742,0,20/01/2026,Salvador Shopping
28743,0,20/01/2026,Salvador Shopping
28744,0,20/01/2026,Salvador Shopping
28745,0,20/01/2026,Salvador Shopping
28746,0,20/01/2026,Salvador Shopping
28747,0,20/01/2026,Salvador Shopping
28817,1,20/01/2026,Salvador Shopping
28818,1,20/01/2026,Salvador Shopping
28819,1,20/01/2026,Salvador Shopping
28820,1,20/01/2026,Salvador Shopping
28821,1,20/01/2026,Salvador Shopping
28822,1,20/01/2026,Salvador Shopping
28823,1,20/01/2026,Salvador Shopping
28824,1,20/01/2026,Salvador Shopping
28825,1,20/01/2026,Salvador Shopping
28826,1,20/01/2026,Salvador Shopping
28827,1,20/01/2026,Salvador Shopping
28828,1,20/01/2026,Salvador Shopping
28829,0,20/01/2026,Salvador Shopping
28833,0,20/01/2026,Salvador Shopping
28837,1,20/01/2026,Salvador Shopping
28838,1,20/01/2026,Salvador Shopping
26953,1,20/01/2026,Parque Shopping Bahia
26954,0,20/01/2026,Parque Shopping Bahia
26955,2,20/01/2026,Parque Shopping Bahia
26957,1,20/01/2026,Parque Shopping Bahia
26958,1,20/01/2026,Parque Shopping Bahia
26959,1,20/01/2026,Parque Shopping Bahia
26960,0,20/01/2026,Parque Shopping Bahia
26975,0,20/01/2026,Parque Shopping Bahia
26978,0,20/01/2026,Parque Shopping Bahia
26979,1,20/01/2026,Parque Shopping Bahia
27003,0,20/01/2026,Parque Shopping Bahia
27013,0,20/01/2026,Parque Shopping Bahia
27017,1,20/01/2026,Parque Shopping Bahia
27027,0,20/01/2026,Parque Shopping Bahia
27028,0,20/01/2026,Parque Shopping Bahia
27029,0,20/01/2026,Parque Shopping Bahia
27030,0,20/01/2026,Parque Shopping Bahia
27031,0,20/01/2026,Parque Shopping Bahia
27032,0,20/01/2026,Parque Shopping Bahia
27055,1,20/01/2026,Parque Shopping Bahia
27056,1,20/01/2026,Parque Shopping Bahia
27057,1,20/01/2026,Parque Shopping Bahia
27058,1,20/01/2026,Parque Shopping Bahia
27059,1,20/01/2026,Parque Shopping Bahia
27060,1,20/01/2026,Parque Shopping Bahia
27061,1,20/01/2026,Parque Shopping Bahia
27062,1,20/01/2026,Parque Shopping Bahia
27063,1,20/01/2026,Parque Shopping Bahia
27064,1,20/01/2026,Parque Shopping Bahia
27065,1,20/01/2026,Parque Shopping Bahia
27066,2,20/01/2026,Parque Shopping Bahia
27067,1,20/01/2026,Parque Shopping Bahia
27068,1,20/01/2026,Parque Shopping Bahia
27069,1,20/01/2026,Parque Shopping Bahia
27070,2,20/01/2026,Parque Shopping Bahia
27071,1,20/01/2026,Parque Shopping Bahia
27072,4,20/01/2026,Parque Shopping Bahia
27090,1,20/01/2026,Parque Shopping Bahia
27097,5,20/01/2026,Parque Shopping Bahia
27098,2,20/01/2026,Parque Shopping Bahia
27108,0,20/01/2026,Parque Shopping Bahia
27109,0,20/01/2026,Parque Shopping Bahia
27110,0,20/01/2026,Parque Shopping Bahia
27111,0,20/01/2026,Parque Shopping Bahia
27112,0,20/01/2026,Parque Shopping Bahia
27113,0,20/01/2026,Parque Shopping Bahia
27114,1,20/01/2026,Parque Shopping Bahia
27115,2,20/01/2026,Parque Shopping Bahia
27116,4,20/01/2026,Parque Shopping Bahia
27125,2,20/01/2026,Parque Shopping Bahia
27130,2,20/01/2026,Parque Shopping Bahia
27131,0,20/01/2026,Parque Shopping Bahia
27132,0,20/01/2026,Parque Shopping Bahia
27133,0,20/01/2026,Parque Shopping Bahia
27184,2,20/01/2026,Parque Shopping Bahia
27188,0,20/01/2026,Parque Shopping Bahia
27189,0,20/01/2026,Parque Shopping Bahia
27190,2,20/01/2026,Parque Shopping Bahia
27191,3,20/01/2026,Parque Shopping Bahia
27192,1,20/01/2026,Parque Shopping Bahia
27193,1,20/01/2026,Parque Shopping Bahia
27211,0,20/01/2026,Parque Shopping Bahia
27219,0,20/01/2026,Parque Shopping Bahia
27227,0,20/01/2026,Parque Shopping Bahia
27229,1,20/01/2026,Parque Shopping Bahia
27230,0,20/01/2026,Parque Shopping Bahia
27231,0,20/01/2026,Parque Shopping Bahia
27233,0,20/01/2026,Parque Shopping Bahia
27234,0,20/01/2026,Parque Shopping Bahia
27235,0,20/01/2026,Parque Shopping Bahia
27238,0,20/01/2026,Parque Shopping Bahia
27251,1,20/01/2026,Parque Shopping Bahia
27252,1,20/01/2026,Parque Shopping Bahia
27253,0,20/01/2026,Parque Shopping Bahia
27254,0,20/01/2026,Parque Shopping Bahia
27256,0,20/01/2026,Parque Shopping Bahia
27257,1,20/01/2026,Parque Shopping Bahia
27258,0,20/01/2026,Parque Shopping Bahia
27259,0,20/01/2026,Parque Shopping Bahia
27260,1,20/01/2026,Parque Shopping Bahia
27261,0,20/01/2026,Parque Shopping Bahia
27262,0,20/01/2026,Parque Shopping Bahia
27263,0,20/01/2026,Parque Shopping Bahia
27264,1,20/01/2026,Parque Shopping Bahia
27265,1,20/01/2026,Parque Shopping Bahia
27273,0,20/01/2026,Parque Shopping Bahia
27274,0,20/01/2026,Parque Shopping Bahia
27275,0,20/01/2026,Parque Shopping Bahia
27276,0,20/01/2026,Parque Shopping Bahia
27277,0,20/01/2026,Parque Shopping Bahia
27278,0,20/01/2026,Parque Shopping Bahia
27279,0,20/01/2026,Parque Shopping Bahia
27280,0,20/01/2026,Parque Shopping Bahia
27281,0,20/01/2026,Parque Shopping Bahia
27282,0,20/01/2026,Parque Shopping Bahia
27283,0,20/01/2026,Parque Shopping Bahia
27284,1,20/01/2026,Parque Shopping Bahia
27285,1,20/01/2026,Parque Shopping Bahia
27286,0,20/01/2026,Parque Shopping Bahia
27287,0,20/01/2026,Parque Shopping Bahia
27449,2,20/01/2026,Parque Shopping Bahia
27482,0,20/01/2026,Parque Shopping Bahia
27483,0,20/01/2026,Parque Shopping Bahia
27491,0,20/01/2026,Parque Shopping Bahia
27495,2,20/01/2026,Parque Shopping Bahia
27496,2,20/01/2026,Parque Shopping Bahia
27497,1,20/01/2026,Parque Shopping Bahia
27498,2,20/01/2026,Parque Shopping Bahia
27509,0,20/01/2026,Parque Shopping Bahia
27510,0,20/01/2026,Parque Shopping Bahia
27511,0,20/01/2026,Parque Shopping Bahia
27532,0,20/01/2026,Parque Shopping Bahia
27533,0,20/01/2026,Parque Shopping Bahia
27534,0,20/01/2026,Parque Shopping Bahia
27535,0,20/01/2026,Parque Shopping Bahia
27537,0,20/01/2026,Parque Shopping Bahia
27538,0,20/01/2026,Parque Shopping Bahia
27539,0,20/01/2026,Parque Shopping Bahia
27540,0,20/01/2026,Parque Shopping Bahia
27541,0,20/01/2026,Parque Shopping Bahia
27551,1,20/01/2026,Parque Shopping Bahia
27634,0,20/01/2026,Parque Shopping Bahia
27660,0,20/01/2026,Parque Shopping Bahia
27662,0,20/01/2026,Parque Shopping Bahia
27669,0,20/01/2026,Parque Shopping Bahia
27673,0,20/01/2026,Parque Shopping Bahia
27715,0,20/01/2026,Parque Shopping Bahia
27716,0,20/01/2026,Parque Shopping Bahia
27717,0,20/01/2026,Parque Shopping Bahia
27718,0,20/01/2026,Parque Shopping Bahia
27746,3,20/01/2026,Parque Shopping Bahia
27768,0,20/01/2026,Parque Shopping Bahia
27769,1,20/01/2026,Parque Shopping Bahia
27770,1,20/01/2026,Parque Shopping Bahia
27771,1,20/01/2026,Parque Shopping Bahia
27772,1,20/01/2026,Parque Shopping Bahia
27773,0,20/01/2026,Parque Shopping Bahia
27774,0,20/01/2026,Parque Shopping Bahia
27775,0,20/01/2026,Parque Shopping Bahia
27776,0,20/01/2026,Parque Shopping Bahia
27777,0,20/01/2026,Parque Shopping Bahia
27779,1,20/01/2026,Parque Shopping Bahia
27780,0,20/01/2026,Parque Shopping Bahia
27781,0,20/01/2026,Parque Shopping Bahia
27782,0,20/01/2026,Parque Shopping Bahia
27783,1,20/01/2026,Parque Shopping Bahia
27784,1,20/01/2026,Parque Shopping Bahia
27785,1,20/01/2026,Parque Shopping Bahia
27786,2,20/01/2026,Parque Shopping Bahia
27789,0,20/01/2026,Parque Shopping Bahia
27790,0,20/01/2026,Parque Shopping Bahia
27794,0,20/01/2026,Parque Shopping Bahia
27795,0,20/01/2026,Parque Shopping Bahia
27799,0,20/01/2026,Parque Shopping Bahia
27800,0,20/01/2026,Parque Shopping Bahia
27803,0,20/01/2026,Parque Shopping Bahia
27804,0,20/01/2026,Parque Shopping Bahia
27809,0,20/01/2026,Parque Shopping Bahia
27810,0,20/01/2026,Parque Shopping Bahia
27811,0,20/01/2026,Parque Shopping Bahia
27812,0,20/01/2026,Parque Shopping Bahia
27814,0,20/01/2026,Parque Shopping Bahia
27815,0,20/01/2026,Parque Shopping Bahia
27818,0,20/01/2026,Parque Shopping Bahia
27821,0,20/01/2026,Parque Shopping Bahia
27822,0,20/01/2026,Parque Shopping Bahia
27823,0,20/01/2026,Parque Shopping Bahia
27824,0,20/01/2026,Parque Shopping Bahia
27825,0,20/01/2026,Parque Shopping Bahia
27826,0,20/01/2026,Parque Shopping Bahia
27833,0,20/01/2026,Parque Shopping Bahia
27834,0,20/01/2026,Parque Shopping Bahia
27835,0,20/01/2026,Parque Shopping Bahia
27836,0,20/01/2026,Parque Shopping Bahia
27837,0,20/01/2026,Parque Shopping Bahia
27838,0,20/01/2026,Parque Shopping Bahia
27839,0,20/01/2026,Parque Shopping Bahia
27840,0,20/01/2026,Parque Shopping Bahia
27908,0,20/01/2026,Parque Shopping Bahia
27937,1,20/01/2026,Parque Shopping Bahia
27938,1,20/01/2026,Parque Shopping Bahia
27950,0,20/01/2026,Parque Shopping Bahia
27951,0,20/01/2026,Parque Shopping Bahia
27952,0,20/01/2026,Parque Shopping Bahia
27953,0,20/01/2026,Parque Shopping Bahia
27954,0,20/01/2026,Parque Shopping Bahia
27956,0,20/01/2026,Parque Shopping Bahia
27957,0,20/01/2026,Parque Shopping Bahia
27958,0,20/01/2026,Parque Shopping Bahia
27959,0,20/01/2026,Parque Shopping Bahia
27960,0,20/01/2026,Parque Shopping Bahia
27973,0,20/01/2026,Parque Shopping Bahia
28040,0,20/01/2026,Parque Shopping Bahia
28043,1,20/01/2026,Parque Shopping Bahia
28092,0,20/01/2026,Parque Shopping Bahia
28101,0,20/01/2026,Parque Shopping Bahia
28109,1,20/01/2026,Parque Shopping Bahia
28414,0,20/01/2026,Parque Shopping Bahia
28456,0,20/01/2026,Parque Shopping Bahia
28457,0,20/01/2026,Parque Shopping Bahia
28570,0,20/01/2026,Parque Shopping Bahia
28597,0,20/01/2026,Parque Shopping Bahia
28693,0,20/01/2026,Parque Shopping Bahia
28695,0,20/01/2026,Parque Shopping Bahia
28696,1,20/01/2026,Parque Shopping Bahia
28697,0,20/01/2026,Parque Shopping Bahia
28698,0,20/01/2026,Parque Shopping Bahia
28729,0,20/01/2026,Parque Shopping Bahia
28730,0,20/01/2026,Parque Shopping Bahia
28731,0,20/01/2026,Parque Shopping Bahia
28732,0,20/01/2026,Parque Shopping Bahia
28733,0,20/01/2026,Parque Shopping Bahia
28734,0,20/01/2026,Parque Shopping Bahia
28735,0,20/01/2026,Parque Shopping Bahia
28736,0,20/01/2026,Parque Shopping Bahia
28737,0,20/01/2026,Parque Shopping Bahia
28738,0,20/01/2026,Parque Shopping Bahia
28739,0,20/01/2026,Parque Shopping Bahia
28740,0,20/01/2026,Parque Shopping Bahia
28741,0,20/01/2026,Parque Shopping Bahia
28742,0,20/01/2026,Parque Shopping Bahia
28743,0,20/01/2026,Parque Shopping Bahia
28744,0,20/01/2026,Parque Shopping Bahia
28745,0,20/01/2026,Parque Shopping Bahia
28746,0,20/01/2026,Parque Shopping Bahia
28747,0,20/01/2026,Parque Shopping Bahia
28817,0,20/01/2026,Parque Shopping Bahia
28818,0,20/01/2026,Parque Shopping Bahia
28819,0,20/01/2026,Parque Shopping Bahia
28820,0,20/01/2026,Parque Shopping Bahia
28821,0,20/01/2026,Parque Shopping Bahia
28822,0,20/01/2026,Parque Shopping Bahia
28823,0,20/01/2026,Parque Shopping Bahia
28824,0,20/01/2026,Parque Shopping Bahia
28825,0,20/01/2026,Parque Shopping Bahia
28826,0,20/01/2026,Parque Shopping Bahia
28827,0,20/01/2026,Parque Shopping Bahia
28828,0,20/01/2026,Parque Shopping Bahia
28829,1,20/01/2026,Parque Shopping Bahia
28833,0,20/01/2026,Parque Shopping Bahia
28837,0,20/01/2026,Parque Shopping Bahia
28838,0,20/01/2026,Parque Shopping Bahia
26953,1,20/01/2026,Shopping Barra
26954,0,20/01/2026,Shopping Barra
26955,2,20/01/2026,Shopping Barra
26957,2,20/01/2026,Shopping Barra
26958,0,20/01/2026,Shopping Barra
26959,1,20/01/2026,Shopping Barra
26960,0,20/01/2026,Shopping Barra
26975,0,20/01/2026,Shopping Barra
26978,0,20/01/2026,Shopping Barra
26979,4,20/01/2026,Shopping Barra
27003,1,20/01/2026,Shopping Barra
27013,0,20/01/2026,Shopping Barra
27017,2,20/01/2026,Shopping Barra
27027,3,20/01/2026,Shopping Barra
27028,3,20/01/2026,Shopping Barra
27029,3,20/01/2026,Shopping Barra
27030,2,20/01/2026,Shopping Barra
27031,2,20/01/2026,Shopping Barra
27032,2,20/01/2026,Shopping Barra
27055,3,20/01/2026,Shopping Barra
27056,3,20/01/2026,Shopping Barra
27057,3,20/01/2026,Shopping Barra
27058,3,20/01/2026,Shopping Barra
27059,2,20/01/2026,Shopping Barra
27060,3,20/01/2026,Shopping Barra
27061,3,20/01/2026,Shopping Barra
27062,2,20/01/2026,Shopping Barra
27063,2,20/01/2026,Shopping Barra
27064,3,20/01/2026,Shopping Barra
27065,3,20/01/2026,Shopping Barra
27066,3,20/01/2026,Shopping Barra
27067,2,20/01/2026,Shopping Barra
27068,3,20/01/2026,Shopping Barra
27069,3,20/01/2026,Shopping Barra
27070,3,20/01/2026,Shopping Barra
27071,2,20/01/2026,Shopping Barra
27072,1,20/01/2026,Shopping Barra
27090,2,20/01/2026,Shopping Barra
27097,4,20/01/2026,Shopping Barra
27098,2,20/01/2026,Shopping Barra
27108,2,20/01/2026,Shopping Barra
27109,2,20/01/2026,Shopping Barra
27110,1,20/01/2026,Shopping Barra
27111,2,20/01/2026,Shopping Barra
27112,1,20/01/2026,Shopping Barra
27113,2,20/01/2026,Shopping Barra
27114,0,20/01/2026,Shopping Barra
27115,2,20/01/2026,Shopping Barra
27116,2,20/01/2026,Shopping Barra
27125,2,20/01/2026,Shopping Barra
27130,0,20/01/2026,Shopping Barra
27131,0,20/01/2026,Shopping Barra
27132,0,20/01/2026,Shopping Barra
27133,0,20/01/2026,Shopping Barra
27184,2,20/01/2026,Shopping Barra
27188,2,20/01/2026,Shopping Barra
27189,2,20/01/2026,Shopping Barra
27190,0,20/01/2026,Shopping Barra
27191,1,20/01/2026,Shopping Barra
27192,0,20/01/2026,Shopping Barra
27193,0,20/01/2026,Shopping Barra
27211,0,20/01/2026,Shopping Barra
27219,0,20/01/2026,Shopping Barra
27227,2,20/01/2026,Shopping Barra
27229,2,20/01/2026,Shopping Barra
27230,0,20/01/2026,Shopping Barra
27231,0,20/01/2026,Shopping Barra
27233,1,20/01/2026,Shopping Barra
27234,0,20/01/2026,Shopping Barra
27235,1,20/01/2026,Shopping Barra
27238,0,20/01/2026,Shopping Barra
27251,1,20/01/2026,Shopping Barra
27252,0,20/01/2026,Shopping Barra
27253,1,20/01/2026,Shopping Barra
27254,1,20/01/2026,Shopping Barra
27256,2,20/01/2026,Shopping Barra
27257,2,20/01/2026,Shopping Barra
27258,2,20/01/2026,Shopping Barra
27259,2,20/01/2026,Shopping Barra
27260,2,20/01/2026,Shopping Barra
27261,1,20/01/2026,Shopping Barra
27262,0,20/01/2026,Shopping Barra
27263,2,20/01/2026,Shopping Barra
27264,1,20/01/2026,Shopping Barra
27265,0,20/01/2026,Shopping Barra
27273,0,20/01/2026,Shopping Barra
27274,0,20/01/2026,Shopping Barra
27275,1,20/01/2026,Shopping Barra
27276,0,20/01/2026,Shopping Barra
27277,0,20/01/2026,Shopping Barra
27278,0,20/01/2026,Shopping Barra
27279,0,20/01/2026,Shopping Barra
27280,0,20/01/2026,Shopping Barra
27281,0,20/01/2026,Shopping Barra
27282,0,20/01/2026,Shopping Barra
27283,0,20/01/2026,Shopping Barra
27284,0,20/01/2026,Shopping Barra
27285,0,20/01/2026,Shopping Barra
27286,0,20/01/2026,Shopping Barra
27287,0,20/01/2026,Shopping Barra
27449,2,20/01/2026,Shopping Barra
27482,0,20/01/2026,Shopping Barra
27483,1,20/01/2026,Shopping Barra
27491,0,20/01/2026,Shopping Barra
27495,2,20/01/2026,Shopping Barra
27496,2,20/01/2026,Shopping Barra
27497,1,20/01/2026,Shopping Barra
27498,1,20/01/2026,Shopping Barra
27509,0,20/01/2026,Shopping Barra
27510,0,20/01/2026,Shopping Barra
27511,0,20/01/2026,Shopping Barra
27532,0,20/01/2026,Shopping Barra
27533,0,20/01/2026,Shopping Barra
27534,0,20/01/2026,Shopping Barra
27535,0,20/01/2026,Shopping Barra
27537,0,20/01/2026,Shopping Barra
27538,0,20/01/2026,Shopping Barra
27539,0,20/01/2026,Shopping Barra
27540,0,20/01/2026,Shopping Barra
27541,0,20/01/2026,Shopping Barra
27551,1,20/01/2026,Shopping Barra
27634,0,20/01/2026,Shopping Barra
27660,0,20/01/2026,Shopping Barra
27662,0,20/01/2026,Shopping Barra
27669,0,20/01/2026,Shopping Barra
27673,0,20/01/2026,Shopping Barra
27715,1,20/01/2026,Shopping Barra
27716,0,20/01/2026,Shopping Barra
27717,0,20/01/2026,Shopping Barra
27718,1,20/01/2026,Shopping Barra
27746,0,20/01/2026,Shopping Barra
27768,2,20/01/2026,Shopping Barra
27769,2,20/01/2026,Shopping Barra
27770,2,20/01/2026,Shopping Barra
27771,2,20/01/2026,Shopping Barra
27772,2,20/01/2026,Shopping Barra
27773,0,20/01/2026,Shopping Barra
27774,0,20/01/2026,Shopping Barra
27775,0,20/01/2026,Shopping Barra
27776,0,20/01/2026,Shopping Barra
27777,0,20/01/2026,Shopping Barra
27779,1,20/01/2026,Shopping Barra
27780,0,20/01/2026,Shopping Barra
27781,0,20/01/2026,Shopping Barra
27782,1,20/01/2026,Shopping Barra
27783,0,20/01/2026,Shopping Barra
27784,1,20/01/2026,Shopping Barra
27785,1,20/01/2026,Shopping Barra
27786,1,20/01/2026,Shopping Barra
27789,0,20/01/2026,Shopping Barra
27790,0,20/01/2026,Shopping Barra
27794,1,20/01/2026,Shopping Barra
27795,1,20/01/2026,Shopping Barra
27799,1,20/01/2026,Shopping Barra
27800,1,20/01/2026,Shopping Barra
27803,0,20/01/2026,Shopping Barra
27804,0,20/01/2026,Shopping Barra
27809,1,20/01/2026,Shopping Barra
27810,0,20/01/2026,Shopping Barra
27811,1,20/01/2026,Shopping Barra
27812,1,20/01/2026,Shopping Barra
27814,2,20/01/2026,Shopping Barra
27815,0,20/01/2026,Shopping Barra
27818,0,20/01/2026,Shopping Barra
27821,0,20/01/2026,Shopping Barra
27822,2,20/01/2026,Shopping Barra
27823,0,20/01/2026,Shopping Barra
27824,2,20/01/2026,Shopping Barra
27825,2,20/01/2026,Shopping Barra
27826,2,20/01/2026,Shopping Barra
27833,1,20/01/2026,Shopping Barra
27834,1,20/01/2026,Shopping Barra
27835,2,20/01/2026,Shopping Barra
27836,1,20/01/2026,Shopping Barra
27837,1,20/01/2026,Shopping Barra
27838,1,20/01/2026,Shopping Barra
27839,1,20/01/2026,Shopping Barra
27840,1,20/01/2026,Shopping Barra
27908,0,20/01/2026,Shopping Barra
27937,1,20/01/2026,Shopping Barra
27938,2,20/01/2026,Shopping Barra
27950,0,20/01/2026,Shopping Barra
27951,0,20/01/2026,Shopping Barra
27952,1,20/01/2026,Shopping Barra
27953,1,20/01/2026,Shopping Barra
27954,0,20/01/2026,Shopping Barra
27956,0,20/01/2026,Shopping Barra
27957,1,20/01/2026,Shopping Barra
27958,1,20/01/2026,Shopping Barra
27959,1,20/01/2026,Shopping Barra
27960,1,20/01/2026,Shopping Barra
27973,0,20/01/2026,Shopping Barra
28040,0,20/01/2026,Shopping Barra
28043,0,20/01/2026,Shopping Barra
28092,2,20/01/2026,Shopping Barra
28101,0,20/01/2026,Shopping Barra
28109,1,20/01/2026,Shopping Barra
28414,0,20/01/2026,Shopping Barra
28456,0,20/01/2026,Shopping Barra
28457,0,20/01/2026,Shopping Barra
28570,0,20/01/2026,Shopping Barra
28597,0,20/01/2026,Shopping Barra
28693,0,20/01/2026,Shopping Barra
28695,1,20/01/2026,Shopping Barra
28696,0,20/01/2026,Shopping Barra
28697,0,20/01/2026,Shopping Barra
28698,0,20/01/2026,Shopping Barra
28729,0,20/01/2026,Shopping Barra
28730,0,20/01/2026,Shopping Barra
28731,0,20/01/2026,Shopping Barra
28732,0,20/01/2026,Shopping Barra
28733,0,20/01/2026,Shopping Barra
28734,0,20/01/2026,Shopping Barra
28735,0,20/01/2026,Shopping Barra
28736,0,20/01/2026,Shopping Barra
28737,0,20/01/2026,Shopping Barra
28738,0,20/01/2026,Shopping Barra
28739,0,20/01/2026,Shopping Barra
28740,0,20/01/2026,Shopping Barra
28741,0,20/01/2026,Shopping Barra
28742,0,20/01/2026,Shopping Barra
28743,0,20/01/2026,Shopping Barra
28744,0,20/01/2026,Shopping Barra
28745,0,20/01/2026,Shopping Barra
28746,0,20/01/2026,Shopping Barra
28747,0,20/01/2026,Shopping Barra
28817,0,20/01/2026,Shopping Barra
28818,0,20/01/2026,Shopping Barra
28819,0,20/01/2026,Shopping Barra
28820,0,20/01/2026,Shopping Barra
28821,0,20/01/2026,Shopping Barra
28822,0,20/01/2026,Shopping Barra
28823,0,20/01/2026,Shopping Barra
28824,0,20/01/2026,Shopping Barra
28825,0,20/01/2026,Shopping Barra
28826,0,20/01/2026,Shopping Barra
28827,0,20/01/2026,Shopping Barra
28828,0,20/01/2026,Shopping Barra
28829,0,20/01/2026,Shopping Barra
28833,0,20/01/2026,Shopping Barra
28837,1,20/01/2026,Shopping Barra
28838,1,20/01/2026,Shopping Barra
26953,1,20/01/2026,Shopping Paralela
26954,0,20/01/2026,Shopping Paralela
26955,2,20/01/2026,Shopping Paralela
26957,1,20/01/2026,Shopping Paralela
26958,1,20/01/2026,Shopping Paralela
26959,1,20/01/2026,Shopping Paralela
26960,0,20/01/2026,Shopping Paralela
26975,0,20/01/2026,Shopping Paralela
26978,0,20/01/2026,Shopping Paralela
26979,2,20/01/2026,Shopping Paralela
27003,0,20/01/2026,Shopping Paralela
27013,0,20/01/2026,Shopping Paralela
27017,1,20/01/2026,Shopping Paralela
27027,2,20/01/2026,Shopping Paralela
27028,1,20/01/2026,Shopping Paralela
27029,1,20/01/2026,Shopping Paralela
27030,1,20/01/2026,Shopping Paralela
27031,1,20/01/2026,Shopping Paralela
27032,1,20/01/2026,Shopping Paralela
27055,1,20/01/2026,Shopping Paralela
27056,1,20/01/2026,Shopping Paralela
27057,1,20/01/2026,Shopping Paralela
27058,1,20/01/2026,Shopping Paralela
27059,1,20/01/2026,Shopping Paralela
27060,1,20/01/2026,Shopping Paralela
27061,1,20/01/2026,Shopping Paralela
27062,1,20/01/2026,Shopping Paralela
27063,1,20/01/2026,Shopping Paralela
27064,1,20/01/2026,Shopping Paralela
27065,1,20/01/2026,Shopping Paralela
27066,1,20/01/2026,Shopping Paralela
27067,1,20/01/2026,Shopping Paralela
27068,1,20/01/2026,Shopping Paralela
27069,1,20/01/2026,Shopping Paralela
27070,1,20/01/2026,Shopping Paralela
27071,1,20/01/2026,Shopping Paralela
27072,1,20/01/2026,Shopping Paralela
27090,0,20/01/2026,Shopping Paralela
27097,2,20/01/2026,Shopping Paralela
27098,1,20/01/2026,Shopping Paralela
27108,2,20/01/2026,Shopping Paralela
27109,1,20/01/2026,Shopping Paralela
27110,1,20/01/2026,Shopping Paralela
27111,1,20/01/2026,Shopping Paralela
27112,2,20/01/2026,Shopping Paralela
27113,1,20/01/2026,Shopping Paralela
27114,2,20/01/2026,Shopping Paralela
27115,1,20/01/2026,Shopping Paralela
27116,1,20/01/2026,Shopping Paralela
27125,1,20/01/2026,Shopping Paralela
27130,0,20/01/2026,Shopping Paralela
27131,1,20/01/2026,Shopping Paralela
27132,0,20/01/2026,Shopping Paralela
27133,1,20/01/2026,Shopping Paralela
27184,1,20/01/2026,Shopping Paralela
27188,2,20/01/2026,Shopping Paralela
27189,1,20/01/2026,Shopping Paralela
27190,0,20/01/2026,Shopping Paralela
27191,0,20/01/2026,Shopping Paralela
27192,0,20/01/2026,Shopping Paralela
27193,0,20/01/2026,Shopping Paralela
27211,0,20/01/2026,Shopping Paralela
27219,0,20/01/2026,Shopping Paralela
27227,1,20/01/2026,Shopping Paralela
27229,0,20/01/2026,Shopping Paralela
27230,1,20/01/2026,Shopping Paralela
27231,1,20/01/2026,Shopping Paralela
27233,1,20/01/2026,Shopping Paralela
27234,1,20/01/2026,Shopping Paralela
27235,1,20/01/2026,Shopping Paralela
27238,1,20/01/2026,Shopping Paralela
27251,0,20/01/2026,Shopping Paralela
27252,0,20/01/2026,Shopping Paralela
27253,0,20/01/2026,Shopping Paralela
27254,0,20/01/2026,Shopping Paralela
27256,0,20/01/2026,Shopping Paralela
27257,0,20/01/2026,Shopping Paralela
27258,0,20/01/2026,Shopping Paralela
27259,1,20/01/2026,Shopping Paralela
27260,1,20/01/2026,Shopping Paralela
27261,0,20/01/2026,Shopping Paralela
27262,0,20/01/2026,Shopping Paralela
27263,0,20/01/2026,Shopping Paralela
27264,1,20/01/2026,Shopping Paralela
27265,1,20/01/2026,Shopping Paralela
27273,0,20/01/2026,Shopping Paralela
27274,0,20/01/2026,Shopping Paralela
27275,0,20/01/2026,Shopping Paralela
27276,0,20/01/2026,Shopping Paralela
27277,0,20/01/2026,Shopping Paralela
27278,0,20/01/2026,Shopping Paralela
27279,0,20/01/2026,Shopping Paralela
27280,0,20/01/2026,Shopping Paralela
27281,0,20/01/2026,Shopping Paralela
27282,0,20/01/2026,Shopping Paralela
27283,0,20/01/2026,Shopping Paralela
27284,0,20/01/2026,Shopping Paralela
27285,0,20/01/2026,Shopping Paralela
27286,0,20/01/2026,Shopping Paralela
27287,0,20/01/2026,Shopping Paralela
27449,1,20/01/2026,Shopping Paralela
27482,1,20/01/2026,Shopping Paralela
27483,1,20/01/2026,Shopping Paralela
27491,0,20/01/2026,Shopping Paralela
27495,1,20/01/2026,Shopping Paralela
27496,0,20/01/2026,Shopping Paralela
27497,1,20/01/2026,Shopping Paralela
27498,1,20/01/2026,Shopping Paralela
27509,0,20/01/2026,Shopping Paralela
27510,0,20/01/2026,Shopping Paralela
27511,0,20/01/2026,Shopping Paralela
27532,0,20/01/2026,Shopping Paralela
27533,0,20/01/2026,Shopping Paralela
27534,0,20/01/2026,Shopping Paralela
27535,0,20/01/2026,Shopping Paralela
27537,0,20/01/2026,Shopping Paralela
27538,0,20/01/2026,Shopping Paralela
27539,0,20/01/2026,Shopping Paralela
27540,0,20/01/2026,Shopping Paralela
27541,0,20/01/2026,Shopping Paralela
27551,0,20/01/2026,Shopping Paralela
27634,0,20/01/2026,Shopping Paralela
27660,1,20/01/2026,Shopping Paralela
27662,0,20/01/2026,Shopping Paralela
27669,0,20/01/2026,Shopping Paralela
27673,0,20/01/2026,Shopping Paralela
27715,1,20/01/2026,Shopping Paralela
27716,0,20/01/2026,Shopping Paralela
27717,0,20/01/2026,Shopping Paralela
27718,0,20/01/2026,Shopping Paralela
27746,1,20/01/2026,Shopping Paralela
27768,0,20/01/2026,Shopping Paralela
27769,0,20/01/2026,Shopping Paralela
27770,0,20/01/2026,Shopping Paralela
27771,0,20/01/2026,Shopping Paralela
27772,0,20/01/2026,Shopping Paralela
27773,0,20/01/2026,Shopping Paralela
27774,0,20/01/2026,Shopping Paralela
27775,0,20/01/2026,Shopping Paralela
27776,0,20/01/2026,Shopping Paralela
27777,0,20/01/2026,Shopping Paralela
27779,0,20/01/2026,Shopping Paralela
27780,1,20/01/2026,Shopping Paralela
27781,0,20/01/2026,Shopping Paralela
27782,0,20/01/2026,Shopping Paralela
27783,0,20/01/2026,Shopping Paralela
27784,0,20/01/2026,Shopping Paralela
27785,0,20/01/2026,Shopping Paralela
27786,0,20/01/2026,Shopping Paralela
27789,0,20/01/2026,Shopping Paralela
27790,0,20/01/2026,Shopping Paralela
27794,0,20/01/2026,Shopping Paralela
27795,0,20/01/2026,Shopping Paralela
27799,0,20/01/2026,Shopping Paralela
27800,0,20/01/2026,Shopping Paralela
27803,0,20/01/2026,Shopping Paralela
27804,0,20/01/2026,Shopping Paralela
27809,0,20/01/2026,Shopping Paralela
27810,0,20/01/2026,Shopping Paralela
27811,0,20/01/2026,Shopping Paralela
27812,0,20/01/2026,Shopping Paralela
27814,0,20/01/2026,Shopping Paralela
27815,0,20/01/2026,Shopping Paralela
27818,0,20/01/2026,Shopping Paralela
27821,0,20/01/2026,Shopping Paralela
27822,0,20/01/2026,Shopping Paralela
27823,0,20/01/2026,Shopping Paralela
27824,0,20/01/2026,Shopping Paralela
27825,2,20/01/2026,Shopping Paralela
27826,0,20/01/2026,Shopping Paralela
27833,0,20/01/2026,Shopping Paralela
27834,0,20/01/2026,Shopping Paralela
27835,0,20/01/2026,Shopping Paralela
27836,0,20/01/2026,Shopping Paralela
27837,0,20/01/2026,Shopping Paralela
27838,0,20/01/2026,Shopping Paralela
27839,0,20/01/2026,Shopping Paralela
27840,0,20/01/2026,Shopping Paralela
27908,0,20/01/2026,Shopping Paralela
27937,0,20/01/2026,Shopping Paralela
27938,0,20/01/2026,Shopping Paralela
27950,0,20/01/2026,Shopping Paralela
27951,0,20/01/2026,Shopping Paralela
27952,0,20/01/2026,Shopping Paralela
27953,0,20/01/2026,Shopping Paralela
27954,0,20/01/2026,Shopping Paralela
27956,0,20/01/2026,Shopping Paralela
27957,0,20/01/2026,Shopping Paralela
27958,0,20/01/2026,Shopping Paralela
27959,0,20/01/2026,Shopping Paralela
27960,0,20/01/2026,Shopping Paralela
27973,0,20/01/2026,Shopping Paralela
28040,0,20/01/2026,Shopping Paralela
28043,0,20/01/2026,Shopping Paralela
28092,0,20/01/2026,Shopping Paralela
28101,0,20/01/2026,Shopping Paralela
28109,0,20/01/2026,Shopping Paralela
28414,0,20/01/2026,Shopping Paralela
28456,0,20/01/2026,Shopping Paralela
28457,1,20/01/2026,Shopping Paralela
28570,0,20/01/2026,Shopping Paralela
28597,0,20/01/2026,Shopping Paralela
28693,0,20/01/2026,Shopping Paralela
28695,0,20/01/2026,Shopping Paralela
28696,0,20/01/2026,Shopping Paralela
28697,0,20/01/2026,Shopping Paralela
28698,0,20/01/2026,Shopping Paralela
28729,0,20/01/2026,Shopping Paralela
28730,0,20/01/2026,Shopping Paralela
28731,0,20/01/2026,Shopping Paralela
28732,0,20/01/2026,Shopping Paralela
28733,0,20/01/2026,Shopping Paralela
28734,0,20/01/2026,Shopping Paralela
28735,0,20/01/2026,Shopping Paralela
28736,0,20/01/2026,Shopping Paralela
28737,0,20/01/2026,Shopping Paralela
28738,0,20/01/2026,Shopping Paralela
28739,0,20/01/2026,Shopping Paralela
28740,0,20/01/2026,Shopping Paralela
28741,0,20/01/2026,Shopping Paralela
28742,0,20/01/2026,Shopping Paralela
28743,0,20/01/2026,Shopping Paralela
28744,0,20/01/2026,Shopping Paralela
28745,0,20/01/2026,Shopping Paralela
28746,0,20/01/2026,Shopping Paralela
28747,0,20/01/2026,Shopping Paralela
28817,0,20/01/2026,Shopping Paralela
28818,0,20/01/2026,Shopping Paralela
28819,0,20/01/2026,Shopping Paralela
28820,0,20/01/2026,Shopping Paralela
28821,0,20/01/2026,Shopping Paralela
28822,0,20/01/2026,Shopping Paralela
28823,0,20/01/2026,Shopping Paralela
28824,0,20/01/2026,Shopping Paralela
28825,0,20/01/2026,Shopping Paralela
28826,0,20/01/2026,Shopping Paralela
28827,0,20/01/2026,Shopping Paralela
28828,0,20/01/2026,Shopping Paralela
28829,0,20/01/2026,Shopping Paralela
28833,0,20/01/2026,Shopping Paralela
28837,0,20/01/2026,Shopping Paralela
28838,0,20/01/2026,Shopping Paralela
26953,2,20/01/2026,Shopping Bela Vista
26954,1,20/01/2026,Shopping Bela Vista
26955,0,20/01/2026,Shopping Bela Vista
26957,1,20/01/2026,Shopping Bela Vista
26958,0,20/01/2026,Shopping Bela Vista
26959,2,20/01/2026,Shopping Bela Vista
26960,0,20/01/2026,Shopping Bela Vista
26975,0,20/01/2026,Shopping Bela Vista
26978,0,20/01/2026,Shopping Bela Vista
26979,2,20/01/2026,Shopping Bela Vista
27003,0,20/01/2026,Shopping Bela Vista
27013,0,20/01/2026,Shopping Bela Vista
27017,2,20/01/2026,Shopping Bela Vista
27027,0,20/01/2026,Shopping Bela Vista
27028,1,20/01/2026,Shopping Bela Vista
27029,2,20/01/2026,Shopping Bela Vista
27030,0,20/01/2026,Shopping Bela Vista
27031,2,20/01/2026,Shopping Bela Vista
27032,2,20/01/2026,Shopping Bela Vista
27055,1,20/01/2026,Shopping Bela Vista
27056,1,20/01/2026,Shopping Bela Vista
27057,1,20/01/2026,Shopping Bela Vista
27058,1,20/01/2026,Shopping Bela Vista
27059,1,20/01/2026,Shopping Bela Vista
27060,2,20/01/2026,Shopping Bela Vista
27061,2,20/01/2026,Shopping Bela Vista
27062,2,20/01/2026,Shopping Bela Vista
27063,1,20/01/2026,Shopping Bela Vista
27064,2,20/01/2026,Shopping Bela Vista
27065,1,20/01/2026,Shopping Bela Vista
27066,1,20/01/2026,Shopping Bela Vista
27067,1,20/01/2026,Shopping Bela Vista
27068,1,20/01/2026,Shopping Bela Vista
27069,2,20/01/2026,Shopping Bela Vista
27070,3,20/01/2026,Shopping Bela Vista
27071,2,20/01/2026,Shopping Bela Vista
27072,2,20/01/2026,Shopping Bela Vista
27090,0,20/01/2026,Shopping Bela Vista
27097,0,20/01/2026,Shopping Bela Vista
27098,1,20/01/2026,Shopping Bela Vista
27108,2,20/01/2026,Shopping Bela Vista
27109,2,20/01/2026,Shopping Bela Vista
27110,2,20/01/2026,Shopping Bela Vista
27111,2,20/01/2026,Shopping Bela Vista
27112,2,20/01/2026,Shopping Bela Vista
27113,2,20/01/2026,Shopping Bela Vista
27114,2,20/01/2026,Shopping Bela Vista
27115,2,20/01/2026,Shopping Bela Vista
27116,1,20/01/2026,Shopping Bela Vista
27125,2,20/01/2026,Shopping Bela Vista
27130,2,20/01/2026,Shopping Bela Vista
27131,0,20/01/2026,Shopping Bela Vista
27132,0,20/01/2026,Shopping Bela Vista
27133,1,20/01/2026,Shopping Bela Vista
27184,0,20/01/2026,Shopping Bela Vista
27188,3,20/01/2026,Shopping Bela Vista
27189,1,20/01/2026,Shopping Bela Vista
27190,0,20/01/2026,Shopping Bela Vista
27191,0,20/01/2026,Shopping Bela Vista
27192,0,20/01/2026,Shopping Bela Vista
27193,0,20/01/2026,Shopping Bela Vista
27211,0,20/01/2026,Shopping Bela Vista
27219,0,20/01/2026,Shopping Bela Vista
27227,1,20/01/2026,Shopping Bela Vista
27229,0,20/01/2026,Shopping Bela Vista
27230,0,20/01/2026,Shopping Bela Vista
27231,0,20/01/2026,Shopping Bela Vista
27233,0,20/01/2026,Shopping Bela Vista
27234,0,20/01/2026,Shopping Bela Vista
27235,1,20/01/2026,Shopping Bela Vista
27238,2,20/01/2026,Shopping Bela Vista
27251,0,20/01/2026,Shopping Bela Vista
27252,0,20/01/2026,Shopping Bela Vista
27253,0,20/01/2026,Shopping Bela Vista
27254,0,20/01/2026,Shopping Bela Vista
27256,2,20/01/2026,Shopping Bela Vista
27257,2,20/01/2026,Shopping Bela Vista
27258,2,20/01/2026,Shopping Bela Vista
27259,2,20/01/2026,Shopping Bela Vista
27260,2,20/01/2026,Shopping Bela Vista
27261,1,20/01/2026,Shopping Bela Vista
27262,0,20/01/2026,Shopping Bela Vista
27263,0,20/01/2026,Shopping Bela Vista
27264,0,20/01/2026,Shopping Bela Vista
27265,0,20/01/2026,Shopping Bela Vista
27273,0,20/01/2026,Shopping Bela Vista
27274,0,20/01/2026,Shopping Bela Vista
27275,0,20/01/2026,Shopping Bela Vista
27276,0,20/01/2026,Shopping Bela Vista
27277,0,20/01/2026,Shopping Bela Vista
27278,0,20/01/2026,Shopping Bela Vista
27279,0,20/01/2026,Shopping Bela Vista
27280,0,20/01/2026,Shopping Bela Vista
27281,0,20/01/2026,Shopping Bela Vista
27282,0,20/01/2026,Shopping Bela Vista
27283,1,20/01/2026,Shopping Bela Vista
27284,1,20/01/2026,Shopping Bela Vista
27285,1,20/01/2026,Shopping Bela Vista
27286,1,20/01/2026,Shopping Bela Vista
27287,0,20/01/2026,Shopping Bela Vista
27449,0,20/01/2026,Shopping Bela Vista
27482,0,20/01/2026,Shopping Bela Vista
27483,0,20/01/2026,Shopping Bela Vista
27491,1,20/01/2026,Shopping Bela Vista
27495,2,20/01/2026,Shopping Bela Vista
27496,2,20/01/2026,Shopping Bela Vista
27497,2,20/01/2026,Shopping Bela Vista
27498,1,20/01/2026,Shopping Bela Vista
27509,1,20/01/2026,Shopping Bela Vista
27510,0,20/01/2026,Shopping Bela Vista
27511,0,20/01/2026,Shopping Bela Vista
27532,0,20/01/2026,Shopping Bela Vista
27533,0,20/01/2026,Shopping Bela Vista
27534,0,20/01/2026,Shopping Bela Vista
27535,0,20/01/2026,Shopping Bela Vista
27537,0,20/01/2026,Shopping Bela Vista
27538,0,20/01/2026,Shopping Bela Vista
27539,0,20/01/2026,Shopping Bela Vista
27540,0,20/01/2026,Shopping Bela Vista
27541,0,20/01/2026,Shopping Bela Vista
27551,0,20/01/2026,Shopping Bela Vista
27634,0,20/01/2026,Shopping Bela Vista
27660,0,20/01/2026,Shopping Bela Vista
27662,0,20/01/2026,Shopping Bela Vista
27669,0,20/01/2026,Shopping Bela Vista
27673,0,20/01/2026,Shopping Bela Vista
27715,0,20/01/2026,Shopping Bela Vista
27716,0,20/01/2026,Shopping Bela Vista
27717,0,20/01/2026,Shopping Bela Vista
27718,0,20/01/2026,Shopping Bela Vista
27746,1,20/01/2026,Shopping Bela Vista
27768,0,20/01/2026,Shopping Bela Vista
27769,0,20/01/2026,Shopping Bela Vista
27770,0,20/01/2026,Shopping Bela Vista
27771,0,20/01/2026,Shopping Bela Vista
27772,0,20/01/2026,Shopping Bela Vista
27773,0,20/01/2026,Shopping Bela Vista
27774,0,20/01/2026,Shopping Bela Vista
27775,0,20/01/2026,Shopping Bela Vista
27776,0,20/01/2026,Shopping Bela Vista
27777,0,20/01/2026,Shopping Bela Vista
27779,0,20/01/2026,Shopping Bela Vista
27780,0,20/01/2026,Shopping Bela Vista
27781,0,20/01/2026,Shopping Bela Vista
27782,0,20/01/2026,Shopping Bela Vista
27783,0,20/01/2026,Shopping Bela Vista
27784,0,20/01/2026,Shopping Bela Vista
27785,0,20/01/2026,Shopping Bela Vista
27786,0,20/01/2026,Shopping Bela Vista
27789,0,20/01/2026,Shopping Bela Vista
27790,0,20/01/2026,Shopping Bela Vista
27794,0,20/01/2026,Shopping Bela Vista
27795,0,20/01/2026,Shopping Bela Vista
27799,0,20/01/2026,Shopping Bela Vista
27800,0,20/01/2026,Shopping Bela Vista
27803,0,20/01/2026,Shopping Bela Vista
27804,0,20/01/2026,Shopping Bela Vista
27809,0,20/01/2026,Shopping Bela Vista
27810,0,20/01/2026,Shopping Bela Vista
27811,0,20/01/2026,Shopping Bela Vista
27812,0,20/01/2026,Shopping Bela Vista
27814,0,20/01/2026,Shopping Bela Vista
27815,0,20/01/2026,Shopping Bela Vista
27818,0,20/01/2026,Shopping Bela Vista
27821,0,20/01/2026,Shopping Bela Vista
27822,0,20/01/2026,Shopping Bela Vista
27823,0,20/01/2026,Shopping Bela Vista
27824,0,20/01/2026,Shopping Bela Vista
27825,0,20/01/2026,Shopping Bela Vista
27826,0,20/01/2026,Shopping Bela Vista
27833,0,20/01/2026,Shopping Bela Vista
27834,0,20/01/2026,Shopping Bela Vista
27835,0,20/01/2026,Shopping Bela Vista
27836,0,20/01/2026,Shopping Bela Vista
27837,0,20/01/2026,Shopping Bela Vista
27838,0,20/01/2026,Shopping Bela Vista
27839,0,20/01/2026,Shopping Bela Vista
27840,0,20/01/2026,Shopping Bela Vista
27908,0,20/01/2026,Shopping Bela Vista
27937,1,20/01/2026,Shopping Bela Vista
27938,1,20/01/2026,Shopping Bela Vista
27950,0,20/01/2026,Shopping Bela Vista
27951,0,20/01/2026,Shopping Bela Vista
27952,0,20/01/2026,Shopping Bela Vista
27953,0,20/01/2026,Shopping Bela Vista
27954,0,20/01/2026,Shopping Bela Vista
27956,0,20/01/2026,Shopping Bela Vista
27957,0,20/01/2026,Shopping Bela Vista
27958,0,20/01/2026,Shopping Bela Vista
27959,0,20/01/2026,Shopping Bela Vista
27960,0,20/01/2026,Shopping Bela Vista
27973,0,20/01/2026,Shopping Bela Vista
28040,0,20/01/2026,Shopping Bela Vista
28043,0,20/01/2026,Shopping Bela Vista
28092,0,20/01/2026,Shopping Bela Vista
28101,0,20/01/2026,Shopping Bela Vista
28109,0,20/01/2026,Shopping Bela Vista
28414,0,20/01/2026,Shopping Bela Vista
28456,0,20/01/2026,Shopping Bela Vista
28457,0,20/01/2026,Shopping Bela Vista
28570,0,20/01/2026,Shopping Bela Vista
28597,0,20/01/2026,Shopping Bela Vista
28693,1,20/01/2026,Shopping Bela Vista
28695,0,20/01/2026,Shopping Bela Vista
28696,0,20/01/2026,Shopping Bela Vista
28697,0,20/01/2026,Shopping Bela Vista
28698,0,20/01/2026,Shopping Bela Vista
28729,0,20/01/2026,Shopping Bela Vista
28730,0,20/01/2026,Shopping Bela Vista
28731,0,20/01/2026,Shopping Bela Vista
28732,0,20/01/2026,Shopping Bela Vista
28733,0,20/01/2026,Shopping Bela Vista
28734,0,20/01/2026,Shopping Bela Vista
28735,0,20/01/2026,Shopping Bela Vista
28736,0,20/01/2026,Shopping Bela Vista
28737,0,20/01/2026,Shopping Bela Vista
28738,0,20/01/2026,Shopping Bela Vista
28739,0,20/01/2026,Shopping Bela Vista
28740,0,20/01/2026,Shopping Bela Vista
28741,0,20/01/2026,Shopping Bela Vista
28742,0,20/01/2026,Shopping Bela Vista
28743,0,20/01/2026,Shopping Bela Vista
28744,0,20/01/2026,Shopping Bela Vista
28745,0,20/01/2026,Shopping Bela Vista
28746,0,20/01/2026,Shopping Bela Vista
28747,0,20/01/2026,Shopping Bela Vista
28817,0,20/01/2026,Shopping Bela Vista
28818,0,20/01/2026,Shopping Bela Vista
28819,0,20/01/2026,Shopping Bela Vista
28820,0,20/01/2026,Shopping Bela Vista
28821,0,20/01/2026,Shopping Bela Vista
28822,0,20/01/2026,Shopping Bela Vista
28823,0,20/01/2026,Shopping Bela Vista
28824,0,20/01/2026,Shopping Bela Vista
28825,0,20/01/2026,Shopping Bela Vista
28826,0,20/01/2026,Shopping Bela Vista
28827,0,20/01/2026,Shopping Bela Vista
28828,0,20/01/2026,Shopping Bela Vista
28829,0,20/01/2026,Shopping Bela Vista
28833,0,20/01/2026,Shopping Bela Vista
28837,0,20/01/2026,Shopping Bela Vista
28838,0,20/01/2026,Shopping Bela Vista
27717,0,20/01/2026,Shopping Manauara
27718,3,20/01/2026,Shopping Manauara
27746,2,20/01/2026,Shopping Manauara
27768,2,20/01/2026,Shopping Manauara
27769,2,20/01/2026,Shopping Manauara
27770,2,20/01/2026,Shopping Manauara
27771,2,20/01/2026,Shopping Manauara
27772,1,20/01/2026,Shopping Manauara
27773,0,20/01/2026,Shopping Manauara
27774,0,20/01/2026,Shopping Manauara
27775,0,20/01/2026,Shopping Manauara
27776,0,20/01/2026,Shopping Manauara
27777,0,20/01/2026,Shopping Manauara
27779,1,20/01/2026,Shopping Manauara
27780,0,20/01/2026,Shopping Manauara
27781,0,20/01/2026,Shopping Manauara
27782,1,20/01/2026,Shopping Manauara
27783,0,20/01/2026,Shopping Manauara
27784,2,20/01/2026,Shopping Manauara
27785,2,20/01/2026,Shopping Manauara
27786,2,20/01/2026,Shopping Manauara
27789,0,20/01/2026,Shopping Manauara
27790,0,20/01/2026,Shopping Manauara
27794,0,20/01/2026,Shopping Manauara
27795,0,20/01/2026,Shopping Manauara
27799,0,20/01/2026,Shopping Manauara
27800,0,20/01/2026,Shopping Manauara
27803,0,20/01/2026,Shopping Manauara
27804,0,20/01/2026,Shopping Manauara
27809,0,20/01/2026,Shopping Manauara
27810,0,20/01/2026,Shopping Manauara
27811,0,20/01/2026,Shopping Manauara
27812,0,20/01/2026,Shopping Manauara
27814,0,20/01/2026,Shopping Manauara
27815,1,20/01/2026,Shopping Manauara
27818,1,20/01/2026,Shopping Manauara
27821,1,20/01/2026,Shopping Manauara
27822,1,20/01/2026,Shopping Manauara
27823,1,20/01/2026,Shopping Manauara
27824,1,20/01/2026,Shopping Manauara
27825,1,20/01/2026,Shopping Manauara
27826,1,20/01/2026,Shopping Manauara
27833,0,20/01/2026,Shopping Manauara
27834,0,20/01/2026,Shopping Manauara
27835,0,20/01/2026,Shopping Manauara
27836,0,20/01/2026,Shopping Manauara
27837,0,20/01/2026,Shopping Manauara
27838,0,20/01/2026,Shopping Manauara
27839,0,20/01/2026,Shopping Manauara
27840,0,20/01/2026,Shopping Manauara
27908,0,20/01/2026,Shopping Manauara
27937,2,20/01/2026,Shopping Manauara
27938,2,20/01/2026,Shopping Manauara
27950,1,20/01/2026,Shopping Manauara
27951,1,20/01/2026,Shopping Manauara
27952,0,20/01/2026,Shopping Manauara
27953,0,20/01/2026,Shopping Manauara
27954,0,20/01/2026,Shopping Manauara
27956,0,20/01/2026,Shopping Manauara
27957,0,20/01/2026,Shopping Manauara
27958,0,20/01/2026,Shopping Manauara
27959,0,20/01/2026,Shopping Manauara
27960,0,20/01/2026,Shopping Manauara
27973,0,20/01/2026,Shopping Manauara
28040,0,20/01/2026,Shopping Manauara
28043,0,20/01/2026,Shopping Manauara
28092,0,20/01/2026,Shopping Manauara
28101,0,20/01/2026,Shopping Manauara
28109,0,20/01/2026,Shopping Manauara
28414,0,20/01/2026,Shopping Manauara
28456,1,20/01/2026,Shopping Manauara
28457,0,20/01/2026,Shopping Manauara
28570,0,20/01/2026,Shopping Manauara
28597,0,20/01/2026,Shopping Manauara
28693,0,20/01/2026,Shopping Manauara
28695,1,20/01/2026,Shopping Manauara
28696,1,20/01/2026,Shopping Manauara
28697,0,20/01/2026,Shopping Manauara
28698,0,20/01/2026,Shopping Manauara
28729,0,20/01/2026,Shopping Manauara
28730,0,20/01/2026,Shopping Manauara
28731,0,20/01/2026,Shopping Manauara
28732,0,20/01/2026,Shopping Manauara
28733,0,20/01/2026,Shopping Manauara
28734,0,20/01/2026,Shopping Manauara
28735,0,20/01/2026,Shopping Manauara
28736,0,20/01/2026,Shopping Manauara
28737,0,20/01/2026,Shopping Manauara
28738,0,20/01/2026,Shopping Manauara
28739,0,20/01/2026,Shopping Manauara
28740,0,20/01/2026,Shopping Manauara
28741,0,20/01/2026,Shopping Manauara
28742,0,20/01/2026,Shopping Manauara
28743,0,20/01/2026,Shopping Manauara
28744,0,20/01/2026,Shopping Manauara
28745,0,20/01/2026,Shopping Manauara
28746,0,20/01/2026,Shopping Manauara
28747,0,20/01/2026,Shopping Manauara
28817,0,20/01/2026,Shopping Manauara
28818,0,20/01/2026,Shopping Manauara
28819,0,20/01/2026,Shopping Manauara
28820,0,20/01/2026,Shopping Manauara
28821,0,20/01/2026,Shopping Manauara
28822,0,20/01/2026,Shopping Manauara
28823,0,20/01/2026,Shopping Manauara
28824,0,20/01/2026,Shopping Manauara
28825,0,20/01/2026,Shopping Manauara
28826,0,20/01/2026,Shopping Manauara
28827,0,20/01/2026,Shopping Manauara
28828,0,20/01/2026,Shopping Manauara
28829,0,20/01/2026,Shopping Manauara
28833,0,20/01/2026,Shopping Manauara
28837,0,20/01/2026,Shopping Manauara
28838,0,20/01/2026,Shopping Manauara
27717,0,20/01/2026,Parque Shopping Maceio
27718,2,20/01/2026,Parque Shopping Maceio
27746,2,20/01/2026,Parque Shopping Maceio
27768,2,20/01/2026,Parque Shopping Maceio
27769,1,20/01/2026,Parque Shopping Maceio
27770,1,20/01/2026,Parque Shopping Maceio
27771,1,20/01/2026,Parque Shopping Maceio
27772,1,20/01/2026,Parque Shopping Maceio
27773,0,20/01/2026,Parque Shopping Maceio
27774,0,20/01/2026,Parque Shopping Maceio
27775,0,20/01/2026,Parque Shopping Maceio
27776,0,20/01/2026,Parque Shopping Maceio
27777,0,20/01/2026,Parque Shopping Maceio
27779,1,20/01/2026,Parque Shopping Maceio
27780,0,20/01/2026,Parque Shopping Maceio
27781,1,20/01/2026,Parque Shopping Maceio
27782,2,20/01/2026,Parque Shopping Maceio
27783,1,20/01/2026,Parque Shopping Maceio
27784,1,20/01/2026,Parque Shopping Maceio
27785,2,20/01/2026,Parque Shopping Maceio
27786,2,20/01/2026,Parque Shopping Maceio
27789,0,20/01/2026,Parque Shopping Maceio
27790,1,20/01/2026,Parque Shopping Maceio
27794,0,20/01/2026,Parque Shopping Maceio
27795,0,20/01/2026,Parque Shopping Maceio
27799,1,20/01/2026,Parque Shopping Maceio
27800,1,20/01/2026,Parque Shopping Maceio
27803,1,20/01/2026,Parque Shopping Maceio
27804,1,20/01/2026,Parque Shopping Maceio
27809,0,20/01/2026,Parque Shopping Maceio
27810,0,20/01/2026,Parque Shopping Maceio
27811,0,20/01/2026,Parque Shopping Maceio
27812,0,20/01/2026,Parque Shopping Maceio
27814,0,20/01/2026,Parque Shopping Maceio
27815,1,20/01/2026,Parque Shopping Maceio
27818,0,20/01/2026,Parque Shopping Maceio
27821,1,20/01/2026,Parque Shopping Maceio
27822,1,20/01/2026,Parque Shopping Maceio
27823,1,20/01/2026,Parque Shopping Maceio
27824,1,20/01/2026,Parque Shopping Maceio
27825,1,20/01/2026,Parque Shopping Maceio
27826,1,20/01/2026,Parque Shopping Maceio
27833,1,20/01/2026,Parque Shopping Maceio
27834,0,20/01/2026,Parque Shopping Maceio
27835,1,20/01/2026,Parque Shopping Maceio
27836,0,20/01/2026,Parque Shopping Maceio
27837,0,20/01/2026,Parque Shopping Maceio
27838,0,20/01/2026,Parque Shopping Maceio
27839,1,20/01/2026,Parque Shopping Maceio
27840,0,20/01/2026,Parque Shopping Maceio
27908,0,20/01/2026,Parque Shopping Maceio
27937,0,20/01/2026,Parque Shopping Maceio
27938,2,20/01/2026,Parque Shopping Maceio
27950,1,20/01/2026,Parque Shopping Maceio
27951,0,20/01/2026,Parque Shopping Maceio
27952,0,20/01/2026,Parque Shopping Maceio
27953,0,20/01/2026,Parque Shopping Maceio
27954,0,20/01/2026,Parque Shopping Maceio
27956,0,20/01/2026,Parque Shopping Maceio
27957,0,20/01/2026,Parque Shopping Maceio
27958,0,20/01/2026,Parque Shopping Maceio
27959,1,20/01/2026,Parque Shopping Maceio
27960,0,20/01/2026,Parque Shopping Maceio
27973,2,20/01/2026,Parque Shopping Maceio
28040,0,20/01/2026,Parque Shopping Maceio
28043,0,20/01/2026,Parque Shopping Maceio
28092,0,20/01/2026,Parque Shopping Maceio
28101,1,20/01/2026,Parque Shopping Maceio
28109,0,20/01/2026,Parque Shopping Maceio
28414,0,20/01/2026,Parque Shopping Maceio
28456,2,20/01/2026,Parque Shopping Maceio
28457,1,20/01/2026,Parque Shopping Maceio
28570,0,20/01/2026,Parque Shopping Maceio
28597,0,20/01/2026,Parque Shopping Maceio
28693,0,20/01/2026,Parque Shopping Maceio
28695,0,20/01/2026,Parque Shopping Maceio
28696,0,20/01/2026,Parque Shopping Maceio
28697,0,20/01/2026,Parque Shopping Maceio
28698,0,20/01/2026,Parque Shopping Maceio
28729,0,20/01/2026,Parque Shopping Maceio
28730,0,20/01/2026,Parque Shopping Maceio
28731,0,20/01/2026,Parque Shopping Maceio
28732,0,20/01/2026,Parque Shopping Maceio
28733,0,20/01/2026,Parque Shopping Maceio
28734,0,20/01/2026,Parque Shopping Maceio
28735,0,20/01/2026,Parque Shopping Maceio
28736,0,20/01/2026,Parque Shopping Maceio
28737,0,20/01/2026,Parque Shopping Maceio
28738,0,20/01/2026,Parque Shopping Maceio
28739,0,20/01/2026,Parque Shopping Maceio
28740,0,20/01/2026,Parque Shopping Maceio
28741,0,20/01/2026,Parque Shopping Maceio
28742,0,20/01/2026,Parque Shopping Maceio
28743,0,20/01/2026,Parque Shopping Maceio
28744,0,20/01/2026,Parque Shopping Maceio
28745,0,20/01/2026,Parque Shopping Maceio
28746,0,20/01/2026,Parque Shopping Maceio
28747,0,20/01/2026,Parque Shopping Maceio
28817,0,20/01/2026,Parque Shopping Maceio
28818,0,20/01/2026,Parque Shopping Maceio
28819,0,20/01/2026,Parque Shopping Maceio
28820,0,20/01/2026,Parque Shopping Maceio
28821,0,20/01/2026,Parque Shopping Maceio
28822,0,20/01/2026,Parque Shopping Maceio
28823,0,20/01/2026,Parque Shopping Maceio
28824,0,20/01/2026,Parque Shopping Maceio
28825,0,20/01/2026,Parque Shopping Maceio
28826,0,20/01/2026,Parque Shopping Maceio
28827,0,20/01/2026,Parque Shopping Maceio
28828,0,20/01/2026,Parque Shopping Maceio
28829,0,20/01/2026,Parque Shopping Maceio
28833,0,20/01/2026,Parque Shopping Maceio
28837,0,20/01/2026,Parque Shopping Maceio
28838,0,20/01/2026,Parque Shopping Maceio
27717,0,20/01/2026,Maceio Shopping
27718,0,20/01/2026,Maceio Shopping
27746,0,20/01/2026,Maceio Shopping
27768,0,20/01/2026,Maceio Shopping
27769,0,20/01/2026,Maceio Shopping
27770,0,20/01/2026,Maceio Shopping
27771,0,20/01/2026,Maceio Shopping
27772,0,20/01/2026,Maceio Shopping
27773,0,20/01/2026,Maceio Shopping
27774,0,20/01/2026,Maceio Shopping
27775,0,20/01/2026,Maceio Shopping
27776,0,20/01/2026,Maceio Shopping
27777,0,20/01/2026,Maceio Shopping
27779,0,20/01/2026,Maceio Shopping
27780,0,20/01/2026,Maceio Shopping
27781,0,20/01/2026,Maceio Shopping
27782,0,20/01/2026,Maceio Shopping
27783,0,20/01/2026,Maceio Shopping
27784,0,20/01/2026,Maceio Shopping
27785,0,20/01/2026,Maceio Shopping
27786,0,20/01/2026,Maceio Shopping
27789,0,20/01/2026,Maceio Shopping
27790,0,20/01/2026,Maceio Shopping
27794,0,20/01/2026,Maceio Shopping
27795,0,20/01/2026,Maceio Shopping
27799,0,20/01/2026,Maceio Shopping
27800,0,20/01/2026,Maceio Shopping
27803,0,20/01/2026,Maceio Shopping
27804,0,20/01/2026,Maceio Shopping
27809,0,20/01/2026,Maceio Shopping
27810,0,20/01/2026,Maceio Shopping
27811,0,20/01/2026,Maceio Shopping
27812,0,20/01/2026,Maceio Shopping
27814,0,20/01/2026,Maceio Shopping
27815,0,20/01/2026,Maceio Shopping
27818,0,20/01/2026,Maceio Shopping
27821,0,20/01/2026,Maceio Shopping
27822,0,20/01/2026,Maceio Shopping
27823,0,20/01/2026,Maceio Shopping
27824,0,20/01/2026,Maceio Shopping
27825,0,20/01/2026,Maceio Shopping
27826,0,20/01/2026,Maceio Shopping
27833,0,20/01/2026,Maceio Shopping
27834,0,20/01/2026,Maceio Shopping
27835,0,20/01/2026,Maceio Shopping
27836,0,20/01/2026,Maceio Shopping
27837,0,20/01/2026,Maceio Shopping
27838,0,20/01/2026,Maceio Shopping
27839,0,20/01/2026,Maceio Shopping
27840,0,20/01/2026,Maceio Shopping
27908,0,20/01/2026,Maceio Shopping
27937,0,20/01/2026,Maceio Shopping
27938,0,20/01/2026,Maceio Shopping
27950,0,20/01/2026,Maceio Shopping
27951,0,20/01/2026,Maceio Shopping
27952,0,20/01/2026,Maceio Shopping
27953,0,20/01/2026,Maceio Shopping
27954,0,20/01/2026,Maceio Shopping
27956,0,20/01/2026,Maceio Shopping
27957,0,20/01/2026,Maceio Shopping
27958,0,20/01/2026,Maceio Shopping
27959,0,20/01/2026,Maceio Shopping
27960,0,20/01/2026,Maceio Shopping
27973,0,20/01/2026,Maceio Shopping
28040,0,20/01/2026,Maceio Shopping
28043,0,20/01/2026,Maceio Shopping
28092,0,20/01/2026,Maceio Shopping
28101,0,20/01/2026,Maceio Shopping
28109,0,20/01/2026,Maceio Shopping
28414,0,20/01/2026,Maceio Shopping
28456,0,20/01/2026,Maceio Shopping
28457,0,20/01/2026,Maceio Shopping
28570,0,20/01/2026,Maceio Shopping
28597,0,20/01/2026,Maceio Shopping
28693,0,20/01/2026,Maceio Shopping
28695,0,20/01/2026,Maceio Shopping
28696,0,20/01/2026,Maceio Shopping
28697,0,20/01/2026,Maceio Shopping
28698,0,20/01/2026,Maceio Shopping
28729,0,20/01/2026,Maceio Shopping
28730,0,20/01/2026,Maceio Shopping
28731,0,20/01/2026,Maceio Shopping
28732,0,20/01/2026,Maceio Shopping
28733,0,20/01/2026,Maceio Shopping
28734,0,20/01/2026,Maceio Shopping
28735,0,20/01/2026,Maceio Shopping
28736,0,20/01/2026,Maceio Shopping
28737,0,20/01/2026,Maceio Shopping
28738,0,20/01/2026,Maceio Shopping
28739,0,20/01/2026,Maceio Shopping
28740,0,20/01/2026,Maceio Shopping
28741,0,20/01/2026,Maceio Shopping
28742,0,20/01/2026,Maceio Shopping
28743,0,20/01/2026,Maceio Shopping
28744,0,20/01/2026,Maceio Shopping
28745,0,20/01/2026,Maceio Shopping
28746,0,20/01/2026,Maceio Shopping
28747,0,20/01/2026,Maceio Shopping
28817,0,20/01/2026,Maceio Shopping
28818,0,20/01/2026,Maceio Shopping
28819,0,20/01/2026,Maceio Shopping
28820,0,20/01/2026,Maceio Shopping
28821,0,20/01/2026,Maceio Shopping
28822,0,20/01/2026,Maceio Shopping
28823,0,20/01/2026,Maceio Shopping
28824,0,20/01/2026,Maceio Shopping
28825,0,20/01/2026,Maceio Shopping
28826,0,20/01/2026,Maceio Shopping
28827,0,20/01/2026,Maceio Shopping
28828,0,20/01/2026,Maceio Shopping
28829,0,20/01/2026,Maceio Shopping
28833,0,20/01/2026,Maceio Shopping
28837,0,20/01/2026,Maceio Shopping
28838,0,20/01/2026,Maceio Shopping